name,tmdb_id,headshot_url,popularity,cost,gender,birth_year,biography,known_for,keywords,notes,ui_status,archetype,strengths,weaknesses,best_cast_as,signature_quality,career_stage,casting_profile,deep_dive_date,salary_estimate
Chuck Norris,51576,https://image.tmdb.org/t/p/w500/m3uLikdhi9qObRvGVHsKX5H93lR.jpg,49.0489,6,male,1940,"Carlos Ray ""Chuck"" Norris (March 10, 1940 – March 19, 2026) was an American martial artist and actor. He was a black belt in Karate, Taekwondo, Tang Soo Do, Brazilian jiu jitsu, and judo. After serving in the United States Air Force, Norris won many martial arts championships and later founded his own discipline, Chun Kuk Do. Shortly after, in Hollywood, Norris trained celebrities in martial arts. Norris went on to appear in a minor role in The Wrecking Crew (1968). Friend and fellow martial art",The Way of the Dragon; The Delta Force; The Expendables 2; Lone Wolf McQuade; Missing in Action,actor; action; thriller; adventure; drama,,,,,,,,,,,
Sydney Sweeney,115440,https://image.tmdb.org/t/p/w500/qYiaSl0Eb7G3VaxOg8PxExCFwon.jpg,34.7794,6,female,1997,"Sydney Bernice Sweeney (born September 12, 1997) is an American actress. She gained early recognition for her roles in Everything Sucks!, The Handmaid's Tale and Sharp Objects in 2018. She received wider acclaim for her performances in the drama series Euphoria (2019–present) and the first season of the anthology series The White Lotus (2021), both of which earned her nominations for Primetime Emmy Awards.  In film, Sweeney garnered critical acclaim for her performances in the drama film Reality",The Housemaid; Once Upon a Time... in Hollywood; Anyone But You; The Voyeurs; Eden,actor; drama; thriller; horror; comedy,,,,,,,,,,,
Debby Gerber,1450450,https://image.tmdb.org/t/p/w500/3zrrnh6tRyBaMzecoHkSqBpi2t3.jpg,30.3389,6,female,,"Debby Gerber is a Stella Adler trained and Award winning Actress living in Los Angeles and can soon be seen in the Feature Film 'The talking Tree', out in Theaters 2019, as Oscar nominated and Golden Globe winner Sally Kirkland's younger version. She won 'Best Actress' at the 'Festigious International Film Festival' in 2018 for her powerful ...",,actor; drama; horror; crime; thriller,,,,,,,,,,,
Julia Piaton,1074716,https://image.tmdb.org/t/p/w500/10QGSeZaq121UJgOizGFcW0SRku.jpg,30.3096,6,female,1985,"Julia Piaton (born 29 January 1985) is a French actress. She is mainly known for playing the role of Odile in Serial (Bad) Weddings and Aure Hazan in Family Business.  In 2014, she play Odile Verneuil in the hit comedy Serial (Bad) Weddings. She reprise her role in the two sequels, Serial (Bad) Weddings 2 released in 2019 and Serial (Bad) Weddings 3 released in 2022.  In 2017, she have the lead role in the TV mini-series The Frozen Dead.  In 2021, she received a nomination for the César Award fo",,actor; comedy; drama; romance; thriller,,,,,,,,,,,
Deng Kai,3152643,https://image.tmdb.org/t/p/w500/cefuRdyIZaVf0jaO5a0agqZWvMC.jpg,29.8795,6,male,1995,Deng Kai is a Chinese actor. He graduated from the Lu Xun Academy of Fine Arts and made his acting debut in 2018.,,actor; romance; comedy,,,,,,,,,,,
Jason Statham,976,https://image.tmdb.org/t/p/w500/pXGSq2UpcDE2NMF8LR56QZf5U1q.jpg,29.1334,6,male,1967,"Jason Statham (/ˈsteɪθəm/ STAY-thəm; born 26 July 1967) is an English actor and producer. He is known for portraying tough, gritty, or violent characters in various action thriller films and has been credited for leading the resurgence of action films during the 2000s and 2010s. By 2017, his films had grossed over £1.1 billion ($1.5 billion), making him one of the industry's most bankable stars.  While working at local market stalls, Statham began practising Chinese martial arts, kickboxing, and",Shelter; A Working Man; Fast X; The Beekeeper; Wrath of Man,actor; action; thriller; crime; drama,,,,,,,,,,,
Tom Holland,1136406,https://image.tmdb.org/t/p/w500/wheJbAGkE537n9GsFl3XbkeZLj7.jpg,26.7540,6,male,1996,"Thomas ""Tom"" Stanley Holland (born 1 June, 1996) is an English actor and dancer.  He is best known for playing Peter Parker / Spider-Man in the Marvel Cinematic Universe and has appeared as the character in seven films: Captain America: Civil War (2016), Spider-Man: Homecoming (2017), Avengers: Infinity War (2018), Avengers: Endgame (2019), Spider-Man: Far From Home (2019), Spider-Man: No Way Home (2021), and Spider-Man: Brand New Day (2026).  He is also known for playing the title role in Billy",Spider-Man: Brand New Day; Spider-Man: No Way Home; Avengers: Infinity War; Spider-Man: Homecoming; Spider-Man: Far From Home,actor; adventure; drama; action; sci-fi,,,,,,,,,,,
Tom Cruise,500,https://image.tmdb.org/t/p/w500/maf8PhSvDCdEwjEMbYfGpojR5RP.jpg,26.3920,6,male,1962,"Thomas Cruise Mapother IV (born July 3, 1962) is an American actor and film producer. Regarded as a Hollywood icon, he has received various accolades, including an Honorary Palme d'Or and three Golden Globe Awards, in addition to nominations for four Academy Awards. As of 2025, his films have grossed over $13.3 billion worldwide, placing him among the highest-grossing actors of all time. One of Hollywood's most bankable stars, he is consistently one of the world's highest-paid actors.  Cruise be",American Made; Mission: Impossible - The Final Reckoning; Top Gun: Maverick; Born on the Fourth of July; Eyes Wide Shut,actor; documentary; drama; action; adventure,,,,,,,,,,,
Matt Clark,2454,https://image.tmdb.org/t/p/w500/n5TJz5CaTqRXLpAOl0wHJXrPQOk.jpg,26.2027,6,male,1936,"​From Wikipedia, the free encyclopedia  Matt Clark (November 25, 1936 — March 15, 2026) was an American actor and director with credits in both film and television. Clark has played diverse character roles in Westerns, comedies, and dramas.  Clark was born in Washington D.C., the son of Theresa (née Castello), a teacher, and Frederick William Clark, a carpenter. Clark grew up in Conyers, Georgia. After serving in the military, he attended college at George Washington University, but later droppe",Back to the Future Part III; A Million Ways to Die in the West,actor; drama; western; thriller; action,,,,,,,,,,,
Jackie Chan,18897,https://image.tmdb.org/t/p/w500/nraZoTzwJQPHspAVsKfgl3RXKKa.jpg,24.8051,6,male,1954,"Jackie Chan (Chinese: 成龍; born 7 April 1954), Chan Kong-sang, is a Hong Kong actor, action choreographer, filmmaker, comedian, producer, martial artist, screenwriter, entrepreneur, singer and stunt performer. In his movies, he is known for his acrobatic fighting style, comic timing, use of improvised weapons, and innovative stunts. Jackie Chan has been acting since the 1970s and has appeared in over 100 films.  Chan has received stars on the Hong Kong Avenue of Stars and the Hollywood Walk of Fa",The Shadow's Edge; City Hunter; Karate Kid: Legends; Kung Fu Panda; Rush Hour,actor; action; comedy; drama; adventure,,,,,,,,,,,
Ryan Gosling,30614,https://image.tmdb.org/t/p/w500/k50021gkK92Lx6m99pBy6FUOvNf.jpg,24.5582,6,male,1980,"Ryan Thomas Gosling (born November 12, 1980) is a Canadian actor. Prominent in independent film, he has also worked in blockbuster films of varying genres, and has accrued a worldwide box office gross of over 1.9 billion USD. He has received various accolades, including a Golden Globe Award, and nominations for two Academy Awards and a BAFTA Award.  Born and raised in Canada, he rose to prominence at age 13 for being a child star on the Disney Channel's The Mickey Mouse Club (1993–1995), and wen",Project Hail Mary; Barbie; Blade Runner 2049; The Notebook; La La Land,actor; drama; comedy; romance; thriller,,,,,,,,,,,
Burton Gilliam,133952,https://image.tmdb.org/t/p/w500/ac02zgqz8Mz393CacSTI3wBXOjt.jpg,24.2889,6,male,1938,"Burton Gilliam (born August 9, 1938) is an American actor. He is best known for memorable roles in several popular 1970s movies, such as Blazing Saddles and Paper Moon, as well as comedic cameos in Back to the Future, Part III and Honeymoon in Vegas.",Back to the Future Part III,actor; comedy; drama; action; thriller,,,,,,,,,,,
Tian Xiwei,2430198,https://image.tmdb.org/t/p/w500/nbXm9FIa4e3jJ1KB3rKTiSNyeHC.jpg,23.6465,6,female,1997,"Tian Xi Wei is a Chinese actress born in Chongqing, China. She graduated from Shanghai Theatre Academy and officially entered showbiz in 2017 with her role in the 2018 series ""Waiting for You in a Long Time"".  Tian gained widespread recognition for her role as Li Wei in the popular drama New Life Begins (2022). Her other notable works include Romance on the Farm (2023), Wrong Carriage, Right Groom (2023), and Guardians of the Dafeng (2024), where she portrayed Princess Lin'an.",,actor; music; drama; crime; sci-fi,,,,,,,,,,,
Elle Chapman,3756947,https://image.tmdb.org/t/p/w500/mdsFuoFKxeocWYrFYLaV37UdsKb.jpg,22.0453,6,female,1999,,A Man Called Otto,actor; horror; drama; comedy; music,,,,,,,,,,,
Scarlett Johansson,1245,https://image.tmdb.org/t/p/w500/mjReG6rR7NPMEIWb1T4YWtV11ty.jpg,20.8593,6,female,1984,"Scarlett Ingrid Johansson (born November 22, 1984) is an American actress. The world's highest-paid actress in 2018 and 2019, she has featured multiple times on the Forbes Celebrity 100 list. Her films have grossed over $14.3 billion worldwide, making Johansson the ninth-highest-grossing box office star of all time. She has received various accolades, including a Tony Award and a British Academy Film Award, in addition to nominations for two Academy Awards and five Golden Globe Awards.  Johansso",The Avengers; Avengers: Infinity War; Jurassic World Rebirth; Avengers: Endgame; Iron Man 2,actor; drama; comedy; documentary; sci-fi,,,,,,,,,,,
Zhang Linghe,3091887,https://image.tmdb.org/t/p/w500/qJtnyHBnv7t7sNCei2By1CJ9hwL.jpg,20.5843,6,male,1997,"Zhang Linghe (张凌赫) is a Chinese actor born in Wuxi, Jiangsu December 30, 1997. He was admitted to Nanjing Normal University in 2016. In addition to joining the Aerospace Agency, due to his interest in physics, he majored in Electrical Engineer in the School of Electrical and Automation Engineering. A chance meeting and discussion with an agent during this time lead him to discover a significant interest in acting, which steered him to pursue entering the show business circle.  He debuted as an a",,actor,,,,,,,,,,,
Timothée Chalamet,1190668,https://image.tmdb.org/t/p/w500/axENiFIrSz5B7UuWkMT7PDe7CaO.jpg,20.3498,6,male,1995,"Timothée Hal Chalamet (born December 27, 1995) is an American actor.  He began his career in television, appearing in the series Homeland. In 2014, he made his film debut in Men, Women & Children and appeared in Interstellar.  In 2017, he had a leading role in Call Me by Your Name. He later appeared in Lady Bird (2017), Beautiful Boy (2018), and Little Women (2019).  He has since taken on leading roles in Dune (2021–2026) and Wonka (2023), and appeared in A Complete Unknown (2024) and Marty Supr",Interstellar; Marty Supreme; Dune; Dune: Part Three; Dune: Part Two,actor; drama; comedy; romance; sci-fi,,,,,,,,,,,
Michael B. Jordan,135651,https://image.tmdb.org/t/p/w500/sMBpav8cK7t7Nk0yf4tuNOqNUyW.jpg,20.1072,6,male,1987,"Michael Bakari Jordan (/bɑːˈkɑːri/ bah-KAR-ee; born February 9, 1987) is an American actor, producer, and director. His accolades include an Academy Award, three Actor Awards, and a Producers Guild Award, in addition to nominations for a British Academy Film Award, a Golden Globe Award and two Emmy Awards. Jordan was named one of the 100 most influential people in the world by Time in 2020 and 2023, People's Sexiest Man Alive in 2020, and The New York Times ranked him 15th on its list of the 25 ",Sinners; Black Panther; Black Panther: Wakanda Forever; Creed; Creed II,actor; drama; action; sci-fi; thriller,,,,,,,,,,,
Jessie Buckley,1498158,https://image.tmdb.org/t/p/w500/qbz9175DERSqsCQeYWGJWwqb38z.jpg,18.8437,4,female,1989,"Jessie Buckley (born 28 December 1989) is an Irish actress and singer. Her accolades include the Academy Award for Best Actress (becoming the first Irish woman to win the award), a British Academy Film Award, an Actor Award, a Golden Globe Award, and a Scottish BAFTA, in addition to an additional nomination for an Academy Award.  Buckley began her career in 2008 as a contestant on the BBC talent show I'd Do Anything, in which she came second. A RADA graduate, her early onscreen appearances were ",Hamnet; The Bride!; Dolittle,actor; drama; romance; history; fantasy,,,,,,,,,,,
Momo Asakura,1530922,https://image.tmdb.org/t/p/w500/gdzYEujO3I5nZCyAx95Mo47fZ86.jpg,11.6881,4,female,1994,"Momo Asakura is a Japanese voice actress and singer from Fukuoka Prefecture, employed by Music Ray'n. After passing an audition held by Music Ray'n, she made her voice acting debut as Yumi in the anime My Little Monster in 2012. She played her first main role as Ayumi Otosaka in the 2015 anime television series Charlotte.  In 2015 She form a group Unit call ""Try Sail"" 3 voice actress (Momo Asakura, Sora Amamiya, Shiina Natsukawa), Mange by Sony's Music Ray's Subdivision. Their 1st single ""Whiz"" ",,actor; music; animation; drama; comedy,,,,,,,,,,,
Ji Chang-wook,1253391,https://image.tmdb.org/t/p/w500/sBmHrO5Tn27Ot5hy0yAKniROmNb.jpg,16.6689,4,male,1987,"Ji Chang-wook (born July 5, 1987) is a South Korean actor and singer. He rose to fame for playing the lead role of Dong-hae in daily drama series Smile Again (2010–2011), and has had notable lead roles in television series such as Warrior Baek Dong-soo (2011), Empress Ki (2013–2014), Healer (2014–2015), The K2 (2016), Suspicious Partner (2017), Melting Me Softly (2019), Backstreet Rookie (2020), Lovestruck in the City (2020–2021), The Sound of Magic (2022), If You Wish Upon Me (2022), The Worst ",,actor; thriller; drama; crime; action,,,,,,,,,,,
Alan Ritchson,64295,https://image.tmdb.org/t/p/w500/92YNEEpCyugkTzPprJwZpvVtvuK.jpg,23.0858,6,male,1982,"Alan Michael Ritchson (born November 28, 1982) is an American actor. He made his acting debut as Aquaman / Arthur Curry on The CW superhero series Smallville (2005–10), where he appeared as a guest star between the fifth and 10th seasons. He subsequently had a starring role in the Spike TV sitcom Blue Mountain State (2010–2012), a role he reprised in the 2016 film sequel. He also headlined the SyFy action series Blood Drive (2017), and returned to superhero television as Hank Hall / Hawk on the ",War Machine; Playdate; Fast X; The Hunger Games: Catching Fire; Teenage Mutant Ninja Turtles,actor; action; comedy; drama; sci-fi,,,,,,,,,,,
Leonardo DiCaprio,6193,https://image.tmdb.org/t/p/w500/wo2hJpn04vbtmh0B9utCFdsQhxM.jpg,15.7573,4,male,1974,"Leonardo Wilhelm DiCaprio (born November 11, 1974) is an American actor and film producer. Known for his work in biopics and period films, DiCaprio is the recipient of numerous accolades, including an Academy Award, a British Academy Film Award, and three Golden Globe Awards. As of 2019, his films have grossed over $7.2 billion worldwide, and he has been placed eight times in annual rankings of the world's highest-paid actors.  Born in Los Angeles, DiCaprio began his career in the late 1980s by ",One Battle After Another; Titanic; Inception; The Wolf of Wall Street; Don't Look Up,actor; documentary; drama; thriller; crime,,,,,,,,,,,
Tom Hanks,31,https://image.tmdb.org/t/p/w500/eKF1sGJRrZJbfBG1KirPt1cfNd3.jpg,16.7473,4,male,1956,"Thomas Jeffrey Hanks (born July 9, 1956) is an American actor and filmmaker. Known for both his comedic and dramatic roles, Hanks is one of the most popular and recognizable film stars worldwide, and is widely regarded as an American cultural icon.  Hanks made his breakthrough with leading roles in the comedies Splash (1984) and Big (1988). He won two consecutive Academy Awards for Best Actor for starring as a gay lawyer suffering from AIDS in Philadelphia (1993) and a young man with below-avera",Forrest Gump; The Green Mile; Toy Story; Toy Story 3; Toy Story 2,actor; documentary; comedy; drama; family,,,,,,,,,,,
Sandra Ng Kwan-Yu,88495,https://image.tmdb.org/t/p/w500/4x5DKG7EFjYxOa9RfV0YkKyheEG.jpg,13.6110,4,female,1965,"The daughter of Ng Kam-Chuen, Sandra Ng Kwan-Yu (Chinese: 吳君如) was born in Hong Kong, where she attended St. Stephen's Girls' College. Encouraged by her parents, she began her entertainment career at the age of 16. She is most known through her comic roles, where she often pokes fun at her plain looks. She has frequently collaborated with Stephen Chow, notably in All for the Winner, Magnificent Scoundrels and Royal Tramp, among others. In a career spanning over 20 years, she has filmed over 100 ",Naked Ambition 3D,actor; comedy; action; drama; romance,,,,,,,,,,,
Kaori Asô,552635,https://image.tmdb.org/t/p/w500/AoAjVf5jNfGPEIQGJL7FKNy05N0.jpg,13.8541,4,female,1963,"Kaori Asô (麻生 かおり, Asô Kaori, born March 17, 1963) is a former Japanese actress. She was the last leading actress of Nikkatsu Roman Porno.  She originally went by the name Takahashi Kaori (高橋かおり), but changed her name to Kaori Asô after there was another actress with the same name.",Waisetsuna onna: Kuroi hada ni naku,actor; drama; horror; thriller; comedy,,,,,,,,,,,
Cillian Murphy,2037,https://image.tmdb.org/t/p/w500/dm6V24NjjvjMiCtbMkc8Y2WPm2e.jpg,15.6173,4,male,1976,"Cillian Murphy (born May 25, 1976) is an Irish actor.  He made his professional debut in Enda Walsh's 1996 play Disco Pigs, a role he later reprised in the 2001 screen adaptation. His early notable film credits include the horror film 28 Days Later (2002), the dark comedy Intermission (2003), the thriller Red Eye (2005), the Irish war drama The Wind That Shakes the Barley (2006), and the science fiction thriller Sunshine (2007). He played a transgender Irish woman in the comedy-drama Breakfast o",Peaky Blinders: The Immortal Man; 28 Years Later: The Bone Temple; Oppenheimer; The Dark Knight; Inception,actor; drama; thriller; crime; action,,,,,,,,,,,
Penélope Cruz,955,https://image.tmdb.org/t/p/w500/2Lbc8QXgHik1D1saPqQ5qEWwUEh.jpg,14.8109,4,female,1974,"Penélope Cruz Sánchez (born 28 April 1974) is a Spanish actress. Prolific in Spanish and English-language films, her accolades include an Academy Award, a BAFTA Award, a David di Donatello and three Goya Awards.  Cruz made her television acting debut at age 16, and her feature film debut the following year in Jamón Jamón (1992). Her subsequent roles included Belle Époque (1992), Open Your Eyes (1997), Don Juan (1998), The Hi-Lo Country (1999), The Girl of Your Dreams (2000) and Woman on Top (200",The Bride!; Zoolander 2; Pirates of the Caribbean: On Stranger Tides; Murder on the Orient Express; Sahara,actor; drama; comedy; romance; documentary,,,,,,,,,,,
Álvaro Viguera,1532168,,16.9534,4,,,,,actor; drama; comedy; crime; mystery,,,,,,,,,,,
Sadie Sink,1590797,https://image.tmdb.org/t/p/w500/m9OyHAyOx56Pm3JruEBqh4p9XeX.jpg,14.5707,4,female,2002,"Sadie Elizabeth Sink (born April 16, 2002) is an American actress. She began her acting career in theatre, playing the title role in the musical Annie (2012–14) and young Elizabeth II in the historical play The Audience (2015) on Broadway. In 2016, she made her film debut in the biographical sports drama Chuck.  Sink had her breakthrough portraying Max Mayfield in the Netflix science fiction series Stranger Things (2017–2025) and received critical acclaim for her performance in its fourth season",Spider-Man: Brand New Day; Avengers: Secret Wars; The Whale,actor; drama; horror; sci-fi; documentary,,,,,,,,,,,
Jacob Elordi,2034418,https://image.tmdb.org/t/p/w500/1csUnKCfwqcsd796N8uPQoDRA6x.jpg,12.8919,4,male,1997,"Jacob Elordi (born 26 June 1997) is an Australian actor. After moving to Los Angeles in 2017 to pursue an acting career, he gained prominence with his role as Noah Flynn, the bad boy love interest, in Netflix's The Kissing Booth film series (2018–2021). He also became known for his role as troubled high school football player Nate Jacobs in HBO's teen drama series Euphoria (2019–present). In 2023, he starred as Elvis Presley in the biographical film Priscilla and as a wealthy university student ","""Wuthering Heights""; Frankenstein; Deep Water; Saltburn; The Kissing Booth",actor; drama; romance; comedy; thriller,,,,,,,,,,,
Brad Pitt,287,https://image.tmdb.org/t/p/w500/cckcYc2v0yh1tc9QjRelptcOBko.jpg,14.0830,4,male,1963,"William Bradley Pitt (born December 18, 1963) is an American actor and film producer. In a film career spanning more than thirty years, Pitt has received numerous accolades, including two Academy Awards, two British Academy Film Awards, two Golden Globe Awards, two Primetime Emmy Awards and one Volpi Cup. His films as a leading actor have grossed over $7.5 billion worldwide.  Pitt first gained recognition as a cowboy hitchhiker in the Ridley Scott road film Thelma & Louise (1991). Pitt emerged a",F1; Fight Club; Se7en; Fury; Inglourious Basterds,actor; drama; comedy; documentary; thriller,,,,,,,,,,,
Laura Yenga,2909353,https://image.tmdb.org/t/p/w500/qr6P2QoVSE7rsiRjZVuRSDUNOyJ.jpg,9.1206,4,female,,,,actor; comedy; romance; drama; thriller,,,,,,,,,,,
Emma Stone,54693,https://image.tmdb.org/t/p/w500/cZ8a3QvAnj2cgcgVL6g4XaqPzpL.jpg,13.8354,4,female,1988,"Emily Jean ""Emma"" Stone (born November 6, 1988) is an American actress and producer. She has won two Academy Awards, two BAFTA Awards, and two Golden Globe Awards. Her career began at Phoenix's Valley Youth Theatre with The Wind in the Willows (2000) and at fifteen, she moved to Los Angeles, debuting in an unsold television pilot, In Search of the New Partridge Family (2004). Stone gained recognition through teen comedies like Superbad (2007), Zombieland (2009), and Easy A (2010), her first star",The Amazing Spider-Man; Bugonia; The Amazing Spider-Man 2; Cruella; La La Land,actor; comedy; drama; romance; documentary,,,,,,,,,,,
Ana de Armas,224513,https://image.tmdb.org/t/p/w500/3vxvsmYLTf4jnr163SUlBIw51ee.jpg,13.9922,4,female,1988,"Ana Celia de Armas Caso (Spanish pronunciation:[ˈana ˈselja ðe ˈaɾmas ˈkaso]; born 30 April 1988) is a Cuban, American and Spanish actress. She began her career in Cuba with a leading role in the romantic drama Una rosa de Francia (2006). At 18, she moved to Madrid, Spain, and starred in the popular drama El Internado (2007–2010). After moving to Los Angeles, de Armas had English-speaking roles in the psychological thriller Knock Knock (2015) and the comedy-crime film War Dogs (2016).  De Armas ",Blade Runner 2049; Ballerina; Knives Out; No Time to Die; Deep Water,actor; drama; thriller; crime; action,,,,,,,,,,,
Jenna Ortega,974169,https://image.tmdb.org/t/p/w500/854rj5SbT5byEQsSIGuNny8d3EN.jpg,13.5535,4,female,2002,"Jenna Marie Ortega (born September 27, 2002) is an American actress. She began her career as a child and received recognition for her role as a younger version of Jane in The CW comedy-drama series Jane the Virgin (2014–2019). She then won an Imagen Award for her leading role as Harley Diaz in the Disney Channel series Stuck in the Middle (2016–2018). She played Ellie Alves in the thriller series You (2019) and starred in the family film Yes Day (2021), both for Netflix.  In the drama film The F",Scream; Scream VI; Iron Man 3; Beetlejuice Beetlejuice; X,actor; comedy; drama; horror; thriller,,,,,,,,,,,
Megan Fox,19537,https://image.tmdb.org/t/p/w500/zQp2YM0zbC27Ws97LNbyicysk8p.jpg,14.2395,4,female,1986,"Megan Denise Fox (born May 16, 1986) is an American businesswoman, entrepreneur, model, actress, producer, director, writer and host. She made her acting debut in the family film Holiday in the Sun (2001), which was followed by numerous supporting roles in film and television, such as the teen musical comedy Confessions of a Teenage Drama Queen (2004), as well as a starring role in the ABC sitcom Hope & Faith (2004–2006). Her breakout role was as Mikaela Banes in the blockbuster action film Tran",Five Nights at Freddy's 2; Expend4bles; Teenage Mutant Ninja Turtles; Bad Boys II; Subservience,actor; comedy; action; thriller; drama,,,,,,,,,,,
Meenakshi Dinesh,3302727,https://image.tmdb.org/t/p/w500/o0YtfGpdX0wozp2ASeW4pmveEuO.jpg,15.5650,4,female,1999,"Meenakshi Dinesh is a Malayalam film actress known for her work in Porinju Mariyam Jose (2019), Iratta (2023), Mission C (2021) and Journey of Love 18+ (2023).",Youth,actor; drama; comedy; thriller; action,,,,,,,,,,,
Vin Diesel,12835,https://image.tmdb.org/t/p/w500/nZdVry7lnUkE24PnXakok9okvL4.jpg,12.9402,4,male,1967,"Mark Sinclair (born July 18, 1967), known professionally as Vin Diesel, is an American actor and film producer. One of the world's highest-grossing actors, he is best known for portraying Dominic ""Dom"" Toretto in the Fast & Furious franchise.  Born in California, Diesel attended Hunter College in New York City, where studies in creative writing led him to begin screenwriting. He wrote, directed, produced, and starred in the short drama film Multi-Facial (1995) and his debut feature, Strays (1997",xXx; Avengers: Infinity War; Avengers: Endgame; Guardians of the Galaxy Vol. 3; Fast X,actor; action; sci-fi; crime; thriller,,,,,,,,,,,
Elle Fanning,18050,https://image.tmdb.org/t/p/w500/e8CUyxQSE99y5IOfzSLtHC0B0Ch.jpg,12.2425,4,female,1998,"Mary Elle Fanning (born April 9, 1998) is an American actress. As a child, she made her film debut as the younger version of her sister Dakota Fanning's character in the drama film I Am Sam (2001). She appeared in several other films as a child actress, including Daddy Day Care (2003), Babel (2006), The Curious Case of Benjamin Button and Phoebe in Wonderland (both 2008), and the miniseries The Lost Room (2006). She then had leading roles in Sofia Coppola's drama Somewhere (2010) and J. J. Abram",Predator: Badlands; Sentimental Value; Maleficent; The Curious Case of Benjamin Button; Maleficent: Mistress of Evil,actor; drama; comedy; family; fantasy,,,,,,,,,,,
Zendaya,505710,https://image.tmdb.org/t/p/w500/3WdOloHpjtjL96uVOhFRRCcYSwq.jpg,13.1880,4,female,1996,"Zendaya Maree Stoermer Coleman (born September 1, 1996) is an American actress and singer. She began her career as a child model and backup dancer. She rose to mainstream prominence for her role as Rocky Blue on the Disney Channel sitcom Shake It Up (2010–2013).  In 2013, Zendaya was a contestant on the 16th season of the dance competition series Dancing with the Stars. She produced and starred as the titular spy, K.C. Cooper, in the sitcom K.C. Undercover (2015–2018). Her film roles include the",Spider-Man: Brand New Day; Spider-Man: No Way Home; Dune; Spider-Man: Homecoming; Dune: Part Three,actor; adventure; comedy; documentary; family,,,,,,,,,,,
Anya Taylor-Joy,1397778,https://image.tmdb.org/t/p/w500/jxAbDJWvz4p1hoFpJYG5vY2dQmq.jpg,12.8066,4,female,1996,"Anya-Josephine Marie Taylor-Joy (/ˈænjə/; born 16 April 1996) is an actress. Born in Miami and raised in Buenos Aires and London, she left school at 16 to pursue an acting career. After several minor television roles, her breakthrough came with a leading role in the horror film The Witch (2015). Her career progressed with roles in the horror film Split (2016) and its sequel Glass (2019), the black comedy film Thoroughbreds (2017), and playing Emma Woodhouse in the period drama Emma (2020).   Tay",The Super Mario Bros. Movie; The Super Mario Galaxy Movie; Dune: Part Three; Dune: Part Two; The Gorge,actor; drama; comedy; adventure; thriller,,,,,,,,,,,
Tom Hardy,2524,https://image.tmdb.org/t/p/w500/d81K0RH8UX7tZj49tZaQhZ9ewH.jpg,12.4072,4,male,1977,"Edward Thomas Hardy CBE (born 15 September 1977) is an English actor, producer, writer and former model. After studying acting at the Drama Centre London, he made his film debut in Ridley Scott's Black Hawk Down (2001). He has since been nominated for the Academy Award for Best Supporting Actor, two Critics' Choice Movie Awards and two British Academy Film Awards, receiving the 2011 BAFTA Rising Star Award.  Hardy has also appeared in films such as Star Trek: Nemesis (2002), RocknRolla (2008), B",Spider-Man: No Way Home; Inception; Dunkirk; Venom: The Last Dance; The Dark Knight Rises,actor; drama; action; thriller; crime,,,,,,,,,,,
Keanu Reeves,6384,https://image.tmdb.org/t/p/w500/8RZLOyYGsoRe9p44q3xin9QkMHv.jpg,11.6936,4,male,1964,"Keanu Charles Reeves is a Canadian actor. Reeves is known for his roles in Bill & Ted's Excellent Adventure, Speed, Point Break, and The Matrix franchise as Neo.  He has collaborated with major directors such as Stephen Frears (in the 1988 period drama Dangerous Liaisons); Gus Van Sant (in the 1991 independent film My Own Private Idaho); and Bernardo Bertolucci (in the 1993 film Little Buddha). Referring to his 1991 film releases, The New York Times' critic, Janet Maslin, praised Reeves' versati",The Matrix; Bill & Ted's Excellent Adventure; Louis Theroux: Inside the Manosphere; Sonic the Hedgehog 3; The Devil's Advocate,actor; drama; documentary; comedy; action,,,,,,,,,,,
Millie Bobby Brown,1356210,https://image.tmdb.org/t/p/w500/k9KGzGDVhXKfOGpoN62MNuXL28q.jpg,12.0890,4,female,2004,"Millie Bonnie Bongiovi (born 19 February 2004), a British actress, is professionally known as Millie Bobby Brown. She gained recognition for playing Eleven in the Netflix science fiction series Stranger Things (2016–2025), for which she received nominations for two Primetime Emmy Awards. Brown has starred in the monster film Godzilla: King of the Monsters (2019) and its sequel Godzilla vs. Kong (2021). She also starred in and produced the Netflix films Enola Holmes (2020), Enola Holmes 2 (2022),",Godzilla: King of the Monsters; Godzilla vs. Kong; Damsel; The Electric State; Enola Holmes,actor; adventure; action; mystery; crime,,,,,,,,,,,
Holly Cattle,3986656,https://image.tmdb.org/t/p/w500/36K45CHuO7KHx2id8RFT4XPYGlw.jpg,12.0202,4,female,1997,"Holly Cattle is an English actress. She attended Wellington College, Berkshire. She studied at the University of Bristol and the Royal Conservatoire of Scotland.",,actor; drama,,,,,,,,,,,
Adam Pearson,1675188,https://image.tmdb.org/t/p/w500/xRDaT60nU48yBDD20A2hSmSALZX.jpg,9.4768,4,male,1985,"Adam Pearson (born 6 January 1985) is a British actor, presenter and campaigner. He is known for his roles in “Under the Skin” (2013) and “A Different Man” (2024). He has neurofibromatosis and has been involved in outreach programmes to prevent bullying associated with deformities.",Under the Skin,actor; comedy; drama; documentary; thriller,,,,,,,,,,,
Mckenna Grace,1172108,https://image.tmdb.org/t/p/w500/mBJpXMfUX23NYVaKaR8jkndDmSQ.jpg,11.9408,4,female,2006,"Mckenna Grace (born June 25, 2006) is an American actress and singer. Born in Grapevine, Texas, she began acting professionally at age five and relocated to Los Angeles, California, as a child. Her earliest roles included Jasmine Bernstein in the Disney XD sitcom Crash & Bernstein (2012–2014) and Faith Newman in the soap opera The Young and the Restless (2013–2015). After several small roles, she starred as a child prodigy in Gifted (2017), a breakthrough for which she received a nomination for ",Scream 7; Five Nights at Freddy's 2; Gifted; Regretting You; Ready Player One,actor; comedy; drama; adventure; horror,,,,,,,,,,,
Rebecca Ferguson,933238,https://image.tmdb.org/t/p/w500/lJloTOheuQSirSLXNA3JHsrMNfH.jpg,12.5467,4,female,1983,"Rebecca Louisa Ferguson Sundström (born 19 October 1983) is a Swedish actress. She is bilingual and has worked extensively in Sweden, Great Britain, and mainly in the United States. Ferguson began her television acting career in 1999 with the Swedish soap opera Nya Tider, and she made her motion picture debut in 2004 with the Swedish slasher film Drowning Ghost. She came to international prominence with her portrayal of Elizabeth Woodville in the British BBC drama The White Queen (2013), for whi",Peaky Blinders: The Immortal Man; Mercy; Dune; Dune: Part Three; Dune: Part Two,actor; drama; adventure; thriller; action,,,,,,,,,,,
Anne Hathaway,1813,https://image.tmdb.org/t/p/w500/nbccV2pMoyLTCeg5DQip24Eq0Jp.jpg,11.6753,4,female,1982,"Anne Jacqueline Hathaway (born November 12, 1982) is an American actress. Her accolades include an Academy Award, a British Academy Film Award, a Golden Globe Award, and a Primetime Emmy Award. Her films have grossed over $6.8 billion worldwide, and she appeared on the Forbes Celebrity 100 list in 2009. She was among the world's highest-paid actresses in 2015.  Hathaway performed in several plays in high school. As a teenager, she was cast in the television series Get Real (1999–2000). She made ",Interstellar; The Devil Wears Prada; The Dark Knight Rises; Alice in Wonderland; The Odyssey,actor; drama; comedy; documentary; romance,,,,,,,,,,,
Lin Muran,3168903,https://image.tmdb.org/t/p/w500/218NMOOwEZCbVVmPJr1MCaE92Os.jpg,13.5842,4,male,2005,,,actor; mystery; drama; thriller; romance,,,,,,,,,,,
Mila Kunis,18973,https://image.tmdb.org/t/p/w500/6Lp9qPkMO740Hcp8NBYZZLWWvJF.jpg,10.8093,4,female,1983,"Milena Markovna ""Mila"" Kunis (born August 14, 1983) is a Ukrainian and American actress. Born in Chernivtsi, Ukraine, and raised in Los Angeles, Kunis began playing Jackie Burkhart on the Fox television series That '70s Show (1998–2006) at the age of 15. She has voiced Meg Griffin on the Fox animated series Family Guy since 1999.  Kunis's breakout film role was in the 2008 romantic comedy Forgetting Sarah Marshall. She gained further critical acclaim and accolades for her performance in the psyc",Ted; Wake Up Dead Man: A Knives Out Mystery; Jupiter Ascending; Black Swan; The Book of Eli,actor; comedy; drama; romance; adventure,,,,,,,,,,,
Tony Leung Chiu-wai,1337,https://image.tmdb.org/t/p/w500/nQbSQAws5BdakPEB5MtiqWVeaMV.jpg,8.2898,4,male,1962,"Tony Leung Chiu-Wai (Chinese: 梁朝偉, born 27 June 1962) is a Hong Kong actor and singer. He is considered one of Asia's most successful and internationally recognised actors and was named as ""Small Tiger"" among the Five Tiger Generals of TVB. He has won many international acting prizes, including the Cannes Film Festival award for Best Actor for his performance in Wong Kar-wai's film In the Mood for Love. Leung is widely considered the best native Hong Kong actor of his generation. He was named by","Shang-Chi and the Legend of the Ten Rings; In the Mood for Love; Hero; Lust, Caution; Chungking Express",actor; drama; comedy; action; romance,,,,,,,,,,,
Amy Madigan,23882,https://image.tmdb.org/t/p/w500/xgtQOuPAmQZXWUO2PXetNpXm08A.jpg,7.7965,3,female,1950,"Amy Marie Madigan (born September 11, 1950) is an American actress. She has acted on stage and screen, and has received a Golden Globe Award, an Academy Award, as well as nominations for an Emmy Award. She has been married to actor Ed Harris since 1983.   Madigan made her film debut in the drama Love Child (1982), for which she was nominated for the Golden Globe Award for New Star of the Year – Actress. For playing a woman in a difficult marriage in the drama film Twice in a Lifetime (1985), she",Weapons; The Hunt,actor; drama; comedy; thriller; mystery,,,,,,,,,,,
Morena Baccarin,54882,https://image.tmdb.org/t/p/w500/kBSKKaOtsqIzZPhtEeHfCBmhWl9.jpg,12.4287,4,female,1979,"Morena Baccarin (born June 2, 1979) is a Brazilian-born American actress most widely known for roles in several American science fiction television shows: as Inara Serra in the series Firefly; as Adria in the series Stargate SG-1; and as Anna in the 2009 version of the series V.  Baccarin was born in Rio de Janeiro, Brazil. Her mother is Brazilian stage and TV actress Vera Setta, and her father is Italian journalist Fernando Baccarin. When she was 7, Baccarin moved with her family to Greenwich V",Greenland 2: Migration; The Wrecking Crew; Deadpool & Wolverine; Greenland; Deadpool,actor; action; adventure; comedy; drama,,,,,,,,,,,
Kurt Russell,6856,https://image.tmdb.org/t/p/w500/6g1d98oH4miG4k0ZiZWmF3Dt0bO.jpg,10.5114,4,male,1951,"Kurt Vogel Russell (born March 17, 1951) is an American actor. At 12, he began acting in the Western TV series The Travels of Jaimie McPheeters (1963–1964). In the late 1960s, he signed a ten-year contract with The Walt Disney Company, where he starred as Dexter Riley in films such as The Computer Wore Tennis Shoes (1969), Now You See Him, Now You Don't (1972), and The Strongest Man in the World (1975). For his portrayal of rock and roll superstar Elvis Presley in Elvis (1979), he was nominated ",Forrest Gump; Guardians of the Galaxy Vol. 2; Once Upon a Time... in Hollywood; The Hateful Eight; Smurfs,actor; drama; comedy; action; documentary,,,,,,,,,,,
Margot Robbie,234352,https://image.tmdb.org/t/p/w500/8LqG2N6j98lFGMpuYsRUAhOunSd.jpg,10.8641,4,female,1990,"Margot Elise Robbie (born 2 July 1990) is an Australian actress and producer. Her work includes blockbusters and independent films, and her accolades include nominations for three Academy Awards, four Golden Globe Awards, and six BAFTA Awards. Time named her one of the 100 most influential people in the world in 2017, and Forbes named her the world's highest-paid actress in 2023.  Born and raised in Queensland, Robbie began her career in 2008 on the television series Neighbours, on which she was","""Wuthering Heights""; Barbie; The Wolf of Wall Street; Once Upon a Time... in Hollywood; The Suicide Squad",actor; drama; comedy; action; fantasy,,,,,,,,,,,
Jacqueline Bisset,14061,https://image.tmdb.org/t/p/w500/2O5ZiHvn4vppqNasUVvHFEfwl21.jpg,9.9485,4,female,1944,"Jacqueline Bisset (born September 13, 1944) is an English actress. She has been nominated for four Golden Globe Awards and an Emmy Award. She is known for her roles in the films Bullitt (1968), Airport (1970), The Deep (1977), Class (1983), and the TV series Nip/Tuck in 2006. She has also appeared in several French productions and was nominated for a César Award for La cérémonie (1995). She was awarded the Légion d'Honneur in 2010.",Murder on the Orient Express; Casino Royale; Class,actor; drama; comedy; documentary; romance,,,,,,,,,,,
Sylvester Stallone,16483,https://image.tmdb.org/t/p/w500/gn3pDWthJqR0VDYGViGD3048og7.jpg,11.3973,4,male,1946,"Sylvester Gardenzio Stallone (born July 6, 1946) is an American actor and filmmaker. In a film career spanning more than fifty years, Stallone has received numerous accolades, including a Golden Globe Award and a Critics' Choice Award, as well as nominations for three Academy Awards and two BAFTA Awards. Stallone is one of only two actors in history (alongside Harrison Ford) to have starred in a box-office No. 1 film across six consecutive decades.  Struggling as an actor for a number of years u",Guardians of the Galaxy Vol. 3; Guardians of the Galaxy Vol. 2; The Suicide Squad; The Expendables; The Expendables 2,actor; documentary; action; drama; thriller,,,,,,,,,,,
Pedro Pascal,1253360,https://image.tmdb.org/t/p/w500/oKcMbVn0NJTNzQt0ClKKvVXkm60.jpg,11.1399,4,male,1975,"José Pedro Balmaceda Pascal (Spanish: [xoˈseˈpeðɾo βalmaˈseða pasˈkal]; born April 2, 1975) is a Chilean and American actor. After nearly two decades of taking small roles on stage and television, Pascal had his breakout role as Oberyn Martell in the fourth season of the HBO fantasy series Game of Thrones (2014). He gained further prominence with his portrayal of Javier Peña in the Netflix crime series Narcos (2015–2017). He went on to appear in the films The Great Wall(2016), Kingsman: The Gold",Avengers: Doomsday; The Fantastic 4: First Steps; The Wild Robot; Gladiator II; Eddington,actor; drama; action; comedy; adventure,,,,,,,,,,,
Charithra Chandran,3327515,https://image.tmdb.org/t/p/w500/xLFgJmfXjd2Nnbjx3ZtavReGwjK.jpg,11.2171,4,female,1997,Charithra Surya Chandran (born 17 January 1997) is a British actress. She is known for her portrayal as Sabrina Pleasance in the Amazon spy series Alex Rider (2021) and as Edwina Sharma in the Netflix period drama Bridgerton (2022).,Eternals,actor; drama; comedy; sci-fi; action,,,,,,,,,,,
Tamannaah Bhatia,85721,https://image.tmdb.org/t/p/w500/t4WYoKiFAyO1Rhjv7O03EKmJHp4.jpg,12.0805,4,female,1989,"Tamannaah Bhatia also known as Tamannaah, is an Indian actress who predominantly appears in Telugu and Tamil films. She has also appeared in Hindi films. In addition to acting, she also participates in stage shows and is a prominent celebrity endorser for brands and products.  In 2005, she made her acting debut in the age of 15 in the Bollywood film, Chand Sa Roshan Chehra and appeared in Abhijeet Sawant album song ""Lafzon main"" from the album Aapka Abhijeet which was also released in the year 2",Bāhubali: The Epic,actor; action; drama; comedy; romance,,,,,,,,,,,
Alexandra Daddario,109513,https://image.tmdb.org/t/p/w500/mP3N1LTIaIG5Q0BHyt1XxjtIyYi.jpg,10.8692,4,female,1986,"Alexandra Anna Daddario (born March 16, 1986) is an American actress. She had her breakthrough portraying Annabeth Chase in the Percy Jackson film series (2010–2013). She has since starred as Paige in Hall Pass (2011), Heather Miller in Texas Chainsaw 3D (2013), Blake Gaines in San Andreas (2015), Summer Quinn in Baywatch (2017), and Alexis Butler in We Summon the Darkness (2019). She has also guest starred in television series such as White Collar, It's Always Sunny in Philadelphia, True Detect",Baywatch; The Choice; Percy Jackson & the Olympians: The Lightning Thief; San Andreas; The Babysitters,actor; comedy; drama; romance; thriller,,,,,,,,,,,
Angelina Jolie,11701,https://image.tmdb.org/t/p/w500/nXA9vMvskmIDB5NqHCkTQPmemep.jpg,11.1139,4,female,1975,"Angelina Jolie (/dʒoʊˈliː/ joh-LEE; born Angelina Jolie Voight, /ˈvɔɪt/, June 4, 1975) is an American actress, filmmaker, and humanitarian. The recipient of numerous accolades, including an Academy Award, a Tony Award and three Golden Globe Awards, she has been named Hollywood's highest-paid actress multiple times.  Jolie made her screen debut as a child alongside her father, Jon Voight, in Lookin' to Get Out (1982). Her film career began in earnest a decade later with the low-budget production ",Kung Fu Panda; Maleficent; Shark Tale; Kung Fu Panda 3; Kung Fu Panda 2,actor; drama; action; documentary; thriller,,,,,,,,,,,
Jack O'Connell,85065,https://image.tmdb.org/t/p/w500/9RrqnB1BRaWWHEjlWVVAna0sdBB.jpg,8.8993,4,male,1990,"Jack O'Connell (born 1 August 1990) is an English actor. He first gained recognition for playing James Cook in the British television series Skins (2009–2010, 2013). He is also known for his roles in This Is England (2006), the slasher film Eden Lake (2008), the television dramas Dive (2010) and  United (2011), and the Netflix Wild West miniseries Godless (2017), for which he received a Critics' Choice Television Award nomination.  O'Connell gave critically acclaimed performances in the independ",Sinners; 28 Years Later: The Bone Temple; '71; 28 Years Later; 300: Rise of an Empire,actor; drama; thriller; action; war,,,,,,,,,,,
Bodhi Rae Breathnach,4088089,https://image.tmdb.org/t/p/w500/sONxErk3r0xfoESAmU3GVTxoPDe.jpg,11.1158,4,female,2011,"Bodhi Rae Breathnach (born August 16, 2011) is an Irish film, television, and stage actor. She is known for her work in literary adaptations, historical drama, and genre films, and has appeared in productions for film, television, and major British theatre institutions.  Breathnach made her feature film debut portraying Susanna Shakespeare in Hamnet (2025), directed by Chloé Zhao, an adaptation of Maggie O’Farrell’s novel of the same name. The film marked her first major international screen rol",Shelter; Hamnet,actor; drama; romance; comedy; family,,,,,,,,,,,
Jim Carrey,206,https://image.tmdb.org/t/p/w500/y3U9QfPN6sJaGl6l68xjwWj28ig.jpg,10.8983,4,male,1962,"James Eugene Carrey (/ˈkæri/; born January 17, 1962) is a Canadian and American actor and comedian. Known primarily for his energetic slapstick performances, he has received two Golden Globe Awards, in addition to nominations for BAFTA Awards and Screen Actors Guild Awards.  After spending the 1980s honing his comedy act and playing supporting roles in films, Carrey gained recognition when he was cast in the Fox sketch comedy series In Living Color (1990–1994). He broke out as a film star after ",Sonic the Hedgehog 3; The Truman Show; The Mask; Eternal Sunshine of the Spotless Mind; Sonic the Hedgehog 4,actor; comedy; documentary; drama; family,,,,,,,,,,,
Emily Rudd,1568101,https://image.tmdb.org/t/p/w500/y23GTdDPcryBVtSWjY9q2O9nzwV.jpg,11.4887,4,female,1993,"Emily Ellen Rudd (born February 24, 1993) is an American actress. She is known for playing the dual roles of Cindy and Abigail Berman in the Netflix horror film trilogy Fear Street (2021), and Nami in the Netflix series One Piece (2023).  Description above from the Wikipedia article Emily Rudd, licensed under CC-BY-SA, full list of contributors on Wikipedia.",,actor; horror; drama; mystery; comedy,,,,,,,,,,,
Noah Fearnley,3210444,https://image.tmdb.org/t/p/w500/cJDTFKsgQoc7LM6IHFmAP1t9vDz.jpg,11.1259,4,male,1999,,Mercy,actor; drama; thriller; comedy; romance,,,,,,,,,,,
Monica Bellucci,28782,https://image.tmdb.org/t/p/w500/7g3k3u2gZpE7XU8GRYwHDuN1jlM.jpg,11.6372,4,female,1964,"Monica Anna Maria Bellucci (Italian: [ˈmɔːnika belˈluttʃi]; born 30 September 1964) is an Italian actress and model. She began her career as a fashion model, modelling for Dolce & Gabbana and Dior, before making a transition to Italian films and later American and French films.  Bellucci played a Bride of Dracula in Francis Ford Coppola's gothic horror romance film Bram Stoker's Dracula (1992) and Malèna Scordia in the Italian-language romantic drama Malèna (2000). She was in the controversial G",The Passion of the Christ; Malena; The Matrix Reloaded; Spectre; Beetlejuice Beetlejuice,actor; drama; comedy; thriller; documentary,,,,,,,,,,,
Sean Penn,2228,https://image.tmdb.org/t/p/w500/9glqNTVpFpdN1nFklKaHPUyCwR6.jpg,8.7190,4,male,1960,"Sean Justin Penn (born August 17, 1960) is an American actor and filmmaker. He is known for his intense leading man roles in film. His accolades include three Academy Awards, a Golden Globe Award, and nominations for three British Academy Film Awards, an Emmy Award, and a Grammy Award. He received the Honorary César in 2015 and the Bob Hope Humanitarian Award in 2022.  Penn made his feature film debut in the drama Taps (1981), before taking roles in Fast Times at Ridgemont High (1982), Bad Boys ",One Battle After Another; The Game; The Secret Life of Walter Mitty; The Angry Birds Movie; Mystic River,actor; drama; documentary; thriller; crime,,,,,,,,,,,
Minami Hamabe,1516266,https://image.tmdb.org/t/p/w500/eQN8N2chINckvQDiNqzDXI0v9vN.jpg,10.8565,4,female,2000,"Minami Hamabe (born August 29, 2000) is a Japanese actress. She is one of Japan's most prominent figures in the modern-day entertainment industry. Hamabe gained widespread fame for her role in Japan for her role in the live-action film Let Me Eat Your Pancreas (2017). She gained more of a worldwide fame with her role and performance in Takashi Yamazaki's Godzilla Minus One (2023).",Godzilla Minus One,actor; drama; mystery; action; romance,,,,,,,,,,,
Jean-Claude Van Damme,15111,https://image.tmdb.org/t/p/w500/7DP3bm3MS0qa0L8tBLHGebbCu6H.jpg,11.2543,4,male,1960,"Van Damme was born Jean-Claude Camille François van Varenberg in Berchem-Sainte-Agathe, Brussels, Belgium, to Eliana and Eugène van Varenberg, an accountant. “The Muscles from Brussels” started martial arts at the age of eleven. His father introduced him to martial arts when he saw his son was physically weak. At the age of 12, van Damme began his martial arts training at Centre National De Karate (National Center of Karate) under the guidance of Master Claude Goetz in Ixelles, Belgium. Van Damm",The Expendables 2; Missing in Action; Minions: The Rise of Gru; Kung Fu Panda 3; Kung Fu Panda 2,actor; action; thriller; drama; comedy,,,,,,,,,,,
Emin Günenç,3657112,https://image.tmdb.org/t/p/w500/hCcgXWHHQc3UKQ5mWLzbMsdUa5y.jpg,10.6808,4,male,1994,,,actor; comedy; horror; fantasy,,,,,,,,,,,
Jason Momoa,117642,https://image.tmdb.org/t/p/w500/3troAR6QbSb6nUFMDu61YCCWLKa.jpg,10.9534,4,male,1979,"Joseph Jason Namakaeha Momoa (born August 1, 1979) is an American actor and filmmaker. He made his acting debut as Jason Ioane on the syndicated action drama series Baywatch: Hawaii (1999–2001), which was followed by his portrayal of Ronon Dex on the Syfy science fiction series Stargate Atlantis (2005–2009), Khal Drogo in the first two seasons of the HBO fantasy drama series Game of Thrones (2011–2012), Declan Harp on the Discovery Channel historical drama series Frontier (2016–2018), and Baba V",The Wrecking Crew; Dune; Dune: Part Three; A Minecraft Movie; Fast X,actor; action; adventure; comedy; drama,,,,,,,,,,,
Carrie Anne Fleming,58908,https://image.tmdb.org/t/p/w500/k4lZO5dXqnZ2Q9yTgHN9hc1r1wx.jpg,44.0027,6,female,1974,"Carrie Anne (height 5' 7"" (1,70 m)) Fleming was discovered by Dario Argento when he cast her in the title role of JENIFER. Playing a horribly disfigured woman with the ability to seduce men and bring them to eventual ruin before moving on to the next victim was a role she really sank her teeth into. Dario Argento, upon working with her said ....""I was inspired by the raw truth...having such a fine, sensitive actress by my side...I told her she must come to this role with great will and convictio",Happy Gilmore; Good Luck Chuck,actor; drama; horror; comedy; action,,,,,,,,,,,
Juca de Oliveira,550442,https://image.tmdb.org/t/p/w500/mWBGZFA8qiUANHXyesfPfzC9A9p.jpg,18.4246,4,male,1935,"José Juca de Oliveira Santos (São Roque, March 16, 1935 — São Paulo, March 21, 2026), better known as Juca de Oliveira, was a Brazilian actor, director, writer, rancher and playwright. Juca became known for playing characters that marked dramaturgy, such as João Gibão from Saramandaia (1976), Professor Praxedes from Fera Ferida (1993), Doctor Albieri from O Clone (2001) and Santiago from Avenida Brasil (2012).",,actor; drama; documentary; comedy; crime,,,,,,,,,,,
Denzel Washington,5292,https://image.tmdb.org/t/p/w500/jj2Gcobpopokal0YstuCQW0ldJ4.jpg,10.3996,4,male,1954,"Denzel Hayes Washington Jr. (born December 28, 1954) is an American actor, producer, and director. Known for his dramatic roles on stage and screen, he is widely regarded as one of the best actors of his generation, with The New York Times declaring him the greatest actor of the 21st century in 2020. Over his career, he has received several accolades, including two Academy Awards, three Golden Globe Awards, a Screen Actors Guild Award, and a Tony Award, as well as nominations for two Emmy Awards",Gladiator II; The Equalizer; The Equalizer 3; The Magnificent Seven; The Book of Eli,actor; drama; thriller; crime; documentary,,,,,,,,,,,
Jake Gyllenhaal,131,https://image.tmdb.org/t/p/w500/rJdYHYNhlcOBwbPvDZVvt1xw7bi.jpg,10.7018,4,male,1980,"Jake Gyllenhaal (born December 19, 1980) is an American actor and producer. Born into the Gyllenhaal family, he is the son of director Stephen Gyllenhaal and screenwriter Naomi Foner; his older sister is actress Maggie Gyllenhaal.  He began acting as a child, making his acting debut in City Slickers (1991), followed by roles in his father's films A Dangerous Woman (1993) and Homegrown (1998). His breakthrough roles were as Homer Hickam in October Sky (1999) and as a psychologically troubled teen",Spider-Man: Far From Home; The Bride!; Prisoners; Road House; Donnie Darko,actor; drama; thriller; comedy; action,,,,,,,,,,,
Udo Kier,1646,https://image.tmdb.org/t/p/w500/lIOGDMvrVHMgPXdhicLI41tY1zf.jpg,10.9436,4,male,1944,"Udo Kierspe (October 14, 1944 – November 23, 2025), known professionally as Udo Kier, was a German actor. Known primarily as a cult character actor who portrayed eccentric and deviant figures, he appeared in more than 220 films in both leading and supporting roles throughout Europe and the Americas. He collaborated with acclaimed filmmakers such as Lars von Trier, Gus Van Sant, Werner Herzog, Rainer Werner Fassbinder, Walerian Borowczyk, Kleber Mendonça Filho, Dario Argento, Tom Shadyac, Charles",The Secret Agent; Nymphomaniac: Vol. II; Blade; Armageddon; Ace Ventura: Pet Detective,actor; drama; comedy; horror; thriller,,,,,,,,,,,
Salman Khan,42802,https://image.tmdb.org/t/p/w500/n7pKtccmf2jVOz8Qn90q2ThqLge.jpg,10.1056,4,male,1965,"Salman Khan ( born Abdul Rashid Salim Salman Khan on 27 December 1965)  is an Indian film actor. He has starred in more than eighty Hindi films.  Khan, who made his acting debut with a minor role in the drama Biwi Ho To Aisi (1988), had his first commercial success with the blockbuster Maine Pyar Kiya (1989), for which he won a Filmfare Award for Best Male Debut. He went on to star in some of Hindi cinema's most successful films of those times, such as Saajan (1991), Hum Aapke Hain Kaun (1994), ",7 Dogs,actor; drama; romance; action; comedy,,,,,,,,,,,
Melville Cooper,8730,https://image.tmdb.org/t/p/w500/qtrkqGRWA1kmud8NG3W44cpjIHc.jpg,8.4137,4,male,1896,"George Melville Cooper (15 October 1896 – 13 March 1973), best known as Melville Cooper, was a British stage, film and television actor. Among his roles are the cowardly Sheriff of Nottingham in The Adventures of Robin Hood, starring Errol Flynn, and Mr. Collins in Pride and Prejudice, with Greer Garson.  His stage debut came in Stratford-Upon-Avon at the age of eighteen. In 1934, he moved to the United States, where he was usually cast as ineffectual snobs or crooks. As his film career wound do",,actor; comedy; romance; drama; adventure,,,,,,,,,,,
Johnny Depp,85,https://image.tmdb.org/t/p/w500/k2xt6EUxQDwYRKIyI4IBdZxfs8n.jpg,9.0464,4,male,1963,"John Christopher Depp II (born June 9, 1963) is an American actor, producer and musician. He is the recipient of various accolades, including a Golden Globe Award and a Screen Actors Guild Award, in addition to nominations for three Academy Awards and two British Academy Film Awards.  He made his debut in the horror film A Nightmare on Elm Street (1984), before rising to prominence as a teen idol on the television series 21 Jump Street (1987–1990). In the 1990s, he acted mostly in independent fi",Pirates of the Caribbean: The Curse of the Black Pearl; Pirates of the Caribbean: On Stranger Tides; Pirates of the Caribbean: Dead Man's Chest; Pirates of the Caribbean: At World's End; Alice in Wonderland,actor; documentary; drama; comedy; fantasy,,,,,,,,,,,
Simon Baker,1284159,https://image.tmdb.org/t/p/w500/8RPbdwSOJ3DEQDQaj05zBFaUu5f.jpg,10.5199,4,male,1969,"Simon Baker (born 30 July 1969, height 5' 9¾"" (1,77 m)) is an Australian actor and director. In his television acting career, he is best known for his lead role in the CBS television series The Mentalist as Patrick Jane and as Nicholas Fallin in The Guardian.  In his film acting career, he is best known for the lead role of Riley Denbo in Land of the Dead and Christian Thompson in the film adaptation of The Devil Wears Prada, based on the 2003 novel of the same name.  Simon Baker was born to a h",The Devil Wears Prada; L.A. Confidential,actor; drama; thriller; comedy; crime,,,,,,,,,,,
Morgan Freeman,192,https://image.tmdb.org/t/p/w500/jPsLqiYGSofU4s6BjrxnefMfabb.jpg,10.4123,4,male,1937,"Morgan Freeman (born June 1, 1937) is an American actor, director, and narrator. Noted for his distinctive deep voice, Freeman is known for his various roles in a wide variety of film genres. Throughout his career spanning over five decades, he has received multiple accolades, including an Academy Award, a Screen Actors Guild Award, and a Golden Globe Award.  Born in Memphis, Tennessee, Freeman was raised in Mississippi where he began acting in school plays. He studied theatre arts in Los Angele",Now You See Me: Now You Don't; The Shawshank Redemption; The Dark Knight; Se7en; Ted 2,actor; documentary; drama; thriller; crime,,,,,,,,,,,
Skye Gonzaga,4866792,https://image.tmdb.org/t/p/w500/sU8yAC7mptg5argRh46ccaZAz2B.jpg,11.0833,4,female,,,Tuklas; Kiskisan,actor; drama; romance; comedy; documentary,,,,,,,,,,,
Christine Bermas,3371804,https://image.tmdb.org/t/p/w500/zdFbplqeZbzgCJEJfnj1pPqVVH2.jpg,9.7139,4,female,2001,"Christine Bermas is a Filipino actress and model born on August 30, 2001, in Manila, Philippines. She began her career in entertainment as a member of the girl group Belladonnas before transitioning to acting in 2021. Christine gained recognition for her performances in Vivamax films such as Moonlight Butterfly (2022), Scorpio Nights 3 (2022), Island of Desire (2022), Relyebo (2022), Nightbird (2023), and Lampas Langit (2023).  Known for portraying daring and mature roles, she has often emphasiz",Celestina: Burlesk Dancer; Rita,actor; drama; thriller; romance; crime,,,,,,,,,,,
Eiza González,1222992,https://image.tmdb.org/t/p/w500/9kwfAiMeRUGR6cpZyY8FCuP5MSX.jpg,10.0243,4,female,1990,"Eiza González (born January 30, 1990) is a Mexican actress and singer. She gained popularity for her debut role as Lola Valente in the Mexican musical Lola, érase una vez. She also portrayed the lead role of Clara Molina on the Nickelodeon teen drama Sueña conmigo. She is also known for her roles as Monica ""Darling"" Castello in the action crime film Baby Driver (2017), Nyssiana in the cyberpunk action film Alita: Battle Angel (2019), Madam M in The Fast and the Furious spin-off film Hobbs & Shaw",Fast & Furious Presents: Hobbs & Shaw; Baby Driver; Alita: Battle Angel; The Ministry of Ungentlemanly Warfare; Godzilla vs. Kong,actor; action; comedy; drama; sci-fi,,,,,,,,,,,
Michele Morrone,2349355,https://image.tmdb.org/t/p/w500/saKjzGAuw8Fiutlv9LweLjAti0Z.jpg,9.5798,4,male,1990,"Michele Morrone (Italian pronunciation: [miˈkɛːlemorˈroːne]; born 3 October 1990) is an Italian actor, model, singer, and fashion designer. He gained international recognition after portraying the role of Massimo Torricelli in the 2020 erotic thriller 365 Days and its sequels, 365 Days: This Day and The Next 365 Days in 2022.  Description above from the Wikipedia Michele Morrone, article licensed under CC-BY-SA, full list of contributors on Wikipedia.",The Housemaid; 365 Days: This Day; Subservience; 365 Days; The Next 365 Days,actor; drama; thriller; romance; comedy,,,,,,,,,,,
Emilia Clarke,1223786,https://image.tmdb.org/t/p/w500/wb8VfDPGpyqcFltnRcJR1Wj3h4Z.jpg,9.0083,4,female,1986,"Emilia Isobel Euphemia Rose Clarke, MBE (born 23 October 1986), is an English actress. She is best known for her role as Daenerys Targaryen in the HBO fantasy series Game of Thrones (2011–2019), for which she received nominations for four Primetime Emmy Awards. She is also known for playing Sarah Connor in the science fiction film Terminator: Genisys (2015) and Qi'ra in the Star Wars film Solo: A Star Wars Story (2018), as well as starring in the romantic dramas Me Before You (2016) and Last Chr",Terminator Genisys; Me Before You; Solo: A Star Wars Story; The Twits,actor; drama; comedy; fantasy; sci-fi,,,,,,,,,,,
Richard Gere,1205,https://image.tmdb.org/t/p/w500/i7wcBNmFldh2E4QInCvmv7CPSIR.jpg,9.0994,4,male,1949,"Richard Tiffany Gere (born August 31, 1949) is an American actor and producer. He began in films in the 1970s, playing a supporting role in Looking for Mr. Goodbar (1977) and a starring role in Days of Heaven (1978). He came to prominence with his role in the film American Gigolo (1980), which established him as a leading man and a sex symbol. He went on to star in many well-received films, including An Officer and a Gentleman (1982), The Cotton Club (1984), Pretty Woman (1990), Sommersby (1993)",Unfaithful; Pretty Woman; Primal Fear; Hachi: A Dog's Tale; The Jackal,actor; drama; documentary; romance; crime,,,,,,,,,,,
Kaley Cuoco,53862,https://image.tmdb.org/t/p/w500/c01Ma8Jrr2OJ6uoikPwDK34Y8eK.jpg,9.6760,4,female,1985,"Kaley Cuoco is an American film and television actress and singer. She is best known for her roles as Bridget Hennessy on the sitcom 8 Simple Rules, Billie Jenkins on the supernatural drama Charmed, and Penny on the sitcom The Big Bang Theory.",A Million Ways to Die in the West,actor; comedy; family; drama; animation,,,,,,,,,,,
Matt Damon,1892,https://image.tmdb.org/t/p/w500/At3JgvaNeEN4Z4ESKlhhes85Xo3.jpg,9.7051,4,male,1970,"Matthew Paige Damon (born October 8, 1970) is a multifaceted American actor, producer, and screenwriter. In 2007, he was highlighted as one of Forbes' most bankable stars, and by 2010, he emerged as one of the highest-grossing actors in cinematic history. His accolades include an Academy Award and two Golden Globe Awards, along with nominations for three BAFTA Awards and seven Primetime Emmy Awards.  Damon's journey in acting began with *Mystic Pizza* in 1988, but it was in 1997 that he truly ca",The Rip; Interstellar; Oppenheimer; Thor: Ragnarok; The Martian,actor; drama; documentary; comedy; thriller,,,,,,,,,,,
Kim Sun-young,5235257,https://image.tmdb.org/t/p/w500/kdS3LYZ30fx4NL7coPJ3WUUAlLx.jpg,9.3474,4,female,1980,"Kim Sun-young is a South Korean actress and singer best known for her roles in the Korean films The Chaser, Love Lesson, Cutie, and Female War: A Nasty Deal.",Love Lesson; The Servant; Female War: A Nasty Deal,actor; drama; comedy; romance; thriller,,,,,,,,,,,
Salma Hayek Pinault,3136,https://image.tmdb.org/t/p/w500/3j8MpAjyopkAc8mbNiDeXyqBmcS.jpg,9.1747,4,female,1966,"Salma Valgarma Hayek Pinault (/ˈhaɪɛk/ HY-ek, Spanish: [ˈsalma ˈxaʝek]; née Hayek Jiménez; born September 2, 1966) is a Mexican and American actress and film producer. She began her career in Mexico by starring in the telenovela Teresa (1989–1991) and the romantic drama Midaq Alley (1995). She soon established herself in Hollywood, appearing in films such as Desperado (1995), From Dusk Till Dawn (1996), Wild Wild West(1999), and Dogma (1999).  Hayek's portrayal of painter Frida Kahlo in the biop",The Faculty; Puss in Boots: The Last Wish; Grown Ups; Eternals; Grown Ups 2,actor; comedy; drama; documentary; action,,,,,,,,,,,
Shia LaBeouf,10959,https://image.tmdb.org/t/p/w500/kHS5Ft8gQn0Pq9m24qN049YgUsD.jpg,15.3105,4,male,1986,"Shia Saide LaBeouf (born June 11, 1986) is an American actor, performance artist, and filmmaker. He played Louis Stevens in the Disney Channel series Even Stevens, a role for which he received Young Artist Award nominations in 2001 and 2002 and won a Daytime Emmy Award in 2003. He made his film debut in The Christmas Path (1998).  In 2004, he made his directorial debut with the short film Let's Love Hate and later directed a short film titled Maniac (2011), starring American rappers Cage and Kid","Fury; Constantine; Nymphomaniac: Vol. II; I, Robot; Indiana Jones and the Kingdom of the Crystal Skull",actor; drama; comedy; action; documentary,,,,,,,,,,,
Halle Berry,4587,https://image.tmdb.org/t/p/w500/wtFetpWV8kjBsvzYKN9uEEmPdpy.jpg,8.9262,4,female,1966,"Halle Maria Berry (/ˈhæli/ HAL-ee; born Maria Halle Berry; August 14, 1966) is an American actress. She began her career as a model and entered several beauty contests, becoming Miss Ohio in 1986, finishing as the first runner-up in the Miss USA pageant of 1986, and placing sixth in Miss World 1986. Her breakthrough film role was in the romantic comedy Boomerang (1992), alongside Eddie Murphy, which led to roles in The Flintstones (1994) and Bulworth (1998), as well as the television film Introd",Crime 101; John Wick: Chapter 3 - Parabellum; X-Men: Days of Future Past; Die Another Day; Kingsman: The Golden Circle,actor; documentary; action; drama; thriller,,,,,,,,,,,
Barry Keoghan,1290466,https://image.tmdb.org/t/p/w500/ngoitknM6hw8fffLywyvjzy6Iti.jpg,10.1184,4,male,1992,"Barry Keoghan (born 18 October 1992) is an Irish actor. He has appeared in the films Dunkirk; The Killing of a Sacred Deer, for which he won an Irish Film and Television Award for Best Supporting Actor and was nominated for the Independent Spirit Award for Best Supporting Male; and Calm with Horses, for which he was nominated for the BAFTA Award for Best Actor in a Supporting Role, and the RTÉ drama Love/Hate. He also played Druig in Eternals and the Joker in The Batman.",Peaky Blinders: The Immortal Man; Crime 101; '71; Dunkirk; The Batman,actor; drama; thriller; crime; music,,,,,,,,,,,
Ian Peck,208467,https://image.tmdb.org/t/p/w500/efEJsO8xhDdpOkWR0ArLl34B47f.jpg,9.8163,4,male,,Ian Peck is a British actor and his role in Peaky Blinders is that of Curly.,Peaky Blinders: The Immortal Man; Harry Potter and the Deathly Hallows: Part 2; Robin Hood,actor; drama; adventure; fantasy; thriller,,,,,,,,,,,
Emily Blunt,5081,https://image.tmdb.org/t/p/w500/5nCSG5TL1bP1geD8aaBfaLnLLCD.jpg,9.3710,4,female,1983,"Emily Olivia Laura Blunt (born 23 February 1983) is a British actress. She has received several accolades, including a Golden Globe Award and two Screen Actors Guild Awards, in addition to nominations for an Academy Award and four British Academy Film Awards. Forbes ranked her as one of the highest-paid actresses in the world in 2020.  Blunt made her acting debut in the 2001 drama production of The Royal Family and portrayed Catherine Howard in the television miniseries Henry VIII (2003). She ma",Oppenheimer; Wind Chill; The Devil Wears Prada; Disclosure Day; Sicario,actor; drama; comedy; romance; thriller,,,,,,,,,,,
Zhao Lusi,2049994,https://image.tmdb.org/t/p/w500/y82wmaDqTdXqvtasb4kxAIuT44U.jpg,9.3570,4,female,1998,"Zhao Lusi (Rosy Zhao) is a Chinese actress born on November 9, 1998, in Chengdu, Sichuan Province. She studied at Mingdao University in Taiwan and made her acting debut in 2017 with the romance drama Untouchable Lovers. Known for her vibrant charm and expressive performances, Zhao quickly rose to fame with leading roles in popular dramas such as The Romance of Tiger and Rose, Hidden Love, Love Like the Galaxy, and Who Rules the World. Her talent has earned her numerous accolades, including the """,,actor; drama; music; romance; history,,,,,,,,,,,
Nicole Kidman,2227,https://image.tmdb.org/t/p/w500/zjdybHeNvp4DFbRd97Jo2ZLakwX.jpg,9.3392,4,female,1967,"Nicole Mary Kidman (born 20 June 1967) is an Australian and American actress and producer. Known for her work in film and television productions across many genres, she has consistently ranked among the world's highest-paid actresses since the late 1990s. Her accolades include an Academy Award, a British Academy Film Award, a Volpi Cup, two Primetime Emmy Awards, and six Golden Globe Awards. She became the first Australian actor to receive the AFI Life Achievement Award honour in 2024.  Kidman b",Eyes Wide Shut; Aquaman; Babygirl; Aquaman and the Lost Kingdom; Just Go with It,actor; drama; documentary; thriller; comedy,,,,,,,,,,,
Maisie Williams,1181313,https://image.tmdb.org/t/p/w500/5RjD4dDpRDAhalFtvcUj7zdLWYB.jpg,9.3230,4,female,1997,"Margaret Constance ""Maisie"" Williams (born April 15, 1997) is an English actress. Williams made her acting debut in 2011 as Arya Stark, a lead character in the HBO epic medieval fantasy television series Game of Thrones (2011–2019). She gained recognition and critical praise for her work on the show and received two Emmy Award nominations. Williams' other television appearances include Ashildr in the BBC science fiction series Doctor Who (2015), starring in the British docudrama television film ",The New Mutants,actor; drama; comedy; thriller; fantasy,,,,,,,,,,,
Akshay Kumar,35070,https://image.tmdb.org/t/p/w500/1d77rFiN8h2JXE6vS8VCuc2k20J.jpg,9.3105,4,male,1967,"​Akshay Kumar is an Indian film actor, producer and martial artist who has appeared in over a hundred Hindi films. When he began his acting career in the 1990s, he primarily starred in action films and was particularly known for his appearances in feature films commonly called the ""Khiladi series"", which included Khiladi (1992), Sabse Bada Khiladi (1995), Khiladiyon Ka Khiladi (1996), and Khiladi 420 (2000), as well as other action films such as Mohra (1994). As a stunt actor, he often performed",,actor; drama; comedy; action; romance,,,,,,,,,,,
Dyessa Garcia,4095744,https://image.tmdb.org/t/p/w500/xak9L0fkIOkjSwJpz3SWLl94tVP.jpg,9.2670,4,female,,,Init; Boy Kaldag,actor; drama; romance; documentary,,,,,,,,,,,
Carolina Fadic,1180849,https://image.tmdb.org/t/p/w500/whn5uTBJWULTP1Rp6RwnegqhvWb.jpg,9.1983,4,female,1974,"Carolina Fadic Maturana (1974–2002) was a Chilean actress and television host. She began her career at 19 years old, chosen by director Vicente Sabatini to star in multiple of his successful productions of the 90s.",,actor; drama; crime; thriller; fantasy,,,,,,,,,,,
Yoon Yool,3164807,https://image.tmdb.org/t/p/w500/21kdujBeL2hrJ50RyMxmuEsHZAT.jpg,9.1827,4,female,1996,Yoon Yul is a South Korean AV actress.,Invited Delivery Man; 24 Year Old Yoon Yul's Sexy Breasts; Debtor’s Wife; 남친깨기전에빨리빼!,actor; romance; drama; comedy,,,,,,,,,,,
Priyanka Chopra Jonas,77234,https://image.tmdb.org/t/p/w500/9n2n3fUFI553HKH0CEAb2TPLtCx.jpg,9.1435,4,female,1982,"Priyanka Chopra Jonas (pronounced [pɾɪˈjəŋka ˈtʃoːpɽa]; née Chopra) is an Indian actress and producer. Chopra, the Miss World 2000 pageant winner, is one of India's highest-paid actresses and has received numerous accolades, including two National Film Awards and five Filmfare Awards. In 2016, the Government of India honoured her with the Padma Shri, and Time named her one of the 100 most influential people in the world. In the next two years, Forbes listed her among the World's 100 Most Powerfu",The Bluff; Heads of State; Baywatch; The Matrix Resurrections; We Can Be Heroes,actor; drama; action; comedy; romance,,,,,,,,,,,
Shu Qi,21911,https://image.tmdb.org/t/p/w500/ycuwRV9fEKieAAZN81rC3xcuxaE.jpg,9.1002,4,female,1976,"Lin Li-hui, better known by her stage name Shu Qi  (Chinese: 舒淇; pinyin: Shū Qí), is a Taiwanese actress and model. She has also been credited as Hsu Chi and Shu Kei.",Resurrection; The Transporter; Home Sweet Home,actor; drama; comedy; romance; action,,,,,,,,,,,
Liam Neeson,3896,https://image.tmdb.org/t/p/w500/g0iIEyt9ILiKTG0g8K69US5VtLy.jpg,9.0448,4,male,1952,"Liam Neeson (born 7 June 1952) is an Irish actor. He was born in Ballymena, County Antrim, Northern Ireland and educated at Saint Patrick's College, Ballymena Technical College and Queen's University Belfast. He moved to Dublin after university to further his acting career, joining the renowned Abbey Theatre. In the early 1990s, he moved again to the United States, where the wide acclaim for his performance in Schindler's List led to more high-profile work. He is widowed and lives in New York wi","Cold Storage; Schindler's List; The Naked Gun; The Chronicles of Narnia: The Lion, the Witch and the Wardrobe; Ted 2",actor; drama; documentary; thriller; action,,,,,,,,,,,
Linda Cardellini,1817,https://image.tmdb.org/t/p/w500/bcycvynDprC1rrhBNrnBjn5uOUd.jpg,9.0034,4,female,1975,"Linda Edna Cardellini (born June 25, 1975) is an American actress. In television, she is known for her leading roles in the teen drama Freaks and Geeks (1999–2000), the medical drama ER (2003–09), the drama thriller Bloodline (2015–17), and the tragicomedy Dead to Me (2019–present), the latter of which earned her a nomination for the Primetime Emmy Award for Outstanding Lead Actress in a Comedy Series. She also guest starred in the period drama Mad Men (2013–15), for which she received a Primeti",Avengers: Endgame; Guardians of the Galaxy Vol. 3; Avengers: Age of Ultron; Green Book; Legally Blonde,actor; comedy; drama; adventure; action,,,,,,,,,,,
Jon Bernthal,19498,https://image.tmdb.org/t/p/w500/o0t6EVkJOrFAjESDilZUlf46IbQ.jpg,8.9863,4,male,1976,"Jonathan Edward Bernthal (/ˈbɜːrnθɔːl/; born September 20, 1976) is an American actor. He came to prominence for portraying Shane Walsh on the AMC horror drama series The Walking Dead (2010–2012; 2018), where he was a starring cast member in the first two seasons. Bernthal achieved further recognition as Frank Castle/The Punisher in the Marvel Cinematic Universe, appearing in the second season of Daredevil (2016), the spin-off series The Punisher (2017–2019), and the revival series Daredevil: Bo",Spider-Man: Brand New Day; The Wolf of Wall Street; Fury; The Odyssey; Sicario,actor; drama; action; thriller; crime,,,,,,,,,,,
Jennifer Connelly,6161,https://image.tmdb.org/t/p/w500/wdmcJagSRJ65AuJ4IUCzuHAdvgy.jpg,8.9660,4,female,1970,"Jennifer Lynn Connelly (born December 12, 1970) is an American actress. She began her career as a child model before making her acting debut in the 1984 crime film Once Upon a Time in America. After having worked as a model for several years, she began to concentrate on acting, starring in a variety of films including the horror film Phenomena (1985), the musical fantasy film Labyrinth (1986), the romantic comedy Career Opportunities (1991), and the period superhero film The Rocketeer (1991). Sh",Spider-Man: Homecoming; Top Gun: Maverick; Alita: Battle Angel; Once Upon a Time in America; A Beautiful Mind,actor; drama; romance; thriller; comedy,,,,,,,,,,,
Ester Expósito,2025252,https://image.tmdb.org/t/p/w500/d6ZbK4k612DHKS7ct66QLHl5hfc.jpg,8.9281,4,female,2000,"Ester Expósito is a Spanish actress and model. She gained recognition playing the starring role of Carla Rosón Caleruega in the Spanish drama series Elite, broadcast on Netflix.",,actor; drama; thriller; crime; horror,,,,,,,,,,,
Henry Cavill,73968,https://image.tmdb.org/t/p/w500/kN3A5oLgtKYAxa9lAkpsIGYKYVo.jpg,8.8939,4,male,1983,"Henry William Dalgliesh Cavill (born May 5, 1983) is a British actor. He is known for his portrayal of Charles Brandon in Showtime's The Tudors (2007–2010), DC Comics character Superman in the DC Extended Universe, Geralt of Rivia in the Netflix fantasy series The Witcher (2019–present), as well as Sherlock Holmes in the Netflix film Enola Holmes (2020).  Cavill began his career with roles in the feature adaptations of The Count of Monte Cristo (2002) and I Capture the Castle (2003). He later po",Deadpool & Wolverine; Batman v Superman: Dawn of Justice; Zack Snyder's Justice League; Man of Steel; Mission: Impossible - Fallout,actor; action; adventure; drama; thriller,,,,,,,,,,,
Jenn Rosa,4103293,https://image.tmdb.org/t/p/w500/f2EItX0kOXJjDzZFZSFmGOVS8HB.jpg,8.8750,4,female,,,Kulong,actor; drama; romance; crime; thriller,,,,,,,,,,,
Sabrina Carpenter,1152083,https://image.tmdb.org/t/p/w500/h2JcSqZ220VXDqb6xKBVcRquGGN.jpg,8.8467,4,female,1999,"Sabrina Annlynn Carpenter (born May 11, 1999) is an American singer, songwriter, and actress.  She made her acting debut in 2011. As an actress, she's best known for her roles the Disney Channel series Girl Meets World (2014—2017), the Disney Channel Original Movie Adventures in Babysitting (2016), and the Netflix Originals Tall Girl (2019) and Work It (2020). In 2019, she also starred in the critically acclaimed indie The Short History of the Long Road. Sabrina is also known for her chart-toppi",Tall Girl,actor; music; comedy; drama; documentary,,,,,,,,,,,
Shakib Khan,1682769,https://image.tmdb.org/t/p/w500/pmJvt5SBS1AwJqMSx6Ix8VtdKqQ.jpg,10.1786,4,male,1983,"Shakib Khan (born Masud Rana) is a Bangladeshi film actor. He made his debut in Ananta Bhalobasha (1999), though it did not lead to widespread fame. After a few years, Khan established himself as one of the most successful actors in Bangladeshi film history. Khan secretly married actress Apu Biswas in 2008. They worked together in 72 movies. In his career, Khan has received various awards, including three National Film Awards for Best Actor, for Bhalobaslei Ghor Bandha Jay Na (2010), Khodar Pore",,actor; romance; action; drama; thriller,,,,,,,,,,,
Sergio Goyri,942038,https://image.tmdb.org/t/p/w500/x7TXmva21eXLrzjWWYbdFET8HGb.jpg,8.1136,4,male,1958,"Sergio Goyri is a Mexican actor, director and singer most recognized for his work in soap operas. He entered the world of acting in 1976 as a supporting actor in Contrary Worlds alongside Lucía Méndez, who had his first star performance. Some of the telenovelas he has done are: El maleficio, Angélica, The price of fame, Days without a moon, Stolen life, The biggest prize, I still love you, I am your owner, Lady steel, among others. He directed the film Dying My Way (1994) and appeared in films i",,actor; action; crime; drama; thriller,,,,,,,,,,,
Giorgio Panariello,131670,https://image.tmdb.org/t/p/w500/3etizLabObjEyNOymzfi8H36oba.jpg,8.5418,4,male,1960,,,actor; comedy; drama; romance; documentary,,,,,,,,,,,
Madelyn Cline,1642789,https://image.tmdb.org/t/p/w500/6bFItWARGJFRrkhBaZtvLJf6VRQ.jpg,8.2174,4,female,1997,"Madelyn Cline (born December 21, 1997) is an American actress and model. She is best known for her roles in the Netflix teen drama series Outer Banks (2020–2026), in Rian Johnson's mystery film Glass Onion: A Knives Out Mystery (2022), and in the slasher film I Know What You Did Last Summer (2025).  Description above from the Wikipedia article Madelyn Cline, licensed under CC-BY-SA, full list of contributors on Wikipedia.",Glass Onion: A Knives Out Mystery; I Know What You Did Last Summer; The Map That Leads to You,actor; drama; thriller; mystery; comedy,,,,,,,,,,,
Anaswara Rajan,1899034,https://image.tmdb.org/t/p/w500/zWy5AjnXf7sm60X5PVa0mWDaFsp.jpg,8.9304,4,female,2002,"Anaswara Rajan (born September 8, 2002) is an Indian actress who primarily works in the Malayalam film industry and has also expanded her career into Tamil and Telugu cinema. She began her acting career at a young age and gradually established herself through a mix of child roles and supporting performances before transitioning into lead roles  She made her film debut with the Malayalam film Udaharanam Sujatha (2017), where her performance as a school student received attention and marked her as",,actor; drama; romance; comedy; thriller,,,,,,,,,,,
Hande Erçel,1522703,https://image.tmdb.org/t/p/w500/jrUvWNqOpfDm3D0KhbuRwQOy8Nu.jpg,9.0351,4,female,1993,"Hande Erçel (born 24 November 1993) is a Turkish actress and model, known for her work in television and films. One of turkey's highest-paid actressess. After studying from the Mimar Sinan Fine Arts University, she started her early modeling career, where she won the title of Miss Turkey in 2012, following this, Erçel made her acting debut with a role of Zahide in tv series The Wren.  She gain popularity after playing Selin Yılmaz in Romance, comedy television series Güneşin Kızları for which sh",Two Worlds One Wish,actor; romance; drama; history,,,,,,,,,,,
Emma Watson,10990,https://image.tmdb.org/t/p/w500/mf0OANvWYSzU1d8yggrhyw8IbIz.jpg,8.5701,4,female,1990,"Emma Charlotte Duerre Watson (born 15 April 1990) is an English actress and activist. She has gained recognition for her roles in both blockbusters and independent films, as well as her women's rights work. Watson has been ranked among the world's highest-paid actresses by Forbes and Vanity Fair, and was named one of the 100 most influential people in the world by Time magazine in 2015.  Watson attended the Dragon School and trained in acting at the Oxford branch of Stagecoach Theatre Arts. As a",Harry Potter and the Philosopher's Stone; Harry Potter and the Chamber of Secrets; Harry Potter and the Goblet of Fire; Harry Potter and the Prisoner of Azkaban; Harry Potter and the Half-Blood Prince,actor; adventure; fantasy; documentary; drama,,,,,,,,,,,
Hailee Steinfeld,130640,https://image.tmdb.org/t/p/w500/dxSDWkiVaC6JYjrV3XRAZI7HOSS.jpg,7.2078,3,female,1996,"Hailee Steinfeld (born December 11, 1996) is an American actress and singer. She had her breakthrough with the western film True Grit (2010), which earned her various accolades, including nominations for an Academy Award and a BAFTA Award.  Steinfeld gained wider recognition for her roles in the Pitch Perfect film series (2015–2017) and The Edge of Seventeen (2016), which earned her a Golden Globe nomination. She also starred in Ender's Game (2013), Begin Again (2013) and Bumblebee (2018). She v",Sinners; Spider-Man: Across the Spider-Verse; Spider-Man: Into the Spider-Verse; The Marvels; Bumblebee,actor; action; comedy; drama; adventure,,,,,,,,,,,
Giulio Berruti,544002,https://image.tmdb.org/t/p/w500/cCOWVvjQ1TblPvM7TgMBqMczkOX.jpg,7.8263,3,male,1984,"Giulio Berruti was born on September 27, 1984 in Rome, Lazio, Italy as Giulio Maria Berruti. He is an actor and producer, known for Monte Carlo (2011), The Lizzie McGuire Movie (2003) and Walking on Sunshine (2014).",Melissa P.,actor; romance; comedy; drama; thriller,,,,,,,,,,,
Min Do-yoon,1907997,https://image.tmdb.org/t/p/w500/bHHn3krbHyxQIWb4JbHkPlV6Uu1.jpg,8.0906,4,male,1983,"The play started with a child actor, and he belonged to the drama club even in high school. Started full-scale actor business at the age of 27. He has a well-trained body and many villains have a strong image, but he is also good at comical roles. He is learning Japanese and aiming for activities in Japan. Major appearances include ""Forbidden Sex"", ""Yongjugol"", and ""Studio 2.0""",Invited Delivery Man; 24 Year Old Yoon Yul's Sexy Breasts; Debtor’s Wife; The Day of Swapping; 남친깨기전에빨리빼!,actor; romance; drama; comedy; crime,,,,,,,,,,,
Lee Seung-hyeon,4836698,,7.2701,3,male,,,The Story of Ong-nyeo,actor; romance; drama,,,,,,,,,,,
Ranveer Singh,224223,https://image.tmdb.org/t/p/w500/sRiwLmhduFghJo8U2coUafnDD4C.jpg,10.3474,4,male,1985,"Ranveer Singh Bhavnani (born 6 July 1985) is an Indian film actor who appears in Hindi films. After completing a bachelor's degree from Indiana University, Bloomington, Singh returned to India to pursue a career in film. He made his acting debut in 2010 with a leading role in Yash Raj Films' romantic comedy Band Baaja Baaraat. The film emerged as a critical and commercial success, earning Singh a Filmfare Award in the Best Male Debut category.  Singh went on to star in the romantic drama Lootera",Dhurandhar: The Revenge; Dhurandhar,actor; drama; comedy; romance; action,,,,,,,,,,,
Simran,141705,https://image.tmdb.org/t/p/w500/BRsVC78sFbFy0NQhaUkGkuUUOL.jpg,8.0892,4,female,1976,"Simran Bagga is an Indian actress who has predominantly appeared in Tamil, Telugu and few Malayalam films. She debuted in Bollywood and acted in several Hindi films, before starring in her first Tamil film V.I.P and her first Telugu film Abbai Gari Pelli in 1997. After some highly successful films, she went on establish herself as the most successful actress in Tamil and Telugu film industries. She started her career with glamour roles initially, by the mid 1998 she reinvented herself through pl",Annayya,actor; drama; action; romance; comedy,,,,,,,,,,,
Jude Law,9642,https://image.tmdb.org/t/p/w500/nBGVXLHsNzlG7ouoh4bDggaGKN1.jpg,8.4292,4,male,1972,"David Jude Heyworth Law (born 29 December 1972) is an English actor. He began his career in British theatre before landing small roles in various television productions and feature films. Law gained international recognition for his role in Anthony Minghella's The Talented Mr. Ripley (1999), for which he won the BAFTA Award for Best Actor in a Supporting Role and was nominated for the Academy Award in the same category.  Law found further critical and commercial success in Steven Spielberg's A.I",Sherlock Holmes; Closer; Captain Marvel; The Grand Budapest Hotel; Fantastic Beasts: The Secrets of Dumbledore,actor; drama; thriller; documentary; adventure,,,,,,,,,,,
Arnold Schwarzenegger,1100,https://image.tmdb.org/t/p/w500/dgCABuZp2HBehCT84O4WBp7KIoe.jpg,8.4140,4,male,1947,"Arnold Alois Schwarzenegger (born July 30, 1947) is an Austrian and American actor, businessman, former politician, and former professional bodybuilder, known for his roles in high-profile action films. He served as the 38th governor of California from 2003 to 2011.  Schwarzenegger began lifting weights at age 15 and won the Mr. Universe title at age 20 and, subsequently, the Mr. Olympia title seven times. He is tied with Phil Heath for the joint-second number of all-time Mr. Olympia wins, behin",The Terminator; Terminator 2: Judgment Day; Predator; Terminator Genisys; The Expendables,actor; documentary; action; thriller; comedy,,,,,,,,,,,
Nicolas Cage,2963,https://image.tmdb.org/t/p/w500/y1RtezurZYveYkVNRht7CwEgSYY.jpg,8.3930,4,male,1964,"Nicolas Cage (born Nicolas Kim Coppola; January 7, 1964) is an American actor and filmmaker. He is the recipient of various accolades, including an Academy Award, a Screen Actors Guild Award, and a Golden Globe Award. During the early years of his career, Cage starred in a variety of films such as Rumble Fish (1983), Racing with the Moon (1984), Peggy Sue Got Married (1986), Raising Arizona (1987), Vampire's Kiss (1989), Wild at Heart (1990), Honeymoon in Vegas (1992), and Red Rock West (1993). ",Spider-Man: Into the Spider-Verse; Lord of War; Face/Off; Kick-Ass; The Croods,actor; thriller; drama; action; crime,,,,,,,,,,,
Tobey Maguire,2219,https://image.tmdb.org/t/p/w500/s6PwSvq6gC7PGEjIku69tPbvR8M.jpg,8.1604,4,male,1975,"Tobias ""Tobey"" Vincent Maguire (born June 27, 1975) is an American actor and film producer. He began his career in supporting roles before gaining international recognition and critical acclaim for his portrayal of Spider-Man in Sam Raimi's 2002 film. Maguire reprised the role in two sequels, Spider-Man 2 (2004) and Spider-Man 3 (2007). He played the role again in Spider-Man: No Way Home (2021).  Maguire expanded his career with dramatic roles in Seabiscuit (2003), The Good German (2006), and Th",Spider-Man: No Way Home; Spider-Man; Spider-Man 3; The Cider House Rules; Babylon,actor; drama; comedy; documentary; adventure,,,,,,,,,,,
Nicholas Brendon,71675,https://image.tmdb.org/t/p/w500/q3P0xlATnJrMmvx0Dftt2XuC02f.jpg,7.5614,3,male,1971,"Nicholas Brendon Schultz (April 12, 1971 – March 20, 2026), known professionally as Nicholas Brendon, was an American actor and writer. He was best known for his character Xander Harris on  Buffy the Vampire Slayer.",,actor; horror; thriller; comedy; sci-fi,,,,,,,,,,,
Nicholas Hoult,3292,https://image.tmdb.org/t/p/w500/xesAPMRC5HmPm4D3Stme7rNoNJ7.jpg,7.5848,3,male,1989,"Nicholas Caradoc Hoult (/hoʊlt/; born 7 December 1989) is an English actor. He has received several accolades, including nominations for a British Academy Film Award, two Golden Globes, and a Primetime Emmy Award.  His successful start in cinema came at the age of 11, when he portrayed Marcus in About a Boy (2002). Before that, he had appeared in minor television and film roles in British productions, having started acting at the age of three with his debut in Intimate Relations (1996). At 17, h",Superman; Mad Max: Fury Road; Deadpool 2; X-Men: Days of Future Past; Dark Phoenix,actor; drama; action; comedy; adventure,,,,,,,,,,,
Tyriq Withers,3052321,https://image.tmdb.org/t/p/w500/mAKuI4myaqzM0y8rPNItWXCDo3h.jpg,7.8197,3,male,1998,"Tyriq Leshon Withers (born July 15, 1998) is an American actor. Wither began acting in 2019, appearing in short films and episodic television series such as The CW's Legacies, Tell Me Lies, and The Game. In 2022, Withers broke out as ""Aaron"" in an episode of Donald Glover's FX comedic-drama Atlanta titled ""Rich Wigga, Poor Wigga"".",Reminders of Him; HIM; I Know What You Did Last Summer,actor; horror; thriller; mystery; comedy,,,,,,,,,,,
Hrithik Roshan,78749,https://image.tmdb.org/t/p/w500/5O7WrWe84WDFj7td64NVsobtHf3.jpg,8.6332,4,male,1974,"Hrithik Roshan is an Indian actor who appears in Bollywood films.  After having appeared in films as a child actor in the 1980s, Roshan made his film debut in a leading role in Kaho Naa... Pyaar Hai (2000) for which Roshan earned his Filmfare Awards for Best Actor and Best Male Debut. In 2001, he went on to appear in the melodrama Kabhi Khushi Kabhie Gham..., which became India's highest-grossing film in the overseas market and his biggest commercial success to date.  Following through with seve",War 2,actor; drama; action; romance; thriller,,,,,,,,,,,
Jack Black,70851,https://image.tmdb.org/t/p/w500/59IhgCtiWI5yTfzPhsjzg7GjCjm.jpg,7.6404,3,male,1969,"Thomas Jacob Black (born August 28, 1969) is an American actor, comedian, and musician. He is known for his roles in family and comedy films and his voice work in animated films. His awards include a Children's and Family Emmy Award, a Grammy Award, and three Golden Globe Award nominations.  After portraying supporting roles in films including Dead Man Walking (1995), The Cable Guy (1996), Mars Attacks! (1996), and Enemy of the State (1998), Black had his breakout role in the musical film High F",Anaconda; The Super Mario Bros. Movie; The Super Mario Galaxy Movie; A Minecraft Movie; Saving Silverman,actor; comedy; documentary; music; family,,,,,,,,,,,
Jennifer Lawrence,72129,https://image.tmdb.org/t/p/w500/mDKMsjOMytyBiy7MHNZTa7gp7wj.jpg,7.9125,3,female,1990,"Jennifer Shrader Lawrence (born August 15, 1990) is an American actress and producer. She is known for starring in both action film franchises and independent dramas, and her films have grossed over $6 billion worldwide. The world's highest-paid actress in 2015 and 2016, she appeared on Time's 100 most influential people in the world list in 2013 and the Forbes Celebrity 100 list from 2013 to 2016. Her accolades include an Academy Award, a British Academy Film Award, three Golden Globe Awards, a",Don't Look Up; The Hunger Games: Mockingjay - Part 1; Die My Love; The Hunger Games: Catching Fire; X-Men: Days of Future Past,actor; documentary; drama; sci-fi; adventure,,,,,,,,,,,
Nora Fatehi,1488785,https://image.tmdb.org/t/p/w500/jKvLkySOJFUUnUdE7Zo4oPb9ZzM.jpg,7.2995,3,female,1992,"Nora Fatehi is a Morrocan-Canadian dancer, model, and actress, of Indian and Moroccan origin. She gained popularity dancing in Telugu cinema item songs, later transitioning to Hindi films. Her largest success came from the song 'Dilbar' from the film Satyamev Jayate (2018). Alongside her dancing appearances, she has also acted in movies such as Crazy Cukkad Family (2015) and My Birthday Song (2018) and appeared on the Indian reality TV show, Bigg Boss.",Bāhubali: The Beginning,actor; action; drama; comedy; thriller,,,,,,,,,,,
Charlize Theron,6885,https://image.tmdb.org/t/p/w500/ie1KbeYFG5E0GVr1QP7tDNuXvga.jpg,8.2500,4,female,1975,"Charlize Theron (/ʃɑːrˈliːz ˈθɛrən/ shar-LEEZ THERR-ən; Afrikaans: [ʃarˈlis ˈtrɔn]; born 7 August 1975) is a South African and American actress and producer. One of the world's highest-paid actresses, she is the recipient of various accolades, including an Academy Award and a Golden Globe Award. In 2016, Time named her one of the 100 most influential people in the world.  Theron came to international prominence in the 1990s by playing the leading lady in the Hollywood films The Devil's Advocate ",The Devil's Advocate; Fast X; Doctor Strange in the Multiverse of Madness; Mad Max: Fury Road; The Odyssey,actor; drama; action; comedy; thriller,,,,,,,,,,,
Yui Koike,1161473,https://image.tmdb.org/t/p/w500/bkxHIit5LI96JkaHRmCfqfUSz0S.jpg,5.8795,3,female,1991,Yui Koike is a Japanese actress and former gravure idol. She is known for her role as Ahim de Famille/Gokai Pink in the 2011 Super Sentai series Kaizoku Sentai Gokaiger. She was a member of the idol group Tomato n'Pine. She is currently affiliated with Weeds Company.,,actor; action; adventure; sci-fi; fantasy,,,,,,,,,,,
Hikaru Wakana,237237,https://image.tmdb.org/t/p/w500/fEMbnqEgjSPdRgNAHiayUde3OJ3.jpg,8.1909,4,female,1985,,,actor; romance; comedy; drama; sci-fi,,,,,,,,,,,
Sandra Bullock,18277,https://image.tmdb.org/t/p/w500/2fv0tRKLzG7uBYLjTAW3fyhWEFS.jpg,7.8880,3,female,1964,"Sandra Annette Bullock (/ˈbʊlək/; born July 26, 1964) is an American actress and film producer. The highest-paid actress of 2010 and 2014, Bullock's filmography spans both comedy and drama, and her accolades include an Academy Award and a Golden Globe Award. She was named one of Time's 100 Most Influential People in the world in 2010.  After making her acting debut with a minor role in the thriller Hangmen (1987), Bullock received early attention for her supporting role in the action film Demoli",Bullet Train; Ocean's Eight; The Proposal; The Blind Side; Gravity,actor; drama; comedy; romance; action,,,,,,,,,,,
George Clooney,1461,https://image.tmdb.org/t/p/w500/4s3wI0bqOP7K3hhcmKqV6m3GYiQ.jpg,7.8104,3,male,1961,"George Timothy Clooney (born May 6, 1961) is an American actor and filmmaker. Known for his leading man roles on screen in both blockbuster and independent films, Clooney has received numerous accolades, including two Academy Awards, a BAFTA Award and four Golden Globe Awards, as well as nominations for three Primetime Emmy Awards and a Tony Award. His honours include the Cecil B. DeMille Award in 2015, the Honorary César in 2017, the AFI Life Achievement Award in 2018, and the Kennedy Center Ho",The Flash; Ocean's Eleven; IF; From Dusk Till Dawn; Tomorrowland,actor; documentary; comedy; drama; thriller,,,,,,,,,,,
Isla Fisher,52848,https://image.tmdb.org/t/p/w500/vVeKcMyFMPcIDLYNAnGSGnQrJ3k.jpg,8.0810,4,female,1976,"Isla Lang Fisher (/ˈaɪlə/; born 3 February 1976) is an Australian actress. Born in Oman to Scottish parents who moved with her to Australia during her childhood, she began appearing in television commercials. She became prominent for her portrayal of Shannon Reed on the Australian soap opera Home and Away (1994–1997), for which she received two Logie Award nominations.  Fisher transitioned to Hollywood with a supporting role in the comedy horror film Scooby-Doo (2002) and has since starred in fi",Now You See Me: Now You Don't; Playdate; Now You See Me; Rango; The Great Gatsby,actor; comedy; romance; drama; action,,,,,,,,,,,
Mackenyu,1566805,https://image.tmdb.org/t/p/w500/y4FTSASxsO1F61p3hFIPMCeprut.jpg,6.9607,3,male,1996,"Mackenyu (新田 真剣佑, born November 16, 1996) is a Japanese actor born in Los Angeles, California. He is the son of actor and martial artist Sonny Chiba. He attended Beverly Hills High School in their Advanced Placement Program and appeared in a few films and TV shows while growing up. As a young child, Mackenyu had many interests including horseback riding, Yabusame, Kyokushin Karate (he was placed third at the US Kyokushin Karate Nationals), gymnastics, water polo, and wrestling (for which he beca",Pacific Rim: Uprising; Rurouni Kenshin: The Final; Knights of the Zodiac,actor; drama; action; fantasy; mystery,,,,,,,,,,,
Kirsten Dunst,205,https://image.tmdb.org/t/p/w500/yhLKGjuiMMdbGnFrR8AREkCZcVF.jpg,8.3536,4,female,1982,"Kirsten Caroline Dunst (/ˈkɪərstən/ KEER-stən; born April 30, 1982) is an American actress. She made her acting debut in the anthology film New York Stories (1989) and has since starred in several films and television productions. She has received several awards, including nominations for an Academy Award, a Primetime Emmy Award, and four Golden Globe Awards.  Dunst first gained recognition for her role as child vampire Claudia in the horror film Interview with the Vampire (1994), which earned h",Spider-Man; Spider-Man 3; Eternal Sunshine of the Spotless Mind; Roofman; Hidden Figures,actor; drama; comedy; documentary; romance,,,,,,,,,,,
Ed Harris,228,https://image.tmdb.org/t/p/w500/kUbUA70WPiosPT4kBJMWtGk0ASd.jpg,7.9843,3,male,1950,"Edward Allen Harris (born November 28, 1950) is an American actor and filmmaker. His performances in Apollo 13 (1995), The Truman Show (1998), Pollock (2000), and The Hours (2002) earned him critical acclaim and Academy Award nominations.  Harris has appeared in numerous leading and supporting roles, including in Creepshow (1982), The Right Stuff (1983), Under Fire (1983), Places in the Heart (1984), The Abyss (1989), Glengarry Glen Ross (1992), The Firm (1993), Nixon (1995), The Rock (1996), St",Top Gun: Maverick; A History of Violence; The Truman Show; How to Make a Killing; Geostorm,actor; drama; thriller; comedy; documentary,,,,,,,,,,,
Ian Somerhalder,19211,https://image.tmdb.org/t/p/w500/tSrMGbxGYhda5f2870mfTtn9CG7.jpg,7.2491,3,male,1978,"Ian Somerhalder (born December 8, 1978) is an American model, former actor and producer and founder of the Ian Somerhalder Foundation. He is best known for playing Damon Salvatore in The Vampire Diaries and Boone Carlyle in Lost.",,actor; drama; comedy; thriller; romance,,,,,,,,,,,
Gary Oldman,64,https://image.tmdb.org/t/p/w500/yhaSM5habNNI1Tf4ALRwRk3VvSZ.jpg,6.8227,3,male,1958,"Sir Gary Leonard Oldman (born 21 March 1958) is an English actor and filmmaker. Regarded as one of the best actors of his generation, he is known for his versatility and intense acting style. He received various accolades, including an Academy Award, a Golden Globe Award, a Screen Actors Guild Award, and three British Academy Film Awards. His films have grossed over $11 billion worldwide, making him one of the highest-grossing actors to date.  Oldman began acting in theatre in 1979 and made his ",Oppenheimer; The Dark Knight; Léon: The Professional; Harry Potter and the Goblet of Fire; Harry Potter and the Prisoner of Azkaban,actor; drama; thriller; documentary; crime,,,,,,,,,,,
Gerard Butler,17276,https://image.tmdb.org/t/p/w500/i54XoxYieuff2w6MwyfwVUBvmR0.jpg,7.5664,3,male,1969,"Gerard James Butler (born 13 November 1969) is a Scottish actor and film producer. After studying law, he turned to acting in the mid-1990s with minor roles in productions such as Mrs Brown (1997), the James Bond film Tomorrow Never Dies (1997), and Tale of the Mummy (1998). In 2000, he starred as Count Dracula in the gothic horror film Dracula 2000. He played Attila the Hun in the miniseries Attila (2001), then appeared in the films Reign of Fire (2002) and Lara Croft: Tomb Raider – The Cradle ",Greenland 2: Migration; How to Train Your Dragon; Greenland; How to Train Your Dragon; Geostorm,actor; action; thriller; adventure; drama,,,,,,,,,,,
Kevin Costner,1269,https://image.tmdb.org/t/p/w500/608blZipRDZkDpzp8VItB64qMaT.jpg,7.6121,3,male,1955,"Kevin Michael Costner (born January 18, 1955) is an American actor and filmmaker. He has received two Academy Awards, two Golden Globe Awards, a Primetime Emmy Award, and two Screen Actors Guild Awards.  Costner starred in Fandango, American Flyers, Silverado and many other films. He rose to prominence with his starring roles in The Untouchables and No Way Out (1987). He then starred in Bull Durham (1988), Field of Dreams (1989), Dances with Wolves (1990), for which he won two Academy Awards, JF",Batman v Superman: Dawn of Justice; Zack Snyder's Justice League; Man of Steel; Hidden Figures; Dances with Wolves,actor; drama; documentary; thriller; action,,,,,,,,,,,
Demi Moore,3416,https://image.tmdb.org/t/p/w500/wApParZYBDi4yxekjfxjKEifJYh.jpg,7.7568,3,female,1962,"Demi Gene Moore (née Guynes; November 11, 1962) is an American actress and producer. After rising to prominence in the early 1980s, Moore became the world's highest-paid actress by 1995. Her accolades include a Golden Globe Award and a Screen Actors Guild Award, and nominations for an Academy Award, a British Academy Film Award, and an Emmy Award.  Moore began her career as a model and joined the cast of the soap opera General Hospital in 1981. After departing the show in 1983, she rose to promi",The Substance; Ghost; A Few Good Men; The Hunchback of Notre Dame,actor; drama; comedy; romance; thriller,,,,,,,,,,,
Aidan Gillen,49735,https://image.tmdb.org/t/p/w500/fWWRgyJEGjOPcx43CaFiUCWMBLo.jpg,7.8419,3,male,1968,"Aidan Murphy (born 1967 or 1968), better known as Aidan Gillen (/ˈɡɪlən/), is an Irish actor. He is known for his roles as Stuart Alan Jones in Queer as Folk (1999–2000); Tommy Carcetti in The Wire (2004–2008); John Boy in  Love/Hate (2010–2011); Petyr ""Littlefinger"" Baelish in Game of Thrones (2011–2017), Aberama Gold in Peaky Blinders (2017–2019); as Milo Sunter on Mayor of Kingstown (2021–present); and as Frank Kinsella, in the crime drama Kin (2021–2023). His film roles include CIA operative",The Dark Knight Rises; Bohemian Rhapsody; London Calling; King Arthur: Legend of the Sword; Maze Runner: The Scorch Trials,actor; drama; thriller; crime; comedy,,,,,,,,,,,
Simone Thomalla,37383,https://image.tmdb.org/t/p/w500/qIEz5cDiHoMuoFUjfoi5xcW5KRg.jpg,5.4484,3,female,1965,,,actor; comedy; drama; crime; romance,,,,,,,,,,,
Alexa Demie,1497557,https://image.tmdb.org/t/p/w500/A8jypevyoNHSF2NBRTfdwyjpjX9.jpg,7.9861,3,female,1990,Alexa Demie is an American actress and singer. She is best known for her role as Maddy Perez in the HBO drama series Euphoria.,,actor; comedy; drama; fantasy; action,,,,,,,,,,,
Shad Moss,58197,https://image.tmdb.org/t/p/w500/xsvJmcOQiocYcKtRmfiQbjzVrVw.jpg,6.6279,3,male,1987,"Shad Gregory Moss (born March 9, 1987) is an American rapper and actor. As Lil' Bow Wow, Moss made his rap debut with Beware of Dog in 2000 at the age of 13. He followed with Doggy Bag in 2002 and became Bow Wow.  He made his first movie appearance in All About the Benjamins, in 2002 as a cameo. In the same year, Bow Wow made his debut as the lead role in, Like Mike. He later began to undertake lead roles in movies such as Johnson Family Vacation in 2004, and Roll Bounce, in 2005. He played as a",Scary Movie 5; Furious 7; F9,actor; comedy; drama; action; thriller,,,,,,,,,,,
Kathryn Bernardo,591998,https://image.tmdb.org/t/p/w500/kj1dnoVSE7FFJFsN4EcKdp1i8im.jpg,7.9699,3,female,1996,"Kathryn Chandria Manuel Bernardo (born March 26, 1996) is a Filipino actress and businesswoman. Known for her work in mainstream productions, she has starred in three of the highest-grossing Filipino films of all time: The Hows of Us (2018), Hello, Love, Goodbye (2019), and Hello, Love, Again (2024). Her accolades include a Seoul International Drama Award, an Asian World Film Festival Award, two FAMAS Awards, and 14 Box Office Entertainment Awards.  For her portrayal of a struggling domestic wor",,actor; drama; romance; comedy; action,,,,,,,,,,,
Will Smith,2888,https://image.tmdb.org/t/p/w500/8TlKqbXYgHmmaEoPBJ7djJ8Rxxa.jpg,8.7317,4,male,1968,"Willard Carroll Smith II (born September 25, 1968) is an American actor and rapper. Known for variety of roles, Smith has received various accolades, including an Academy Award, a British Academy Film Award and four Grammy Awards.  Smith began his acting career starring as a fictionalized version of himself on the NBC sitcom The Fresh Prince of Bel-Air (1990–1996). He first gained recognition as part of a hip hop duo with DJ Jazzy Jeff, with whom he released five studio albums and the US Billboa",Bad Boys: Ride or Die; Aladdin; Independence Day; I Am Legend; Men in Black,actor; documentary; comedy; action; sci-fi,,,,,,,,,,,
Wang Churan,2271369,https://image.tmdb.org/t/p/w500/jHSQ3ZOfFhszPuz1kG0zkpHwe8N.jpg,7.3244,3,female,1999,"Wang Churan is a Chinese actress who was born in Shanghai, China, on January 21st in year 1999. She studied at Shanghai Theatre Academy and made her tv-drama acting series debut in 2016 when she appeared in Oh My General (2017). She made it big in 2017 when appearing in the movie Lovers Across Space (2017). More recently, she has appeared in the drama series Serenade of Peaceful Joy (2020).",,actor; fantasy; drama; sci-fi; family,,,,,,,,,,,
Sophie Rundle,1088620,https://image.tmdb.org/t/p/w500/8kZTjHZcvmGo1W53DXM2mjXex2A.jpg,7.9381,3,female,1988,"Sophie Rundle (born 21 April 1988) is a British actress. She is best known for portraying Ada Shelby in the BBC One historical crime drama television series Peaky Blinders, Ann Walker in BBC One and HBO's period drama Gentleman Jack, Vicky Budd in the BBC television series Bodyguard, code-breaker Lucy in the ITV drama series The Bletchley Circle and Labia in the British/American television sitcom Episodes. She also plays Alice in Sky One's 2017 drama Jamestown.",Peaky Blinders: The Immortal Man,actor; drama; horror; crime; thriller,,,,,,,,,,,
Sumithra,584257,https://image.tmdb.org/t/p/w500/yqK5REqTdG5wPPw4wkOAT46NwxL.jpg,8.3618,4,female,1948,"Sumithra is an Indian actress. She has appeared in Tamil, Telugu, Malayalam and Kannada languages. She is best known for her roles as mother after the 90s.",,actor; drama; action; romance; comedy,,,,,,,,,,,
Jessica Biel,10860,https://image.tmdb.org/t/p/w500/3txkpzteYNW12vpREFpagSrWe6d.jpg,7.1176,3,female,1982,"Jessica Claire Timberlake (née Biel; born March 3, 1982) is an American actress and model. She has received various accolades, including a Young Artist Award, and nominations for a Primetime Emmy Award and two Golden Globe Awards.  Biel began her career as a vocalist appearing in musical productions until she was cast as Mary Camden in the family drama series 7th Heaven (1996–2006), in which she achieved recognition.  In 1997, Biel won the Young Artist Award for her role in the drama film Ulee's",Total Recall; The A-Team; Blade: Trinity; The Illusionist,actor; drama; comedy; thriller; romance,,,,,,,,,,,
Chris Evans,16828,https://image.tmdb.org/t/p/w500/jEzGktEMdEkQKemPVR0YGlIYEVl.jpg,7.7392,3,male,1981,"Christopher Robert Evans (born June 13, 1981) is an American actor. He gained worldwide recognition for portraying Steve Rogers / Captain America in various Marvel Cinematic Universe films, from Captain America: The First Avenger (2011) to Avengers: Endgame (2019). His work in the franchise established him as one of the world's highest-paid actors. Evans's films as a leading actor, particularly in the franchise have grossed $11.4 billion worldwide, making him one of the highest-grossing film sta",Avengers: Doomsday; The Avengers; Avengers: Infinity War; Spider-Man: Homecoming; Deadpool & Wolverine,actor; action; sci-fi; adventure; drama,,,,,,,,,,,
Clint Eastwood,190,https://image.tmdb.org/t/p/w500/8TwdCfeOZH7ucRlfLZ6wObxa7cO.jpg,7.7868,3,male,1930,"Clinton ""Clint"" Eastwood Jr. (born May 31, 1930) is an American film actor, director, producer, composer, and former politician. Following his breakthrough role on the TV series ""Rawhide"" (1959–65), Eastwood starred as the Man with No Name in Sergio Leone's Dollars Trilogy of spaghetti westerns (""A Fistful of Dollars,"" ""For a Few Dollars More,"" and ""The Good, the Bad and the Ugly"") in the 1960s, and as San Francisco Police Department Inspector Harry Callahan in the Dirty Harry films (""Dirty Harr","The Good, the Bad and the Ugly; American Sniper; In the Line of Fire; Casper; Dirty Harry",actor; documentary; drama; action; western,,,,,,,,,,,
Suppakarn Jirachotikul,4722966,https://image.tmdb.org/t/p/w500/jBZkuuwkpWwSEHwAb0LzJY1soT5.jpg,7.5487,3,male,2002,"Por Suppakarn Jirachotikul is a Thai actor and singer under DOMUNDI TV. He's currently studying for a bachelor's degree at Dusit Thani College.  Por started in the entertainment industry in 2018 as a member of the special project band Septave. He was also a contestant on the reality survival show ""LAZ iCON"" in 2021. He is a former member of the boy group DVI, along with AuAu.  He made his acting debut in 2024 with a supporting role in the series ""Your Sky"".",,actor,,,,,,,,,,,
Finn Wolfhard,1442069,https://image.tmdb.org/t/p/w500/a1uynFLYQHij42kWu8yW1SvdJSG.jpg,8.1874,4,male,2002,"Finn Wolfhard (born December 23, 2002) is a Canadian actor and musician. He gained recognition for playing Mike Wheeler in the Netflix series Stranger Things (2016–2025). His film roles include Richie Tozier in the film adaptation of Stephen King's horror novel It (2017) and its sequel It: Chapter Two (2019), Boris Pavlikovsky in the drama film The Goldfinch (2019), the voice of Pugsley Addams in The Addams Family (2019), and Trevor Spengler in the supernatural films Ghostbusters: Afterlife (202",It; It Chapter Two; The Legend of Ochi; Ghostbusters: Afterlife; Ghostbusters: Frozen Empire,actor; comedy; fantasy; drama; horror,,,,,,,,,,,
Dwayne Johnson,18918,https://image.tmdb.org/t/p/w500/5QApZVV8FUFlVxQpIK3Ew6cqotq.jpg,8.2736,4,male,1972,"An American and Canadian actor, producer and semi-retired professional wrestler, signed with WWE.  Johnson is half-Black and half-Samoan. His father, Rocky Johnson, is a Black Canadian, from Nova Scotia, and part of the first Black tag team champions in WWE history back when it was known as the WWF along with Tony Atlas. His mother is Samoan and the daughter of Peter Maivia, who was also a pro wrestler. Maivia's wife, Lia Maivia, was one of wrestling's few female promoters, taking over Polynesia",Zootopia 2; Moana 2; Fast X; Red One; Fast & Furious Presents: Hobbs & Shaw,actor; action; drama; documentary; comedy,,,,,,,,,,,
John Travolta,8891,https://image.tmdb.org/t/p/w500/ap8eEYfBKTLixmVVpRlq4NslDD5.jpg,7.7787,3,male,1954,"John Joseph Travolta (born February 18, 1954) is an American actor. He began acting on television before transitioning into a leading man in film. His accolades include a Primetime Emmy Award, three Golden Globe Awards, and nominations for two Academy Awards, a British Academy Film Award, and three Screen Actors Guild Awards.  Travolta came to prominence starring in the sitcom Welcome Back, Kotter (1975–1979), followed by leading roles in Carrie (1976), Grease (1978), Urban Cowboy (1980), and Bl",Pulp Fiction; Grease; Face/Off; From Paris with Love; The Punisher,actor; documentary; drama; thriller; crime,,,,,,,,,,,
Chen Zheyuan,2439184,https://image.tmdb.org/t/p/w500/uOEqq05ghCxZXn7w92nriHu0T5A.jpg,8.1374,4,male,1996,"Chen Zheyuan (陈哲远), born on October 29, 1996, in Shenzhen, Guangdong, China, is a talented Chinese actor and singer. He graduated from Shenzhen University, where he studied performance. Zheyuan began his career in 2015 by participating in the variety program King of Pop and debuted as part of the boy group Mr. Bio.  He made his acting debut in 2017 with the youth drama All About Secrets. Over the years, he has gained recognition for his roles in popular dramas such as Handsome Siblings (2020), O",,actor; action; comedy; mystery; fantasy,,,,,,,,,,,
Ali Larter,17303,https://image.tmdb.org/t/p/w500/5qaQFxx8Az83ycd4LHyQ39HXaEJ.jpg,7.8127,3,female,1976,"Alison Elizabeth ""Ali"" Larter (born February 28, 1976) is an American actress best known for playing the dual roles of Niki Sanders and Tracy Strauss on the NBC science fiction drama Heroes.  She also appeared in guest roles on several television shows in the 1990s. Her screen debut came in the 1999 film Varsity Blues, followed by the horror films House on Haunted Hill and Final Destination. Major supporting roles in the comedy Legally Blonde and the romantic comedy A Lot Like Love led her to le",Legally Blonde; Final Destination; Final Destination 2,actor; comedy; horror; drama; action,,,,,,,,,,,
Jesse Plemons,88124,https://image.tmdb.org/t/p/w500/og4I51GsuwohdPgoELOHVMMqMre.jpg,7.5633,3,male,1988,"Jesse Plemons (/ˈplɛmənz/; born April 2, 1988) is an American actor. He began his career as a child actor and achieved a breakthrough with his role as Landry Clarke in the NBC drama series Friday Night Lights (2006–2011). He subsequently portrayed Todd Alquist in season 5 of the AMC crime drama series Breaking Bad(2012–2013) and its sequel film El Camino: A Breaking Bad Movie (2019). He received his first Primetime Emmy Award nomination for his role as Ed Blumquist in season 2 of the FX antholog",American Made; Bugonia; Civil War; Civil War; Killers of the Flower Moon,actor; drama; comedy; crime; thriller,,,,,,,,,,,
Shah Rukh Khan,35742,https://image.tmdb.org/t/p/w500/tCEppfUu0g2Luu0rS5VKMoL4eSw.jpg,6.6475,3,male,1965,"Shah Rukh Khan (born November 2, 1965), often referred to as SRK or the ""King of Bollywood,"" is one of India's most iconic actors and producers. Born in Delhi, he began his career in television with shows like Fauji (1988) and Circus (1989). His film debut came in 1992 with Deewana, which marked the start of an illustrious career.  Shah Rukh Khan has appeared in over 80 films, earning widespread acclaim for his performances in movies such as Dilwale Dulhania Le Jayenge (1995), Kuch Kuch Hota Hai",Dilwale Dulhania Le Jayenge,actor; drama; romance; comedy; action,,,,,,,,,,,
Mel Gibson,2461,https://image.tmdb.org/t/p/w500/jnqHMaOslt8cef2atSmOpGRvNla.jpg,7.2291,3,male,1956,"Mel Columcille Gerard Gibson (born January 3, 1956) is an actor, film director, producer and screenwriter. Born in Peekskill, New York, Gibson moved with his parents to Sydney, Australia when he was 12 years old and later studied acting at the Australian National Institute of Dramatic Art. After appearing in the ""Mad Max"" and ""Lethal Weapon"" series, Gibson went on to direct and star in the Academy Award-winning ""Braveheart"" (1995). In 2004, he directed and produced ""The Passion of the Christ,"" a",Hunting Season; Braveheart; The Expendables 3; Lethal Weapon; Mad Max,actor; thriller; action; documentary; drama,,,,,,,,,,,
Yang Mi,572043,https://image.tmdb.org/t/p/w500/lPQ9RgOj5hY5AYRJ8G1CedjdCGz.jpg,7.5442,3,female,1986,"Mini Yang, or more commonly known as Yang Mi (Chinese: 杨幂), is a Chinese actress most well-known for her roles in popular television series ""The Return of the Condor Heroes"", ""Chinese Paladin 3"", and ""Palace"". Her most notable film role to date is as Lin Xiao from the ""Tiny Times"" movie series. In 2013, she was named as the 7th most powerful celebrity on Forbes China Celebrity 100 list. In 2014, she married Hong Kong actor Hawick Lau, and gave birth to their daughter in June 2014.",,actor; drama; romance; comedy; action,,,,,,,,,,,
Romina Power,565447,https://image.tmdb.org/t/p/w500/mwrPRD0g0oZCQkPKASMyzsNQy3G.jpg,7.0291,3,female,1951,"Romina Francesca Power (born October 2, 1951) is an American actress and singer born in Los Angeles, California. She is the daughter of Hollywood matinée idol Tyrone Power and actress Linda Christian. Romina Power was half of the music duo Al Bano and Romina Power, which gained popularity in many parts of the world during the 1980s.",,actor; comedy; music; drama; romance,,,,,,,,,,,
Uma Thurman,139,https://image.tmdb.org/t/p/w500/sBgAZWi3o4FsnaTvnTNtK6jpQcF.jpg,8.0814,4,female,1970,"Uma Karuna Thurman is an American actress, writer, producer and model. She has acted in a variety of films, from romantic comedies and dramas to science fiction and action films. Following her appearances on the December 1985 and May 1986 covers of British Vogue, Thurman's breakthrough role was Dangerous Liaisons (1988) in which she starred. She rose to international prominence with her role as Mia Wallace in Quentin Tarantino's 1994 film Pulp Fiction, for which she was nominated for the Academy",Pulp Fiction; Kill Bill: Vol. 1; The Old Guard 2; Nymphomaniac: Vol. II; Kill Bill: The Whole Bloody Affair,actor; drama; comedy; romance; documentary,,,,,,,,,,,
Ben Affleck,880,https://image.tmdb.org/t/p/w500/u525jeDOzg9hVdvYfeehTGnw7Aa.jpg,7.6796,3,male,1972,"Benjamin Géza Affleck (born August 15, 1972) is an American actor and filmmaker. His accolades include two Academy Awards and three Golden Globe Awards. He began his career as a child when he starred in the PBS educational series The Voyage of the Mimi (1984, 1988). He later appeared in the independent coming-of-age comedy Dazed and Confused (1993) and various Kevin Smith films, including Mallrats (1995), Chasing Amy (1997) and Dogma (1999). Affleck gained wider recognition when he and childhood",The Rip; Batman v Superman: Dawn of Justice; Gone Girl; Zack Snyder's Justice League; The Flash,actor; drama; comedy; documentary; thriller,,,,,,,,,,,
Natalie Portman,524,https://image.tmdb.org/t/p/w500/edPU5HxncLWa1YkgRPNkSd68ONG.jpg,6.7951,3,female,1981,"Natalie Portman (born Natalie Hershlag, June 9, 1981) is an actress with dual American and Israeli citizenship. Her first role was in the 1994 action thriller Léon: The Professional, opposite Jean Reno. She was later cast as Padmé Amidala in the Star Wars prequel trilogy (released in 1999, 2002 and 2005).  Born in Jerusalem to an Israeli father and American mother, Portman grew up in the eastern United States from the age of three. She studied dancing and acting in New York, and starred in Star ",Avengers: Endgame; Léon: The Professional; Heat; Closer; Thor,actor; drama; comedy; romance; action,,,,,,,,,,,
Prabhas,237045,https://image.tmdb.org/t/p/w500/u6RVP8ukgLaymeoi5VmX0JRAcCn.jpg,7.2122,3,male,1979,"Uppalapati Venkata Satyanarayana Prabhas Raju known mononymously as Prabhas, is an Indian actor who works predominantly in Telugu films. Prabhas made his screen debut with the 2002 Telugu action drama film Eeswar. He has garnered the state Nandi Award for Best Actor, for his role in Mirchi. Prabhas is the first south Indian actor to have his wax sculpture at Madame Tussaud's wax museum.",Bāhubali: The Epic; The Rajasaab; Bāhubali: The Beginning,actor; action; drama; romance; fantasy,,,,,,,,,,,
Yda Manzano,1319939,https://image.tmdb.org/t/p/w500/9ZZbVcCl8U3GqnqHeBREsAilpNh.jpg,7.5070,3,female,,"Yda Manzano is a Filipino actress who appeared in several films in the late 1990s and early 2000s, including May Sayad (1998) and Sa Iyong Mga Haplos (2001). Known for her work in drama and suspense genres, she established herself as a recognizable face in Philippine cinema during that period. In recent years, she has remained active in television and entertainment, continuing to contribute to the local industry.",Ekis; Obsesyon,actor; drama; romance; thriller; action,,,,,,,,,,,
Wanpichit Nimitparkpoom,4580611,https://image.tmdb.org/t/p/w500/jkegjsowUIDC1UcVOGZIhE7Z97S.jpg,7.1212,3,male,2005,"TeeTee Wanpichit Nimitphakphum is a Thai actor under DOMUNDI TV. He's currently studying for a bachelor's degree at the University of Thai Chamber of Commerce's Business School, majoring in Digital Marketing.  TeeTee started in the entertainment industry in 2022 when he was a contestant on the 'To Be Number One Idol 12'. He made his acting debut in 2024 with a guest role in the series ""Your Sky"".",,actor,,,,,,,,,,,
Amanda Peet,2956,https://image.tmdb.org/t/p/w500/5TfyCj0X9ftKO11FN057P05s78C.jpg,9.9335,4,female,1972,"Amanda Peet (born January 11, 1972) is an American actress, writer and producer. She began her career with small parts on television, and made her feature film debut in Animal Room (1995). Her portrayal of Jill St. Claire in The Whole Nine Yards (2000) brought her wider recognition, and she has since appeared in a variety of films, such as Saving Silverman (2001), High Crimes; Changing Lanes; Igby Goes Down (all 2002), Something's Gotta Give (2003), Identity (2003), Melinda and Melinda (2004), A",Saving Silverman; 2012; Identity,actor; comedy; drama; romance; thriller,,,,,,,,,,,
Zazie Beetz,1545693,https://image.tmdb.org/t/p/w500/sgxzT54GnvgeMnOZgpQQx9csAdd.jpg,7.4930,3,female,1991,"Zazie Olivia Beetz (born June 1, 1991) is a German-American actress. She has received various accolades, most notably an Emmy Award nomination for Outstanding Supporting Actress in a Comedy Series for her role in Atlanta in 2018. Additionally, she has been nominated for Screen Actors Guild Awards and Critics' Choice Movie Awards for her participation in high-profile film and television productions.  ​She began her career appearing in short films before landing her first significant role in the m","Good Luck, Have Fun, Don't Die; Joker; The Bad Guys 2; They Will Kill You; Deadpool 2",actor; drama; comedy; thriller; action,,,,,,,,,,,
Edward Norton,819,https://image.tmdb.org/t/p/w500/8nytsqL59SFJTVYVrN72k6qkGgJ.jpg,7.7889,3,male,1969,"Edward Harrison Norton (born August 18, 1969) is an American actor and filmmaker. After graduating from Yale College in 1991 with a degree in history, he worked for a few months in Japan before moving to New York City to pursue an acting career. He gained recognition and critical acclaim for his debut in Primal Fear (1996), which earned him a Golden Globe for Best Supporting Actor and an Academy Award nomination in the same category. His role as a redeemed neo-Nazi in American History X (1998) e",Fight Club; Kingdom of Heaven; The Incredible Hulk; The Grand Budapest Hotel; Alita: Battle Angel,actor; documentary; drama; comedy; thriller,,,,,,,,,,,
Jamie Lee Curtis,8944,https://image.tmdb.org/t/p/w500/eb0lIt32WwrjtCULe5z6l9eBf06.jpg,6.8187,3,female,1958,"Jamie Lee Curtis (born November 22, 1958) is an American actress, producer, and children's author. Known for her performances in the horror and slasher genres, as well as in multiple comedies, she is regarded as a ""scream queen"". As of 2023, her films have grossed over $2.5 billion at the box office. Curtis has received numerous accolades, including an Academy Award, a BAFTA Award, a Primetime Emmy Award, two Golden Globe Awards, and two Screen Actors Guild Awards, as well as a nomination for a ",Knives Out; Everything Everywhere All at Once; Halloween; Borderlands; Ella McCay,actor; documentary; comedy; drama; thriller,,,,,,,,,,,
Jensen Ackles,49624,https://image.tmdb.org/t/p/w500/xgOAHqDiqdZCF1BhfHaeLrd47ki.jpg,7.7889,3,male,1978,"Jensen Ross Ackles (born March 1, 1978) is a European-American actor, producer, director and singer. He is most notable for his television role as Dean Winchester on the CW television series Supernatural. His other popular roles include Soldier Boy on the popular Amazon Prime original series The Boys, Eric Brady in Days of our Lives which earned him several Daytime Emmy Award nominations, Alec/X5-494 in Dark Angel, and Jason Teague in Smallville.",My Bloody Valentine,actor; animation; action; mystery; comedy,,,,,,,,,,,
Josh Brolin,16851,https://image.tmdb.org/t/p/w500/sX2etBbIkxRaCsATyw5ZpOVMPTD.jpg,7.5146,3,male,1968,"Josh James Brolin (born February 12, 1968) is an American actor. A son of actor James Brolin, he gained fame in his youth for his role in the adventure film The Goonies (1985). After years of decline, Brolin had a resurgence with his starring role in the crime film No Country for Old Men (2007). Brolin received a nomination for the Academy Award for Best Supporting Actor for portraying Dan White in the biopic Milk (2008).  Brolin's career progressed with roles in W. (2008), True Grit (2010), Wal",Avengers: Infinity War; The Running Man; Dune; Dune: Part Three; Dune: Part Two,actor; drama; thriller; documentary; action,,,,,,,,,,,
Arielle Kebbel,20373,https://image.tmdb.org/t/p/w500/eFN9TTOFk4COQQsDSufChNd7GfP.jpg,7.4065,3,female,1985,"Arielle Caroline Kebbel (born February 19, 1985) is an American actress and model. She has appeared in various television series, including Gilmore Girls (2003–2004), The Vampire Diaries (2009–2017), Life Unexpected (2010), 90210 (2011–2013), Ballers (2015–2016, 2019), Midnight Texas (2017–2018), and Lincoln Rhyme: Hunt for the Bone Collector (2019–2020). Kebbel has also appeared in films such as American Pie Presents: Band Camp (2005), John Tucker Must Die (2006), The Grudge 2 (2006), Forever S",Fifty Shades Freed; After We Fell; After Ever Happy,actor; comedy; romance; drama; thriller,,,,,,,,,,,
Şükrü Özyıldız,1352403,https://image.tmdb.org/t/p/w500/4mtjJDiFo46bKuW5Hs759vNMsAm.jpg,7.5588,3,male,1988,Turkish actor. He is best known for his leading roles in the Star TV and later Fox TV series Benim Hala Umudum Var and Kanal D series Şeref Meselesi.,,actor; comedy; romance; drama; music,,,,,,,,,,,
Hudson Williams,4194612,https://image.tmdb.org/t/p/w500/qahFJFc6RFExOlf0lDeHau0iEol.jpg,7.4548,3,male,2001,"Hudson Williams (born February 13, 2001) is a Canadian actor. He has appeared in projects such as Allegiance (2024), All I Need for Christmas (2024), and Tracker (2025).  He is best known for his breakout role as Shane Hollander in the Crave original television series Heated Rivalry (2025).",,actor; drama; horror; crime; comedy,,,,,,,,,,,
José Palma,1208869,https://image.tmdb.org/t/p/w500/jwt9VxhxfOWz1iiEE7zMcQSbhxW.jpg,6.1936,3,male,1979,,,actor; drama; comedy; music; romance,,,,,,,,,,,
Adrien Brody,3490,https://image.tmdb.org/t/p/w500/v2U61NlN1LEPhFGjvjLQr3OVWYk.jpg,7.1871,3,male,1973,"Adrien Nicholas Brody (born April 14, 1973) is an American actor. He is known for his portrayal of Władysław Szpilman in Roman Polanski's war drama The Pianist (2002), for which he won the Academy Award for Best Actor at age 29, becoming the youngest actor to win in that category. He also became the second American male actor to win the César Award for Best Actor for the same film. For his role as a Holocaust survivor who immigrates to the United States in The Brutalist (2024), he won a Golden G",The Pianist; The Grand Budapest Hotel; King Kong; Ghosted; The Village,actor; drama; comedy; thriller; documentary,,,,,,,,,,,
Rachanun Mahawan,2729031,https://image.tmdb.org/t/p/w500/1ZGvNyn6q5QK117YWHGXtXfeZ4W.jpg,7.4700,3,female,2000,"Film Rachanun Mahawan is a Thai actress under GMMTV. In 2022, she graduated with a bachelor's degree from the School of Architecture and Design at the King Mongkut's University of Technology Thonburi.  Film started in the entertainment industry in 2019 when she became one of the two winners of the Clean & Clear's and GMMTV's star search competition ""Go On Girl & Guy Star Search 2019"". She made her acting debut in 2019 with a guest role in the series ""Dark Blue Kiss"".",,actor; drama; romance; comedy; music,,,,,,,,,,,
Samara Weaving,1372369,https://image.tmdb.org/t/p/w500/7ThO37CpqkBRgrosep0ROVs2q5s.jpg,8.3677,4,female,1992,Samara Weaving (born 23 February 1992) is an Australian actress and model. She got her start in acting by portraying the role of Kirsten Mulroney in the Australian-produced BBC television series Out of the Blue and Indi Walker in the Australian soap-opera Home and Away (2009-2013). She has also starred in the Netflix film The Babysitter (2017).,Ready or Not: Here I Come; Ready or Not; Scream VI; Eenie Meanie; Babylon,actor; comedy; thriller; drama; action,,,,,,,,,,,
Zoe Saldaña,8691,https://image.tmdb.org/t/p/w500/vQBwmsSOAd0JDaEcZ5p43J9xzsY.jpg,6.5415,3,female,1978,"Zoë Yadira Saldaña-Perego (/sɑːlˈdænjə/ sahl-DAN-yə, Latin American Spanish: [ˈso.e salˈdaɲa]; née Saldaña Nazario; born June 19, 1978) is an American actress. Known primarily for her work in science fiction film franchises, she has starred in four of the seven highest-grossing films of all time, including the top three (Avatar, Avatar: The Way of Water, and Avengers: Endgame). Films she has appeared in have grossed more than $15 billion worldwide, and, as of 2024, she is the second highest-gros",Avatar: Fire and Ash; Avengers: Infinity War; Avatar; Avatar: The Way of Water; Avengers: Endgame,actor; drama; comedy; adventure; action,,,,,,,,,,,
Robin Tunney,17346,https://image.tmdb.org/t/p/w500/vOmWyYNoVEaPPvoto4IW8dSXn7I.jpg,6.9094,3,female,1972,"Robin Tunney (born June 19, 1972) is an American actress. Tunney made her film debut in the comedy Encino Man (1992) and rose to prominence with leading roles in the cult films Empire Records (1995) and The Craft (1996). Her performance in Niagara, Niagara (1997) won her acclaim and the Volpi Cup for Best Actress. She had leading roles in the films End of Days (1999), Supernova and Vertical Limit (both 2000). Tunney earned critical acclaim for playing Veronica Donovan on Prison Break (2005–2006)",,actor; drama; comedy; thriller; crime,,,,,,,,,,,
Javier Bardem,3810,https://image.tmdb.org/t/p/w500/p5xjCovj1uzvA2SXrWLH78Nh1Jf.jpg,6.2574,3,male,1969,"Javier Ángel Encinas Bardem (born 1 March 1969) is a Spanish actor. In a career that has lasted over thirty years, he has received various accolades, including an Academy Award, seven Goya Awards, a BAFTA Award, and a Golden Globe Award.  A son of actress Pilar Bardem, he first became known for such Spanish films as Jamón jamón(1992), Boca a boca (1995), Carne trémula(1997), Los lunes al sol (2002), and Mar adentro (2004). He received nominations for the Academy Award for Best Actor for playing ",F1; Dune; Dune: Part Three; Dune: Part Two; Torrente: The Dumb Arm of the Law,actor; drama; thriller; comedy; romance,,,,,,,,,,,
Ahmed El Awadi,1951967,https://image.tmdb.org/t/p/w500/okGwM8RGj5A88GWdNevH4LPXYc4.jpg,7.5379,3,male,,"Egyptian actor Ahmed Al-Awadi graduated from the College of Business at Helwan University in 2006. He was discovered by well-known actor Nour El Sherif who offered him a role on the television series “Matkhafoush” (Don’t Be Afraid; 2009). Al-Awadi has also appeared in several other television series including: “Al Daly 3” (2011), “Mirath El-Reeh” (Legacy of the Wind; 2013), and “El-Seba’a Wisaya” (The Seven Commandments; 2014).",,actor; action; drama; thriller; comedy,,,,,,,,,,,
Adam Sandler,19292,https://image.tmdb.org/t/p/w500/gLkLCsQdwDDPabRhKPB25nGtKwS.jpg,7.3860,3,male,1966,"Adam Richard Sandler (born September 9, 1966) is an American comedian, actor, and filmmaker. He was a cast member on Saturday Night Live from 1990 to 1995, before going on to star in many Hollywood films, which have combined to earn more than $2 billion at the box office. Sandler had an estimated net worth of $420 million in 2020, and signed a further four-movie deal with Netflix worth over $250 million.  Sandler's comedic roles include Billy Madison (1995), Happy Gilmore (1996), The Waterboy (1",Pixels; Grown Ups; That's My Boy; Hotel Transylvania; Grown Ups 2,actor; comedy; documentary; drama; romance,,,,,,,,,,,
Dakota Fanning,501,https://image.tmdb.org/t/p/w500/hwcO08SVWkelfvgfIa5HsTMxsK8.jpg,7.0015,3,female,1994,"Hannah Dakota Fanning (born February 23, 1994) is an American actress. Fanning is known for her roles in blockbuster films and independent features, both as a child actor and as an adult. Her accolades include nominations for a Primetime Emmy Award, a Golden Globe Award, and two Screen Actors Guild Awards.  Fanning received recognition at age 7 for starring in the drama film I Am Sam (2001), for which she was nominated for the SAG Award for Outstanding Performance by a Female Actor in a Supporti",Coraline; Once Upon a Time... in Hollywood; Ocean's Eight; The Equalizer 3; War of the Worlds,actor; drama; comedy; thriller; romance,,,,,,,,,,,
Elijah Wood,109,https://image.tmdb.org/t/p/w500/ayARmqAe9Aab1zg6FjJG0u9MEBo.jpg,7.3395,3,male,1981,"Elijah Jordan Wood (born January 28, 1981) is an American actor and producer. He rose to international fame for his portrayal of Frodo Baggins in The Lord of the Rings film trilogy (2001–2003) and The Hobbit: An Unexpected Journey (2012).  Wood made his film debut with a small part in Back to the Future Part II (1989). He went on to achieve recognition as a child actor with multiple roles such as Avalon (1990) and The Good Son (1993). As a teenager, he starred in several films including North (1",Ready or Not: Here I Come; The Lord of the Rings: The Return of the King; The Lord of the Rings: The Fellowship of the Ring; The Lord of the Rings: The Two Towers; The Faculty,actor; documentary; drama; comedy; adventure,,,,,,,,,,,
Walton Goggins,27740,https://image.tmdb.org/t/p/w500/5lcVMJbWrNDFiWa1WxK4oR8zwev.jpg,7.9787,3,male,1971,"Walton Sanders Goggins Jr. (born November 10, 1971) is an American actor. He has starred in various television series, including The Shield (2002–08), Justified (2010–2015), Vice Principals (2016–17), The Righteous Gemstones (2019–25), Invincible (2021–present), Fallout (2024–present), and The White Lotus (2025). He was nominated for the Primetime Emmy Award for Outstanding Supporting Actor in a Drama Series for Justified and The White Lotus, and for the Primetime Emmy Award for Outstanding Lead",Django Unchained; The Hateful Eight; The Bourne Identity; Ant-Man and the Wasp; Tomb Raider,actor; drama; action; thriller; comedy,,,,,,,,,,,
Chris Hemsworth,74568,https://image.tmdb.org/t/p/w500/piQGdoIQOF3C1EI5cbYZLAW1gfj.jpg,6.9884,3,male,1983,"Christopher Hemsworth AM (born 11 August 1983) is an Australian actor. Born and raised in Melbourne, Victoria, and Bulman, Northern Territory, he rose to prominence playing Kim Hyde in the Australian television series Home and Away (2004–2007) before beginning a film career in Hollywood. In the Marvel Cinematic Universe, Hemsworth starred as Thor in the 2011 film of the same name and reprised the role in several subsequent instalments, which established him among the world's highest-paid actors.",Crime 101; Avengers: Doomsday; The Avengers; Avengers: Infinity War; Avengers: Endgame,actor; action; adventure; sci-fi; comedy,,,,,,,,,,,
Andrew Garfield,37625,https://image.tmdb.org/t/p/w500/beO5YvbTjrr5yy8hW26KVDMSr35.jpg,7.6369,3,male,1983,"Andrew Russell Garfield (born August 20, 1983) is an British-American actor and producer. He came to international attention when he co-starred in Never Let Me Go (2010) alongside Carey Mulligan and Keira Knightley, as well as the supporting role of Eduardo Saverin in the drama The Social Network (2010). He gained wider recognition for playing Peter Parker in the superhero films The Amazing Spider-Man (2012), The Amazing Spider-Man 2 (2014), and in Spider-Man: No Way Home (2021).  He is Jewish o",Spider-Man: No Way Home; The Amazing Spider-Man; The Amazing Spider-Man 2; Hacksaw Ridge; The Social Network,actor; drama; documentary; history; mystery,,,,,,,,,,,
Milana Vayntrub,1454946,https://image.tmdb.org/t/p/w500/i5Cou9ExwTZvRRtl79V75CsI7oC.jpg,7.2535,3,female,1987,"Milana Aleksandrovna Vayntrub (born March 8, 1987) is an American actress, comedian, and activist. Born in the Soviet Union to Jewish parents, she began her career as a child actress shortly after immigrating to the United States. She came to prominence for her appearances in AT&T television commercials as saleswoman Lily Adams from 2013 to 2016 and since 2020.",Project Hail Mary; Ghostbusters,actor; comedy; action; animation; family,,,,,,,,,,,
Do Hee,3961517,https://image.tmdb.org/t/p/w500/vDit74BhcHxhA3leJjHmdOd2JHd.jpg,6.3636,3,female,,A South Korean AV actress and model.,Wife Swap,actor; romance; drama,,,,,,,,,,,
Dafne Keen,1464650,https://image.tmdb.org/t/p/w500/34BhddK5z2YHjfppOleezVrQ7Jt.jpg,6.7007,3,female,2005,"Dafne Keen Fernández (born 4 January 2005) is a Spanish and British actress. Keen made her child acting debut in the series The Refugees (2015). Her breakthrough role was as Laura in the X-Men superhero film Logan (2017), which she reprised for the Marvel Cinematic Universe (MCU) film Deadpool & Wolverine (2024). She also starred as Lyra Belacqua in the television series His Dark Materials (2019–2022) and Jecki Lon in the Star Wars series The Acolyte (2024).  Description above from the Wikipedia",Whistle; Deadpool & Wolverine; Logan,actor; comedy; horror; action; sci-fi,,,,,,,,,,,
Annabelle Wallis,82809,https://image.tmdb.org/t/p/w500/b6PltW1e18BdmRz3nKZ7ID9uZ24.jpg,7.5423,3,female,1984,"Annabelle Frances Wallis (born 5 September 1984) is an English actress. She is known for her roles as Jane Seymour in Showtime's period drama The Tudors, Grace Burgess in the BBC drama Peaky Blinders, Mia Form in the supernatural horror film Annabelle, Jenny Halsey in the supernatural adventure film The Mummy, Sandra in Silent Night, and Madison Mitchell in the horror film Malignant.  Description above from the Wikipedia article Annabelle Wallis, licensed under CC-BY-SA, full list of contributor",Mercy; King Arthur: Legend of the Sword; Annabelle: Creation; Annabelle,actor; thriller; action; drama; horror,,,,,,,,,,,
Zibby Allen,204239,https://image.tmdb.org/t/p/w500/uPvugIWF4tqpt99MXVcnBnw4fRv.jpg,6.1722,3,female,1980,"Zibby Allen (born September 29, 1980) is an American actress.",,actor; drama; comedy; romance; thriller,,,,,,,,,,,
Amanda Seyfried,71070,https://image.tmdb.org/t/p/w500/fQ4JaWimkid15Eqq4E6XP2We68b.jpg,7.2514,3,female,1985,"Amanda Michelle Seyfried (/ˈsaɪfrɛd/ SY-fred; born December 3, 1985) is an American actress. She began acting at 15, with recurring roles as Lucy Montgomery in the CBS soap opera As the World Turns (1999–2001) and Joni Stafford in the ABC soap opera All My Children (2003). She came to prominence for her feature film debut in the teen comedy Mean Girls (2004) and her roles as Lilly Kane in the UPN mystery drama series Veronica Mars (2004–2006) and Sarah Henrickson in the HBO drama series Big Love",The Housemaid; Ted 2; Mean Girls; The Testament of Ann Lee; In Time,actor; drama; comedy; thriller; romance,,,,,,,,,,,
Woody Harrelson,57755,https://image.tmdb.org/t/p/w500/igxYDQBbTEdAqaJxaW6ffqswmUU.jpg,6.5505,3,male,1961,"Woodrow Tracy ""Woody"" Harrelson (born July 23, 1961) is an American actor. He first became known for his role as bartender Woody Boyd on the NBC sitcom Cheers (1985–1993), for which he won a Primetime Emmy Award for Outstanding Supporting Actor in a Comedy Series from five nominations. Harrelson received three Academy Award nominations: Best Actor for The People vs. Larry Flynt (1996),  Best Supporting Actor for The Messenger (2009) and Three Billboards Outside Ebbing, Missouri (2017).   Other n",Now You See Me: Now You Don't; Venom; 2012; No Country for Old Men; The Hunger Games: Mockingjay - Part 1,actor; drama; comedy; documentary; crime,,,,,,,,,,,
Jet Li,1336,https://image.tmdb.org/t/p/w500/c4s8INzU0ZAujCQ1YmphCmcsNzl.jpg,7.6122,3,male,1963,"Li Lianjie (李连杰, born April 26, 1963), better known by his stage name Jet Li, is a Chinese martial artist, actor, film producer, wushu champion, and international film star who was born in Beijing, China, and who has currently taken up Singapore citizenship.  After three years of intensive training with Wu Bin, Li won his first national championship for the Beijing Wushu Team. After retiring from wushu at age 17, he went on to win great acclaim in China as an actor making his debut with the film",Blades of the Guardians: Wind Rises in the Desert; The Expendables; The Expendables 2; The Expendables 3; Mulan,actor; action; thriller; documentary; comedy,,,,,,,,,,,
Ella Schrey-Yeats,2871740,https://image.tmdb.org/t/p/w500/qC9I0dAR8KVBz9Id42PIII0AGZG.jpg,6.3815,3,female,2003,,,actor,,,,,,,,,,,
Jyothika,147324,https://image.tmdb.org/t/p/w500/9rcFS99kwlSiQdY5Iv9YctJKh1F.jpg,7.0478,3,female,1978,"Jyothika Saravanan born as Jyothika Sadanah is an Indian actress who predominantly appears in Tamil films. She also acted in some Kannada, Malayalam, Telugu and Hindi films.  She debuted in Bollywood in the Hindi film Doli Saja Ke Rakhna, directed by Priyadarshan. She starred in her first Tamil film Vaali and her first Telugu film Tagore, opposite Chiranjeevi.  Jyothika received critical praise for playing a blind woman in Perazhagan, Alter-egos Chandramukhi and Ganga in Chandramukhi, A mute and",,actor; drama; action; romance; thriller,,,,,,,,,,,
Paisley Cadorath,2593447,https://image.tmdb.org/t/p/w500/4fbnxs6x5I2f4lSkegDP021ISTJ.jpg,6.6035,3,female,2011,"Paisley Cadorath was born Sept 20, 2011 in Winnipeg Manitoba. She is the younger of two children. Her older brother, Kowen Cadorath is also an aspiring actor and has always been a positive influence in his sisters life. Paisley started acting at 7 years old. In 2018 she enrolled in Expressions Film Studio in Winnipeg, Mb. Her uncle Matthew Stefanson has been a big influence in her acting career. He has been her teacher and coach. It was her uncles influence that led to her big break in her first",Nobody 2; Nobody,actor; action; thriller; horror,,,,,,,,,,,
Rashmika Mandanna,1752056,https://image.tmdb.org/t/p/w500/c1wQq0OAzU9nFhGYn4iOoi7dmqD.jpg,6.5988,3,female,1996,"Rashmika Mandanna is an Indian actress who has quickly become one of the most prominent stars across Kannada, Telugu, Tamil and Hindi cinema. She made her debut with the hit Kirik Party (2016) in Kannada and soon became a leading name in Telugu films with Geetha Govindam (2018). Her performance as ""Srivalli"" in the pan Indian blockbuster Pushpa series brought her nationwide fame. Expanding into Bollywood, she starred in Animal (2023) and Chhaava (2025), further cementing her cross industry appea",,actor; action; drama; comedy; romance,,,,,,,,,,,
Emma Myers,2604515,https://image.tmdb.org/t/p/w500/5lSu5uv2NWkKIcCuFXVWPeR9Zu6.jpg,6.6792,3,female,2002,"Emma Elizabeth Myers is an American actress. She began her career as a child actress in 2010 when she appeared in The Glades. She gained recognition for starring in the comedy horror series Wednesday (2022–present) and has since starred in the comedy film Family Switch (2023), the mystery series A Good Girl's Guide to Murder (2024), and the fantasy adventure comedy film A Minecraft Movie (2025).  Emma Elizabeth Myers was born on April 2, 2002, in Orlando, Florida, to Nicole and Jeremy Myers. She",A Minecraft Movie; Girl in the Basement,actor; family; comedy; fantasy; adventure,,,,,,,,,,,
Go Youn-jung,2791233,https://image.tmdb.org/t/p/w500/yQcX0c5q65CFax9kAEkZl0a8HZc.jpg,7.5865,3,female,1996,"Go Youn-jung (고윤정) is a South Korean actress who was born on April 22, 1996. She made her first public appearance as a model for University Tomorrow magazine. She debuted as an actress on the television series He Is Psychometric (2019), followed it with supporting roles in Sweet Home (2020) and Law School (2021), and after her breakthrough role in Alchemy of Souls (2022), has since become one of South Korea's most sought-after actresses.  She is best known for her roles in Moving (2023) and Resi",,actor; action; mystery; drama,,,,,,,,,,,
Kitty de Hoyos,585986,https://image.tmdb.org/t/p/w500/oIVIprBuZZU8nIKzMzZ1ORolIG2.jpg,4.3999,3,female,1941,"María Cristina Guadalupe Vega Hoyos (8 March 1941 - 28 December 1999), better known as Kitty de Hoyos, was Mexican actress from the Golden Age of Mexican Cinema.",,actor; drama; comedy; crime; adventure,,,,,,,,,,,
Clara Lee,1149923,https://image.tmdb.org/t/p/w500/rCu6AzXrPpuAC5THKlO4EQFRGOb.jpg,6.1671,3,female,1985,"Lee Sung Min, born in Switzerland, is a British model and actress, based in South Korea, represented by EYAGI Entertainment.  Lee Sung Min made her entertainment debut under her birth name in 2005 and starred in her first film in 2009, called Five Senses of Eros. In January of 2012, she announced at a press conference for the drama series, Take Care of Us, Captain that she will be going by her new stage name Clara. The reason for such a choice was because Clara felt that her birth name Sung Min ",Crush The Wicked; The Wandering Earth II,actor; drama; action; comedy; romance,,,,,,,,,,,
Elizabeth Olsen,550843,https://image.tmdb.org/t/p/w500/wIU675y4dofIDVuhaNWPizJNtep.jpg,6.8722,3,female,1989,"Elizabeth Chase Olsen (born February 16, 1989) is an American actress. She gained worldwide recognition for her portrayal of Wanda Maximoff / The Scarlet Witch in the Marvel Cinematic Universe since 2014, with her performance in the miniseries WandaVision (2021) earning her nominations for a Primetime Emmy Award, a Golden Globe Award, and a Critics’ Choice Television Award.  Born in Sherman Oaks, California, Olsen began acting at age four alongside her sisters Mary-Kate and Ashley Olsen. She had",Avengers: Infinity War; Avengers: Endgame; Eternity; Avengers: Age of Ultron; Captain America: Civil War,actor; drama; thriller; comedy; action,,,,,,,,,,,
Willem Dafoe,5293,https://image.tmdb.org/t/p/w500/ui8e4sgZAwMPi3hzEO53jyBJF9B.jpg,6.7026,3,male,1955,"William James ""Willem"" Dafoe (born July 22, 1955) is an American actor. Known for his prolific career portraying diverse roles in both mainstream and arthouse films, he is the recipient of various accolades, including the Volpi Cup for Best Actor as well as nominations for four Academy Awards, a BAFTA Award, four Golden Globe Awards, four Critics' Choice Movie Awards, and five Screen Actors Guild Awards. He has frequently collaborated with filmmakers Paul Schrader, Abel Ferrara, Lars von Trier, ",Spider-Man: No Way Home; Spider-Man; Spider-Man 3; Born on the Fourth of July; Finding Nemo,actor; drama; documentary; thriller; action,,,,,,,,,,,
Milla Jovovich,63,https://image.tmdb.org/t/p/w500/usWnHCzbADijULREZYSJ0qfM00y.jpg,7.2363,3,female,1975,"Milla Jovovich (born December 17, 1975) is an American actress, supermodel, musician, and fashion designer of Ukrainian descent. She was born in Kiev, Ukrainian SSR, USSR. In essence, she began in a number of science fiction and action films, for which the music channel VH1 called her ""the reigning royal of strikes.""  She has appeared on the cover of more than a hundred magazines, and has also starred in films such as The Fifth Element (1997), Ultraviolet (2006), and the 'Resident Evil' franchis",Future World; Worldbreaker; Monster Hunter; Zoolander 2; The Fifth Element,actor; action; documentary; drama; thriller,,,,,,,,,,,
Hayden Christensen,17244,https://image.tmdb.org/t/p/w500/hqEgJYEUvZvL9ytmmiYBbbt63qd.jpg,7.1133,3,male,1981,"Hayden Christensen (born April 19, 1981) is a Canadian actor. He is best known for his portrayal of Anakin Skywalker / Darth Vader in the Star Wars media franchise. He first appeared in the prequel trilogy films, Star Wars: Episode II – Attack of the Clones (2002) and Star Wars: Episode III – Revenge of the Sith (2005), and later reprised his role with a voice cameo in Star Wars: The Rise of Skywalker (2019), and as the main antagonist in the Disney+ series Obi-Wan Kenobi (2022). He will also re",Star Wars: The Rise of Skywalker; Awake; Virgin Territory; Star Wars: Episode III - Revenge of the Sith; Jumper,actor; drama; action; sci-fi; thriller,,,,,,,,,,,
Bruce Willis,62,https://image.tmdb.org/t/p/w500/w3aXr1e7gQCn8MSp1vW4sXHn99P.jpg,6.6317,3,male,1955,"Walter Bruce Willis (born March 19, 1955) is a retired American actor. His career began on the off-Broadway stage in the 1970s, and he then achieved fame with a leading role on the comedy-drama series “Moonlighting” (1985–1989). He went on to appear in over 70 films, gaining widespread recognition as an action hero after his portrayal of John McClane in the “Die Hard” franchise (1988–2013) and other subsequent roles.  Willis's other credits include “The Last Boy Scout” (1991), “Pulp Fiction” (19",Pulp Fiction; The Expendables; The Expendables 2; The Fifth Element; Die Hard,actor; thriller; action; crime; comedy,,,,,,,,,,,
Annabel O'Hagan,2735594,https://image.tmdb.org/t/p/w500/co34MKMEhYMLkLwWuq8vGd4ZyX6.jpg,6.1710,3,female,1997,"Annabel O'Hagan (born May 7, 1997) is an actress best known for playing Steph Harper in the Fallout TV series.",,actor; drama; comedy; romance; sci-fi,,,,,,,,,,,
Michelle Pfeiffer,1160,https://image.tmdb.org/t/p/w500/oGUmQBU87QXAsnaGleYaAjAXSlj.jpg,7.0927,3,female,1958,"Michelle Marie Pfeiffer (/ˈfaɪfər/ FY-fər; born April 29, 1958) is an American actress. One of Hollywood's most bankable stars during the 1980s and 1990s, her performances have earned her numerous accolades including a Golden Globe Award and a British Academy Film Award, as well as nominations for three Academy Awards and a Primetime Emmy Award.  Pfeiffer began her acting career with minor television and film appearances and secured her first lead role in Grease 2 (1982). Her breakthrough role a",Avengers: Endgame; Scarface; Ant-Man and the Wasp: Quantumania; Ant-Man and the Wasp; Murder on the Orient Express,actor; drama; romance; comedy; documentary,,,,,,,,,,,
Marisa Tomei,3141,https://image.tmdb.org/t/p/w500/5w6qM8FWsl5SutKSpx6Va64eCTE.jpg,7.1948,3,female,1964,"Marisa Tomei (born December 4, 1964) is an American actress. She has received various accolades, including an Academy Award and nominations for two further Academy Awards, a BAFTA Award, two Golden Globe Awards, and three Screen Actors Guild Awards.  After working on the television series As the World Turns, Tomei came to prominence as a cast member on The Cosby Show spin-off A Different World in 1987. After having minor roles in a few films, she came to international attention in 1992 with the ",Spider-Man: No Way Home; Spider-Man: Homecoming; Spider-Man: Far From Home; Avengers: Endgame; Captain America: Civil War,actor; drama; comedy; romance; thriller,,,,,,,,,,,
Sofía Vergara,63522,https://image.tmdb.org/t/p/w500/xK7e7NrSm1igQecDQkdy9Uc1KAg.jpg,6.4935,3,female,1972,"Sofía Margarita Vergara Vergara (born July 10, 1972) is a Colombian and American actress and model. She was the highest paid actress in American television from 2013 to 2020.  Vergara rose to prominence while co-hosting two television shows for Spanish-language television network Univision in the late 1990s. Her first notable acting job in English was in the film Chasing Papi (2003). She subsequently appeared in Four Brothers (2005) and Tyler Perry's comedies Meet the Browns (2008) and Madea Goe",Despicable Me 4; The Emoji Movie; Chef; Wild Card,actor; comedy; action; crime; drama,,,,,,,,,,,
Ui Mihara,3194201,https://image.tmdb.org/t/p/w500/sUIg4YmNdGJNw0JPqMhwtpNxoXk.jpg,6.1817,3,female,2002,,,actor; drama; sci-fi; comedy; fantasy,,,,,,,,,,,
Rosamund Pike,10882,https://image.tmdb.org/t/p/w500/8ObNklHDi2hjdz0ayzJFB9jtqzm.jpg,7.1735,3,female,1979,"Rosamund Mary Ellen Pike (born January 27,  1979) is a British actress. She has received various accolades, including a Golden Globe Award and a Primetime Emmy Award, in addition to nominations for an Academy Award and a British Academy Film Award.  Pike began her acting career by appearing in stage productions such as Romeo and Juliet, alongside Paul Ready, and Gas Light. After her screen debut in the television film A Rather English Marriage (1998) and television roles in Wives and Daughters (",Now You See Me: Now You Don't; Hallow Road; Gone Girl; Pride & Prejudice; Jack Reacher,actor; drama; thriller; comedy; action,,,,,,,,,,,
Alexandra Breckenridge,58369,https://image.tmdb.org/t/p/w500/tyR52cqImLCFwT8otR15Edvih9b.jpg,6.7544,3,female,1982,"Alexandra Breckenridge (born May 15, 1982) is an American film and television actress and photographer, best known for playing different characters in the FX television series ""American Horror Story"", for portraying Jessie Anderson in the AMC series ""The Walking Dead"", and for giving her voice to various characters on the animated series ""Family Guy"".",She's the Man,actor; drama; comedy; thriller; romance,,,,,,,,,,,
Natalie Dormer,58502,https://image.tmdb.org/t/p/w500/3OlkHjDKDj9NKkFWXfLk7gcb2C.jpg,5.9713,3,female,1982,"Natalie Dormer (born  11 February 1982) is an  English actress, best known for her roles as Anne Boleyn in the Showtime series The Tudors and as Margaery Tyrell in the HBO series Game of Thrones.  Dormer was born in Reading, Berkshire and attended Chiltern Edge Secondary School before moving to Reading Blue Coat School, an independent boys' school that admits girls in the sixth form. She grew up with her stepfather, mother, sister Samantha, and brother Mark. She has said that she was the victim ",The Hunger Games: Mockingjay - Part 1; Captain America: The First Avenger; Rush; The Hunger Games: Mockingjay - Part 2,actor; drama; thriller; comedy; adventure,,,,,,,,,,,
Tian Xuning,3176248,https://image.tmdb.org/t/p/w500/cja4cqfeaTtUvCxmDC4joZqFUDm.jpg,6.2572,3,male,1997,"Tian Xu Ning is a Chinese actor who was born in Jining, Shandong Province.",,actor,,,,,,,,,,,
Katheryn Winnick,26723,https://image.tmdb.org/t/p/w500/vQSqH3ybDWZHZIqX4NZKhOCXAhQ.jpg,6.6178,3,female,1977,"Katheryn Winnick (born December 17, 1977) is a Canadian actress. She is known for her starring roles in the television series Vikings, Wu Assassins, Big Sky, and her recurring role on the television series Bones.",Polar; Love & Other Drugs; 50 First Dates,actor; drama; comedy; thriller; romance,,,,,,,,,,,
Leanne Best,1370630,https://image.tmdb.org/t/p/w500/3GJSWDGuINZjQEgz06wlBELoJCK.jpg,4.0873,3,female,1979,"Leanne Best (born June 15, 1979) is an English actress. She trained at the Liverpool Institute for Performing Arts and presently lives in southwest London.  She is known for her roles as Jane Cobden in the BBC series Ripper Street, Celia Donnelly in Fortitude, and the title role of 'The Woman In Black' in the 2014 film The Woman in Black 2: Angel of Death. Best also appeared as Min Sakul in the sequel Star Wars: The Force Awakens (2015).  More recently Best appeared in ITV comedy series Cold Fee",Star Wars: The Force Awakens,actor; drama; thriller; comedy; sci-fi,,,,,,,,,,,
Theo James,587020,https://image.tmdb.org/t/p/w500/lSC4cMhcQeCjPFkK6qCjSGDSeR3.jpg,6.9917,3,male,1984,"Theodore Peter James Kinnaird Taptiklis (born 16 December 1984) is an English actor. He is known for portraying Tobias ""Four"" Eaton in The Divergent Series film trilogy. James starred in the horror films Underworld: Awakening (2012) and Underworld: Blood Wars (2016), the action film How It Ends (2018), and the science fiction film Archive (2020). In television, he appeared in the crime drama series Golden Boy (2012) and the romance series The Time Traveler's Wife (2022).  Description above from ",Divergent; The Monkey; Insurgent; Underworld: Blood Wars,actor; thriller; action; sci-fi; drama,,,,,,,,,,,
Paul Anderson,220448,https://image.tmdb.org/t/p/w500/nds5rTBZvJ4rEsP4N6OaoEgQDkW.jpg,6.3362,3,male,1978,"Paul Anderson is an English actor who started his acting career in the late 2000s. He was previously a ticket scalper who decided to attend Webber Douglas drama school, subsequently landing roles in theatre and in films such as The Firm, Sherlock Holmes: A Game of Shadows and Passion. Anderson is known for his breakout role as Arthur Shelby in British television series Peaky Blinders.",'71; The Revenant; Legend; Sherlock Holmes: A Game of Shadows; Robin Hood,actor; drama; thriller; action; crime,,,,,,,,,,,
Harrison Ford,3,https://image.tmdb.org/t/p/w500/zVnHagUvXkR2StdOtquEwsiwSVt.jpg,6.8447,3,male,1942,"Legendary Hollywood Icon Harrison Ford was born on July 13, 1942 in Chicago, Illinois. His family history includes a strong lineage of actors, radio personalities, and models. Ford attended public high school in Park Ridge, Illinois where he was a member of the school Radio Station WMTH. Ford worked as the lead voice for sports reporting at WMTH for several years. Acting wasn't a major interest to Ford until his junior year at Ripon College when he first took an acting class. Ford's career start",Hollywood Homicide; Star Wars; Blade Runner 2049; Captain America: Brave New World; The Empire Strikes Back,actor; documentary; drama; adventure; action,,,,,,,,,,,
Mohamed Ramadan,1164337,https://image.tmdb.org/t/p/w500/2UlMUlVJqW59dvXQ0NOQPPnlPWc.jpg,6.7137,3,male,1988,"Mohamed Ramadan began acting while at school. He has received the award for greatest nationwide talent three times consecutively – an unprecedented achievement. He started his career with small roles in TV series like “The Cindrella,” until he had his big break in Yousry Nasrallah's “Ehky Ya Sharazad” (Tell me, Shahrazad). He then went on to star in blockbusters produced by the the famous Egyptian producers Mohamed and Ahmed El Sobky, which made him one of the most valuable actors in the middle ",,actor; drama; action; thriller; comedy,,,,,,,,,,,
Kate Winslet,204,https://image.tmdb.org/t/p/w500/e3tdop3WhseRnn8KwMVLAV25Ybv.jpg,6.6380,3,female,1975,"Kate Elizabeth Winslet (born October 5, 1975) is an English actress. Known for her work in independent films, particularly period dramas, as well as for her portrayals of headstrong and complicated women, she has received numerous accolades, including an Academy Award, a Grammy Award, two Primetime Emmy Awards, three British Academy Film Awards, and five Golden Globe Awards.  Winslet studied drama at the Redroofs Theatre School. Her first screen appearance, at age 15, was in the British televisi",Avatar: Fire and Ash; Titanic; Avatar: The Way of Water; Eternal Sunshine of the Spotless Mind; Divergent,actor; drama; documentary; romance; adventure,,,,,,,,,,,
Jennifer Aniston,4491,https://image.tmdb.org/t/p/w500/vq7KKJE4gsb8WQEUkvMB2zUcsOO.jpg,6.9007,3,female,1969,"Jennifer Joanna Aniston (born February 11, 1969) is an American actress and producer. She rose to international fame for her role as Rachel Green on the television sitcom Friends from 1994 to 2004, for which she earned Primetime Emmy, Golden Globe, and Screen Actors Guild awards. Since her career progressed in the 1990s, she has become one of the world's highest-paid actresses.  The daughter of actors John Aniston and Nancy Dow, she began working as an actress at an early age with an uncredited ",Cake; Bruce Almighty; We're the Millers; He's Just Not That Into You; Just Go with It,actor; comedy; drama; romance; documentary,,,,,,,,,,,
Krysten Ritter,78080,https://image.tmdb.org/t/p/w500/iF9jsrcY39uDzJnAbi3FW056D7u.jpg,7.1639,3,female,1981,"Krysten Alyce Ritter (born December 16, 1981) is an American actress. After an early modelling stint, she appeared on the UPN noir mystery series Veronica Mars (2005–2006) and the CW comedy-drama series Gilmore Girls (2006–2007). Her breakthrough role was Jane Margolis on the AMC drama series Breaking Bad (2009–2010), a character she reprised in its spinoff film El Camino (2019). She headlined the ABC sitcom Don't Trust the B---- in Apartment 23 (2012–2013) before playing the character Jessica J",Sonic the Hedgehog 3; 27 Dresses; El Camino: A Breaking Bad Movie,actor; comedy; drama; romance; horror,,,,,,,,,,,
Mark Strong,2983,https://image.tmdb.org/t/p/w500/3cNmatYsoifytg7TfQhI1EHow3v.jpg,6.7529,3,male,1963,"Mark Strong (born Marco Giuseppe Salussolia; 5 August 1963) is a British actor. He is best known for his film roles such as Prince Septimus in Stardust (2007), Archibald in RocknRolla (2008), Lord Henry Blackwood in Sherlock Holmes (2009), Frank D'Amico in Kick-Ass (2010), Jim Prideaux in Tinker Tailor Soldier Spy (2011), Sinestro in Green Lantern (2011), George in Zero Dark Thirty (2012), Major General Stewart Menzies in The Imitation Game (2014), Merlin in Kingsman: The Secret Service (2014) a",Sherlock Holmes; Cruella; The Imitation Game; Kingsman: The Secret Service; 1917,actor; drama; thriller; action; comedy,,,,,,,,,,,
Sarah Shahi,164945,https://image.tmdb.org/t/p/w500/shiLCJNyvi9xlUZw4bTuRkhrKpm.jpg,6.9004,3,female,1980,"Aahoo Jahansouzshahi, known professionally as Sarah Shahi, is an American actress and former NFL cheerleader. Shahi cheered for the Dallas Cowboys from 1999–2000. She's best known for her roles as Kate Reed in the USA Network legal drama Fairly Legal (2011–12), Carmen on The L Word (2008), and Sameen Shaw on the CBS crime drama Person of Interest. She's also appeared in the Netflix series ...Life.","Black Adam; Old School; Red, White & Royal Blue; Rush Hour 3",actor; comedy; drama; romance; thriller,,,,,,,,,,,
Idris Elba,17605,https://image.tmdb.org/t/p/w500/be1bVF7qGX91a6c5WeRPs5pKXln.jpg,6.3004,3,male,1972,"Idris Elba (born September 6, 1972) is a British television, theatre, and film actor who has starred in both British and American productions. One of his first acting roles was in the soap opera Family Affairs. Since then he has worked in a variety of TV and movie projects including Ultraviolet, The Wire, No Good Deed and Zootopia.",Zootopia 2; Avengers: Infinity War; Zootopia; Sonic the Hedgehog 3; Avengers: Age of Ultron,actor; action; drama; thriller; adventure,,,,,,,,,,,
Isabel May,1972974,https://image.tmdb.org/t/p/w500/RJ4djIbfvUHXCCgniiAi0ebhED.jpg,6.6182,3,female,2000,"Isabel May (born November 21, 2000) is an American actress. She first gained attention as high school student Katie Cooper, one of the co-lead roles on the Netflix series Alexa & Katie (2018–2020), and gained further attention as co-lead character (and narrator) Elsa Dutton on the Paramount+ series 1883 (2021–2022), reprising the role as the narrator of its sequel series, 1923 (2022–2025), and the series finale of Yellowstone (2024).  Description above from the Wikipedia article Isabel May, lice",Scream 7,actor; thriller; comedy; drama; romance,,,,,,,,,,,
Margaret Qualley,1392137,https://image.tmdb.org/t/p/w500/jStNyMj3acpLuH48awLVLqqlyaV.jpg,6.5132,3,female,1994,"Sarah Margaret Qualley (pronounced /ˈkwɔːli/KWAW-lee; born October 23, 1994) is an American actress. A daughter of actress Andie MacDowell, she trained as a ballet dancer in her youth. She made her acting debut in the 2013 drama film Palo Alto. She gained recognition for her supporting role in the HBO drama series The Leftovers (2014–2017).  Qualley featured in the films The Nice Guys(2016), Death Note (2017), and Once Upon a Time in Hollywood (2019), as well as the video game Death Stranding (2",The Substance; Once Upon a Time... in Hollywood; How to Make a Killing; Blue Moon; Poor Things,actor; drama; comedy; thriller; romance,,,,,,,,,,,
Julianne Moore,1231,https://image.tmdb.org/t/p/w500/3YF19rWusxWfEI59ZM33dFhasRq.jpg,7.0598,3,female,1960,"Julianne Moore (born Julie Anne Smith; December 3, 1960) is an American actress and children's author. Prolific in film since the early 1990s, she is known for her portrayals of emotionally troubled women in independent films and her roles in blockbusters. She has received numerous accolades, including an Academy Award, a British Academy Film Award, two Golden Globe Awards, and two Emmy Awards. In 2015, Time named her one of the 100 most influential people in the world; in 2020, The New York Tim","The Hunger Games: Mockingjay - Part 1; Crazy, Stupid, Love.; The Big Lebowski; The Fugitive; The Hunger Games: Mockingjay - Part 2",actor; drama; comedy; thriller; romance,,,,,,,,,,,
Jurnee Smollett,59017,https://image.tmdb.org/t/p/w500/ohvV70Ar4rlL5I3WzxQGtRjpsgS.jpg,6.4115,3,female,1986,"Jurnee Diana Smollett (born October 1, 1986) is an American actress. Smollett began her career as a child actress appearing on television sitcoms, including On Our Own (1994–1995) and Full House (1992–1994).  As an adult, Smollett has starred in the films The Great Debaters (2007), Temptation: Confessions of a Marriage Counselor (2013), and Birds of Prey (2020). Her television roles include the NBC sports drama Friday Night Lights (2009–2011), the HBO fantasy horror drama True Blood (2013–2014),",Birds of Prey (and the Fantabulous Emancipation of One Harley Quinn); The Order,actor; drama; thriller; comedy; crime,,,,,,,,,,,
Akshaye Khanna,87328,https://image.tmdb.org/t/p/w500/kRPLQ908NrKejOwG6i3ypBd9qDq.jpg,6.7694,3,male,1975,"Akshay Khanna (born 28 March 1975) is an Indian film actor. He made his acting debut in 1997 with Himalay Putra which was produced by his father Vinod Khanna. Since then he has been featured in several critically and commercially acclaimed films. Akshaye has been a recipient of Filmfare Awards twice.  His most popular films include Border (1997), Taal (1999), Dil Chahta Hai (2001), Hulchul (2004), Race (2008), Dhurandhar (2025) among others. He was critically acclaimed for his performance in Dil",Dhurandhar; Border 2,actor; drama; romance; comedy; action,,,,,,,,,,,
Dolph Lundgren,16644,https://image.tmdb.org/t/p/w500/fB1tOws6Gav0xE8LYlELEb82hJt.jpg,6.6604,3,male,1957,"Hans ""Dolph"" Lundgren (born 3 November 1957) is a Swedish-American actor, director, and martial artist. He is best known for his roles in action films, particularly in the 1980s and 1990s, including iconic characters such as Ivan Drago in Rocky IV (1985), He-Man in He-Man and the Masters of the Universe (1987), and starring roles in Red Sonja (1985) and Cobra (1986).",Hellfire; The Expendables; The Expendables 2; Aquaman; Expend4bles,actor; action; thriller; drama; documentary,,,,,,,,,,,
Jeffrey Dean Morgan,47296,https://image.tmdb.org/t/p/w500/m8bdrmh6ExDCGQ64E83mHg002YV.jpg,6.3632,3,male,1966,"Jeffrey Dean Morgan (born April 22, 1966) is an American actor and producer of film and television. He is known for his roles as John Winchester in the CW fantasy horror series Supernatural (2005–2007; 2019), Denny Duquette in the ABC medical drama series Grey's Anatomy (2006–2009), the Comedian in the superhero film Watchmen (2009), Clay in The Losers (2010), Jason Crouse in the CBS political drama series The Good Wife (2015–2016), Negan in the AMC horror drama series The Walking Dead (2016–pre",Batman v Superman: Dawn of Justice; Fall; Rampage; Watchmen,actor; thriller; drama; action; comedy,,,,,,,,,,,
Kevin Bacon,4724,https://image.tmdb.org/t/p/w500/rjX2Oz3tCZMfSwOoIAyEhdtXnTE.jpg,6.9286,3,male,1958,"Kevin Norwood Bacon (born July 8, 1958) is an American film and theater actor whose notable films include Animal House, Diner, Footloose, Flatliners, A Few Good Men, Apollo 13, Mystic River, The Woodsman, Friday the 13th, Hollow Man, Tremors and Frost/Nixon.  Bacon has won Golden Globe and Screen Actors Guild Awards, was nominated for an Emmy Award, and was named by The Guardian as one of the best actors never to have received an Academy Award nomination.  In 2003, Bacon received a star on the H","Crazy, Stupid, Love.; Friday the 13th; A Few Good Men; The Toxic Avenger Unrated; Mystic River",actor; drama; comedy; documentary; thriller,,,,,,,,,,,
Maite Perroni,970753,https://image.tmdb.org/t/p/w500/tjPRz0amUhsKSSgps0adJlNdyuU.jpg,6.6272,3,female,1983,"Maite Perroni Beorlegui (born 9 March 1983) is a Mexican actress, singer, songwriter and producer. She gained international fame in 2004 after starring in the Mexican youth telenovela Rebelde, which launched the pop-rock and Latin Grammy-nominated group RBD.  As an actress, Perroni's career began in 2004, and she has since starred in numerous television series. She gained acclaim in 2009 when she was named ""The New Queen of Telenovelas"" by Univision. In 2016, she won the Premios TVyNovelas for B",,actor; music; documentary; comedy; animation,,,,,,,,,,,
Katie Holmes,3897,https://image.tmdb.org/t/p/w500/gDhc9rLbhpXdY8lISD7yPiIhvp4.jpg,6.6976,3,female,1978,"Kate Noelle ""Katie"" Holmes (born December 18, 1978) is an American actress and director. Born in Toledo, Ohio, teen modelling led to a supporting role in Ang Lee's The Ice Storm, before she found international fame as Joey Potter on the teen drama Dawson's Creek from 1998 to 2003. She transitioned to film in her hiatuses between seasons, appearing in movies including Doug Liman's Go, Curtis Hanson's Wonder Boys, and Joel Schumacher's Phone Booth.  During promotion for her role in Christopher Nol",The Giver; Batman Begins; Ocean's Eight,actor; drama; comedy; crime; romance,,,,,,,,,,,
Winona Ryder,1920,https://image.tmdb.org/t/p/w500/dlffgYbqr1BllWacVLhAFw23nLl.jpg,6.6926,3,female,1971,"Winona Laura Horowitz (born October 29, 1971), known professionally as Winona Ryder, is an American actress. She is the recipient of several awards, including a Golden Globe Award, and has been nominated for two Academy Awards. She is known for taking on quirky roles in her earlier films, later playing more prominent roles in the 1990s.  After Ryder's film debut in Lucas (1986), she gained attention with her performance in Tim Burton's Beetlejuice (1988). She further rose to prominence with majo",Beetlejuice Beetlejuice; Beetlejuice; Black Swan; Edward Scissorhands; Homefront,actor; drama; documentary; comedy; romance,,,,,,,,,,,
Yu Zhongli,3256623,https://image.tmdb.org/t/p/w500/kWtG9MofIpYK8j4lNpj1xxotehi.jpg,6.6917,3,female,,,,actor,,,,,,,,,,,
Mark Ruffalo,103,https://image.tmdb.org/t/p/w500/5GilHMOt5PAQh6rlUKZzGmaKEI7.jpg,6.6904,3,male,1967,"Mark Alan Ruffalo (born November 22, 1967) is an American actor. He began acting in the late 1980s and first gained recognition for his work in Kenneth Lonergan's play This Is Our Youth (1996) and drama film You Can Count on Me (2000). He went on to star in the romantic comedies 13 Going on 30 (2004) and Just like Heaven (2005), and the thrillers In the Cut (2003), Zodiac (2007), and Shutter Island (2010). He received a Tony Award nomination for his supporting role in the Broadway revival of Awa",Crime 101; Spider-Man: Brand New Day; The Avengers; Now You See Me: Now You Don't; Avengers: Infinity War,actor; drama; comedy; documentary; sci-fi,,,,,,,,,,,
Sandra Hüller,7152,https://image.tmdb.org/t/p/w500/jQfKXVCPTH9KEnzHHU4QemCnlMe.jpg,6.6863,3,female,1978,"Sandra Hüller (born 30 April 1978) is a German actress. She has appeared in German, Austrian, British, French, and American films. She has received various accolades, including two European Film Awards, a César Award and three German Film Awards, and nominations for an Academy Award and two BAFTA Awards.  Hüller has played Anneliese Michel in Hans-Christian Schmid's 2006 drama Requiem, for which she won the Silver Bear for Best Actress, and a troubled daughter in Maren Ade's 2016 comedy Toni Erd",Project Hail Mary; The Zone of Interest; Anatomy of a Fall; Digger,actor; drama; comedy; history; documentary,,,,,,,,,,,
Stephen Graham,1115,https://image.tmdb.org/t/p/w500/yguEO9zFvuccq87kOJpFLsmUgvs.jpg,6.6588,3,male,1973,"Stephen Graham (born 3 August 1973) is an English actor and film producer. He began his career in 1990, with notable early roles in Snatch (2000) and Gangs of New York (2002), before his breakthrough as Andrew ""Combo"" Gascoigne in  This Is England (2006).  On television, Graham reprised his role as Combo in This Is England '86, This Is England '88, and This Is England '90. He also starred in the drama Little Boy Blue, the fifth series of Line of Duty, the HBO series Boardwalk Empire, the BBC dra",Peaky Blinders: The Immortal Man; Good Boy; Venom: The Last Dance; Pirates of the Caribbean: On Stranger Tides; Pirates of the Caribbean: Dead Men Tell No Tales,actor; drama; crime; thriller; action,,,,,,,,,,,
Sharon Stone,4430,https://image.tmdb.org/t/p/w500/5lYs0HaAvsXPZJpMcndbSeQdPgT.jpg,6.6562,3,female,1958,"Sharon Vonne Stone (born March 10, 1958) is an American actress, producer, and former fashion model. She is the recipient of a Primetime Emmy Award and a Golden Globe Award, as well as having received nominations for an Academy Award and two Screen Actors Guild Awards.  After modelling in television commercials and print advertisements, she made her film debut as an extra in Woody Allen's comedy-drama Stardust Memories (1980). Her first speaking part was in Wes Craven's horror film Deadly Blessi",Nobody 2; Casino; Basic Instinct; Total Recall; Sliver,actor; documentary; drama; comedy; thriller,,,,,,,,,,,
Dave Bautista,543530,https://image.tmdb.org/t/p/w500/snk6JiXOOoRjPtHU5VMoy6qbd32.jpg,6.6559,3,male,1969,"David Michael Bautista Jr. (born January 18, 1969) is an American actor and retired professional wrestler. Regarded as one of his generation's most prolific professional wrestlers, he rose to fame for his multiple stints in WWE between 2002 and 2019.  Bautista began his wrestling career in 1999 and signed with WWE (then WWF) in 2000. From 2002 to 2010, he gained fame under the ring name Batista, initially as a member of Evolution. He would go on to win the WWE Championship twice, the World Heavy",The Wrecking Crew; Avengers: Infinity War; Dune; Dune: Part Two; Avengers: Endgame,actor; action; drama; documentary; thriller,,,,,,,,,,,
Neve Campbell,9206,https://image.tmdb.org/t/p/w500/zQzNg6Kiufj2VCltprI6jilNtl3.jpg,6.6212,3,female,1973,"Neve Adrianne Campbell (born October 3, 1973) is a Canadian actress. After working in Canadian and American television, Campbell emerged as a scream queen for her starring roles in horror and thriller films. She has also appeared in blockbusters and independent features.  Following a series of minor credits, Campbell had a starring role in the drama series Catwalk (1992–1993) and the television film The Canterville Ghost (1996). She subsequently relocated to the United States to star as Julia Sa",Scream 7; Scream; Scream; Scream 2; Scream 3,actor; drama; documentary; comedy; romance,,,,,,,,,,,
Pongsapak Udomphoch,3216040,https://image.tmdb.org/t/p/w500/6RU2foEhztEoCtt7U4V8wVEzVu7.jpg,6.6091,3,male,2003,"Santa Pongsapak Udomphoch is an actor member of the actor-based project group JASP.ER under GMMTV and Riser Music. He first entered the entertainment industry when he competed in GMMTV's star search competition ""Thailand School Star 2019.""  Previously an artist under Studio Wabi Sabi, his contract with the company ended in April 2024 and he immediately signed with GMMTV. On December 19, 2024, he made his debut with Project JASP.ER with the release of their debut single ""Sadistic"".",,actor,,,,,,,,,,,
Song Weilong,1982522,https://image.tmdb.org/t/p/w500/91EBpDeOvBRQ4Kh6p15LQwWshdR.jpg,6.6057,3,male,1999,"Song Weilong (宋威龙), born on March 25, 1999, in Dalian, Liaoning, China, is a talented Chinese actor and model. He developed an interest in martial arts at the age of nine after watching Jet Li's The New Legend of Shaolin. This passion led him to train in wushu and later enroll in the Shaolin Tagou Martial Arts School.  Song began his acting career in 2015 when he signed with Yu Zheng Studio. He gained recognition for his roles in popular dramas such as Find Yourself (2020), where he played Yuan ",,actor; romance; fantasy; comedy; action,,,,,,,,,,,
Jonathan Pryce,378,https://image.tmdb.org/t/p/w500/zwSv5uXzPTtmitFe39UdqnVwmdL.jpg,6.5588,3,male,1947,"Jonathan Pryce, CBE (born June 1, 1947) is a Welsh stage and film actor and singer. He earned an Academy Award nomination for his performance in the 2019 film ""The Two Popes.""  After studying at the Royal Academy of Dramatic Art and meeting his long time partner, English actress Kate Fahy, in 1974, he began his career as a stage actor in the 1970s. His work in theatre, including an award-winning performance in the title role of the Royal Court Theatre's ""Hamlet"", led to several supporting roles ",Pirates of the Caribbean: The Curse of the Black Pearl; Pirates of the Caribbean: Dead Man's Chest; Pirates of the Caribbean: At World's End; Tomorrow Never Dies,actor; drama; comedy; documentary; thriller,,,,,,,,,,,
Tania Raymonde,38666,https://image.tmdb.org/t/p/w500/mnUeSdPXYVXtu4mvRoSIKNmDhPv.jpg,6.5478,3,female,1988,"Tania Raymonde (born March 22, 1988, height 5' 5¼"" (1,66 m)) is an American actress. Raymonde's first prominent casting role was the recurring character of Cynthia Sanders in TV series Malcolm in the Middle between 2000–2003, followed by her role as Alex Rousseau in ABC's Lost from 2006 to 2010. She appeared in the Lionsgate feature film Texas Chainsaw 3D, which was released in January 2013.  Life and career:  Raymonde was born in Los Angeles, California. In 2002, she starred in the film Childre",Mexicali,actor; drama; comedy; romance; thriller,,,,,,,,,,,
Chris Pratt,73457,https://image.tmdb.org/t/p/w500/872Hzdq95gsbMRabsColTW3TLrD.jpg,6.5414,3,male,1979,"Christopher Michael Pratt (born 21 June 1979) is an American actor, known for starring in both television and action films. He rose to prominence for his television roles, particularly in the NBC sitcom Parks and Recreation (2009–2015), for which he received critical acclaim and was nominated for the Critics' Choice Television Award for Best Supporting Actor in a Comedy Series in 2013. He also starred earlier in his career as Bright Abbott in The WB drama series Everwood (2002–2006) and had role",Mercy; The Super Mario Bros. Movie; Avengers: Infinity War; The Super Mario Galaxy Movie; Avengers: Endgame,actor; comedy; adventure; action; sci-fi,,,,,,,,,,,
Gal Gadot,90633,https://image.tmdb.org/t/p/w500/AbXKtWQwuDiwhoQLh34VRglwuBE.jpg,6.5399,3,female,1985,"Gal Gadot (born April 30, 1985) is an Israeli actress. She gained recognition for portraying Wonder Woman in the DC Extended Universe films (2016–2023). In 2018, Gadot was named one of Time's 100 most influential people and ranked by Forbes as the tenth-highest-paid actress, later rising to third in 2020. She became the first Israeli actor to receive a star on the Hollywood Walk of Fame in 2025.  Gadot grew up in Rosh HaAyin, and first gained attention locally after winning the Miss Israel 2004,",Fast X; Batman v Superman: Dawn of Justice; Wonder Woman; Snow White; Zack Snyder's Justice League,actor; action; crime; thriller; adventure,,,,,,,,,,,
Joan Van Ark,101947,https://image.tmdb.org/t/p/w500/kaFX2j8kclLUYHkNBoBIJySTMqT.jpg,6.5371,3,female,1943,"Joan Van Ark (born June 16, 1943) is an American actress, most notable for her role as Valene Ewing, which she originated on the CBS hit series Dallas and continued for thirteen seasons on its long-running spin-off, Knots Landing. Van Ark has also received a Theatre World Award and been nominated for a Tony Award for her stage work.  Description above from the Wikipedia article Joan Van Ark, licensed under CC-BY-SA, full list of contributors on Wikipedia.",,actor; comedy; drama; thriller; adventure,,,,,,,,,,,
Benedict Cumberbatch,71580,https://image.tmdb.org/t/p/w500/wz3MRiMmoz6b5X3oSzMRC9nLxY1.jpg,6.5214,3,male,1976,"Benedict Timothy Carlton Cumberbatch (born July 19, 1976) is an English actor. Known for his roles on the screen and stage, he has received various accolades throughout his career, including a Primetime Emmy Award, a British Academy Television Award, and a Laurence Olivier Award. Cumberbatch won the Laurence Olivier Award for Best Actor in a Leading Role in a Play for Frankenstein and a Primetime Emmy Award for Outstanding Lead Actor in a Miniseries or Movie for Sherlock. His performances in the",Spider-Man: No Way Home; Avengers: Infinity War; Avengers: Endgame; Zoolander 2; The Hobbit: The Battle of the Five Armies,actor; drama; documentary; comedy; adventure,,,,,,,,,,,
Alexander Koll,1640146,https://image.tmdb.org/t/p/w500/sAdKDlpf2TMyC04ARv3MIYPYXtE.jpg,6.4813,3,male,1980,,,actor; drama; comedy,,,,,,,,,,,
Keira Knightley,116,https://image.tmdb.org/t/p/w500/bRC1B2VwV0wK3ElciFAK6QZf2wD.jpg,6.4756,3,female,1985,"Keira Christina Knightley (born 26 March 1985) is an English actress. She has starred in both independent films and big-budget blockbusters and is particularly noted for her roles in period dramas. Her accolades include two Empire Awards and nominations for two Academy Awards, three British Academy Film Awards, three Golden Globe Awards, one Screen Actors Guild Award and one Laurence Olivier Award. Knightley was appointed an OBE in the 2018 Birthday Honours for services to drama and charity.  Bo",Pirates of the Caribbean: The Curse of the Black Pearl; Pirates of the Caribbean: Dead Man's Chest; Pirates of the Caribbean: At World's End; The Woman in Cabin 10; The Imitation Game,actor; drama; romance; comedy; history,,,,,,,,,,,
Hee-jeong,3010184,https://image.tmdb.org/t/p/w500/m6AScRlyNLlRbVr0i7xod90eVFQ.jpg,6.4661,3,female,1980,"Kim Hee-jeong (김희정) is a South Korean actress, musical actress, and singer.",The Story of Ong-nyeo; Mom's Friend,actor; drama; romance; action; comedy,,,,,,,,,,,
Emma Thompson,7056,https://image.tmdb.org/t/p/w500/zQ0hWHh3tzaOOziPbABQI8s9WCu.jpg,6.4515,3,female,1959,"Dame Emma Thompson (born April 15, 1959) is a British actress and screenwriter. Her work spans over four decades of screen and stage, and her accolades include two Academy Awards, three BAFTA Awards, two Golden Globe Awards and a Primetime Emmy Award. In 2018, she was made a dame (DBE) by Queen Elizabeth II for her contributions to drama.  Born to actors Eric Thompson and Phyllida Law, Thompson was educated at Newnham College, Cambridge, where she became a member of the Footlights troupe and app",Cruella; Harry Potter and the Prisoner of Azkaban; Harry Potter and the Order of the Phoenix; Harry Potter and the Deathly Hallows: Part 2; Beauty and the Beast,actor; drama; comedy; documentary; romance,,,,,,,,,,,
Erin Moriarty,990393,https://image.tmdb.org/t/p/w500/dG7gLzlZCjZkjKMyoGIL8h5wjRj.jpg,6.4501,3,female,1994,"Erin Elair Moriarty (born June 24, 1994) is an American actress. She is known for her role as Annie January / Starlight in the Amazon Prime Video series The Boys (2019–present). Prior to The Boys, she had notable roles in Netflix's Jessica Jones (2015), HBO's True Detective (2014), and ABC's Red Widow (2013). Outside of television, she has appeared in acclaimed independent films The Kings of Summer and Captain Fantastic, among others.",Kong: Skull Island; Within,actor; drama; thriller; comedy; action,,,,,,,,,,,
Fan Bingbing,64439,https://image.tmdb.org/t/p/w500/pV2wYJiiPd6cgHK580PKD0GM4Dc.jpg,6.4440,3,female,1981,"Fan Bingbing (Chinese: 范冰冰, born 16 September 1981 in Yantai) is a Chinese actress. From 2013 to 2017, she was included as the highest-paid celebrity in the Forbes China Celebrity 100 list after ranking in the top 10 every year since 2006. She appeared on Time magazine's list of the 100 most influential people in 2017.  Fan's early work was in East Asian cinema and television, notably appearing in drama series My Fair Princess (1998–1999). Her breakthrough came with the film Cell Phone (2003) wh",Ice Road: Vengeance; X-Men: Days of Future Past; Lost in Beijing,actor; drama; action; comedy; romance,,,,,,,,,,,
Dylan Wang,2050456,https://image.tmdb.org/t/p/w500/x05cU32ATgu1ekqoySAvF84TmCZ.jpg,6.4415,3,male,1998,"Dylan Wang Hedi is a Chinese actor born in Leshan , Sichuan. He is best known for his roles as Daoming Si in ""Meteor Garden"" (2018) and Dongfang Qingcang in ""Love Between Fairy and Devil"" (2022). Initially, Wang studied to become a flight attendant and graduated from Sichuan Southwest College of Civil Aviation. His career in entertainment began when he won the Youku talent competition ""Super Idol"" in 2017, leading to his acting debut in ""Meteor Garden"", a remake of the 2001 Taiwanese drama.  As ",,actor; drama; music; sci-fi; adventure,,,,,,,,,,,
Nathan Fillion,51797,https://image.tmdb.org/t/p/w500/q31mXXgnN5PsuIjEqaaAPvBDvHc.jpg,6.4410,3,male,1971,"Nathan Fillion (born March 27, 1971) is a Canadian-American actor. He played the leading roles of Captain Malcolm ""Mal"" Reynolds on Firefly and its film continuation Serenity and Richard Castle on Castle. As of 2018, he stars as John Nolan on The Rookie and is an executive producer on the show as well as its spin-off series, The Rookie: Feds.  Fillion has acted in traditionally distributed films like Slither and Trucker, Internet-distributed films like Dr. Horrible's Sing-Along Blog, television ",Superman; Deadpool & Wolverine; Guardians of the Galaxy Vol. 3; The Suicide Squad; Saving Private Ryan,actor; comedy; sci-fi; animation; action,,,,,,,,,,,
Scott Adkins,78110,https://image.tmdb.org/t/p/w500/9NRr2a1riIn5CWn5McZLJlk4vxR.jpg,6.4367,3,male,1976,"Scott Edward Adkins (born 17 June 1976) is an English actor and martial artist. He gained prominence with his portrayal of the Russian prison fighter Yuri Boyka in the American film Undisputed II: Last Man Standing (2006), a role he reprised in its sequels Undisputed III: Redemption (2010), which won him an Action on Film Award for Breakout Action Star, and Boyka: Undisputed (2017), which won him a Jackie Chan Action Movie Award for Best Action Movie Actor.  His early acting credits include mino",The Rip; Prisoner of War; John Wick: Chapter 4; The Expendables 2; Doctor Strange,actor; action; thriller; crime; drama,,,,,,,,,,,
Donatella Damiani,70962,https://image.tmdb.org/t/p/w500/c38UcLtlwAfedHgPiWJGjseIcnn.jpg,6.4346,3,female,1958,"Donatella Damiani (born Donatella Casula on 3 June 1958) is an Italian actress and model. She is best known for her role in the 1980 Federico Fellini film The City of Women, in which she played a woman who is sweet, protective, seductive and by her own admission, ""full of contradictions."" Damiani quickly rose to fame as an Italian sex symbol in the 1980s, featuring in pictorials such as the June 1980 edition of Playboy and the March 1985 edition of Playmen",Lola's Secret; Honey,actor; comedy; drama; adventure; documentary,,,,,,,,,,,
James Marsden,11006,https://image.tmdb.org/t/p/w500/lf7OnfKZnMgNh9b98764tqSocGK.jpg,6.4248,3,male,1973,"James Paul Marsden (born September 18, 1973) is an American actor. He began his acting career by guest-starring on the television shows Saved by the Bell: The New Class (1993), Touched by an Angel (1995), and Party of Five (1995). Marsden gained fame for his portrayal of Cyclops in the X-Men film series from 2000 to 2014, and for his roles in the films The Notebook (2004), Superman Returns (2006), Hairspray (2007), Enchanted (2007), 27 Dresses (2008), and Anchorman 2: The Legend Continues (2013)",Avengers: Doomsday; Sonic the Hedgehog 3; The Notebook; Sonic the Hedgehog 4; Sonic the Hedgehog,actor; comedy; drama; action; adventure,,,,,,,,,,,
Rossy Mendoza,990388,https://image.tmdb.org/t/p/w500/swGq8vh1fwsckRDDjv7fKS70mLV.jpg,6.4044,3,female,1943,"María del Rosario Mendoza (June 6, 1950), better known as Rossy Mendoza, is a Mexican vedette, actress, dancer and singer.  During the 70s–80s she was one of the highest grossing artists in the Mexican sex comedies film genre.",,actor; comedy; drama; action; crime,,,,,,,,,,,
Conrad Khan,1665602,https://image.tmdb.org/t/p/w500/4luIAGWxjNlvQIslUI8Z1dDbyGB.jpg,6.4038,3,male,,,The Huntsman: Winter's War,actor; drama; romance; action; adventure,,,,,,,,,,,
Kate Hudson,11661,https://image.tmdb.org/t/p/w500/s79lH1QzEg2fkXULKBxRmU9aNr8.jpg,6.4015,3,female,1979,"Kate Garry Hudson (born April 19, 1979) is an American actress. She has received several accolades, including a Golden Globe Award and a nomination for an Academy Award.  Born to singer Bill Hudson and actress Goldie Hawn, Hudson made her film debut in the 1998 drama Desert Blue, which was followed by supporting roles in several films. She rose to prominence with her portrayal of Penny Lane in Cameron Crowe's musical drama Almost Famous (2000), for which she won a Golden Globe for Best Supportin",Home Alone 2: Lost in New York; Kung Fu Panda 3; Glass Onion: A Knives Out Mystery; Song Sung Blue; How to Lose a Guy in 10 Days,actor; comedy; drama; romance; music,,,,,,,,,,,
Tressa DiFiglia,156740,https://image.tmdb.org/t/p/w500/dYI0UmKefy15xTgT1nsdvjISwY3.jpg,6.4012,3,female,1971,,,actor; horror; comedy; drama; romance,,,,,,,,,,,
John Cena,56446,https://image.tmdb.org/t/p/w500/rgB2eIOt7WyQjdgJCOuESdDlrjg.jpg,6.3908,3,male,1977,"John Felix Anthony Cena, better known simply as John Cena, is a retired American professional wrestler and actor who was signed to World Wrestling Entertainment (WWE) from 2001 until his retirement. Over more than two decades, he became the defining star of WWE’s modern era, setting the company-recognized record with 17 world championship reigns. Cena wrestled his final match on December 13, 2025, at Saturday Night’s Main Event XLII, where he was defeated by Gunther, officially closing his in-ri",WWE Money in the Bank 2024; Superman; Barbie; Fast X; The Suicide Squad,actor; action; drama; documentary; comedy,,,,,,,,,,,
Elliot Page,27578,https://image.tmdb.org/t/p/w500/nXO8DE4biVXY4UDYP0NdIY1zvXS.jpg,6.3874,3,non-binary,1987,"Elliot Page (born February 21, 1987) is a Canadian actor, producer, and activist.  He first became known for his role in the series Pit Pony (1997–2000), for which he won a Young Artist Award, and for his recurring roles in Trailer Park Boys (2002) and ReGenesis (2004). He then received recognition for his role in the film Hard Candy (2005) and won the Austin Film Critics Association's Award for Best Actress. Page had his breakthrough with the title role in Jason Reitman's film Juno (2007), earn",Inception; My Days of Mercy; The Odyssey; X-Men: Days of Future Past; Juno,actor; drama; comedy; documentary; romance,,,,,,,,,,,
Joe Keery,1467219,https://image.tmdb.org/t/p/w500/4DrWP7WP1c2XYlmcgfFSma3J9z3.jpg,6.3873,3,male,1992,"Joseph David Keery, also known professionally as Djo, is an American actor, singer, and musician. He first gained international recognition for playing Steve Harrington in the science fiction series Stranger Things (2016–2025), and has since starred in the comedy horror film Spree (2020), the comedy film Free Guy (2021), and in the fifth season of the crime comedy-drama series Fargo (2023–2024).  As a musician, Keery was a founding member of the psychedelic rock band Post Animal. He left the ban",Cold Storage; Free Guy,actor; comedy; horror; drama; crime,,,,,,,,,,,
Truman Hanks,3455931,https://image.tmdb.org/t/p/w500/6ERfNyCNxGWnsTniEM8bfMk8TsL.jpg,6.3727,3,male,1995,"Truman Hanks (born December 26, 1995) is an actor and cinematographer. He is the youngest child of actor Tom Hanks and actress Rita Wilson.",A Man Called Otto; The Phoenician Scheme,actor; drama; comedy; adventure; western,,,,,,,,,,,
Amy Adams,9273,https://image.tmdb.org/t/p/w500/1h2r2VTpoFb5QefAaBYYQgQzL9z.jpg,6.3711,3,female,1974,"Amy Lou Adams (born August 20, 1974) is an American actress. Known for both her comedic and dramatic roles, she has been featured three times in annual rankings of the world's highest-paid actresses. She has received various accolades, including two Golden Globe Awards. She has been nominated for six Academy Awards, seven British Academy Film Awards, and two Primetime Emmy Awards.  Adams began her career as a dancer in dinner theatre, a pursuit she followed from 1994 to 1998. They made her film ",Arrival; Batman v Superman: Dawn of Justice; Zack Snyder's Justice League; Man of Steel; Catch Me If You Can,actor; drama; comedy; romance; adventure,,,,,,,,,,,
Teyana Taylor,964679,https://image.tmdb.org/t/p/w500/5b2dAuTsBejBsdm9SkWX4F7jG9w.jpg,6.3374,3,female,1990,"Teyana Me Shay Jacqueli Shumpert (born December 10, 1990) is an American singer, actress, dancer and choreographer. In 2005, she signed a record deal with Pharrell Williams' Star Trak Entertainment imprint. Afterwards, she choreographed the music video for ""Ring the Alarm"" by Beyoncé. Taylor would then appear on MTV's My Super Sweet 16, prior to the 2008 release of her debut single ""Google Me"". Soon after, she landed (uncredited) guest features on the songs ""Dark Fantasy"" and ""Hell of a Life"" by",One Battle After Another; The Rip; STRAW,actor; music; drama; comedy; crime,,,,,,,,,,,
Rieko Miura,555955,https://image.tmdb.org/t/p/w500/339LlgMPlxorzvM6iKUvwOPHLwh.jpg,6.3274,3,female,1973,,,actor; drama; horror; crime; mystery,,,,,,,,,,,
Chikako Aoyama,945130,https://image.tmdb.org/t/p/w500/kgYeNoOCwqxDCznoeXif50gqwi1.jpg,6.3178,3,female,1966,"Japanese actor, color psychotherapist, and a native of Osaka Prefecture. In 1989, Chikko Aoyama played a role in the movie ""Sentamako"". In 1999, Chikko Aoyama obtained qualifications as a color psychotherapy consultant and teacher in the United Kingdom, and has qualifications as a color blender and JAA aroma therapist in Japan, but is now active in Japan as a color psychotherapist. She appeared in many restricted movies in her early stage, mainly showing her perfect figure and glamorous look. In",Neo Chinpira 2: Zoom Goes the Bullet,actor; comedy; drama; crime; romance,,,,,,,,,,,
Benicio del Toro,1121,https://image.tmdb.org/t/p/w500/aYomJWx0B2B8ra6Rmgt8lr0XCrw.jpg,6.3001,3,male,1967,"Benicio Monserrate Rafael del Toro Sánchez (Latin American Spanish: [beˈnisjo ðel ˈtoɾo]; born February 19, 1967) is a Puerto Rican actor. His accolades include an Academy Award, a BAFTA Award, a Golden Globe, a Goya Award, a Cannes Film Festival Award for Best Actor, and a Silver Bear. Films in which he has appeared have grossed over $5.9 billion worldwide.  Del Toro made his film debut in Big Top Pee-wee (1988) before his breakout role playing an unintelligible crook in the crime thriller The ",One Battle After Another; Avengers: Infinity War; Star Wars: The Last Jedi; Sicario; Snatch,actor; documentary; drama; crime; thriller,,,,,,,,,,,
Jodie Foster,1038,https://image.tmdb.org/t/p/w500/resiaRfWvj4N84TgJi9DPOafCpq.jpg,6.2959,3,female,1962,"Alicia Christian 'Jodie' Foster (born November 19, 1962) is an American actress and filmmaker. She is the recipient of numerous accolades, including two Academy Awards, three BAFTA Awards, three Golden Globe Awards, and a Screen Actors Guild Award. For her work as a producer and director, she has been nominated for a Primetime Emmy Award. She has also earned numerous honors such as the Golden Globe Cecil B. DeMille Award in 2013, was inducted into the Hollywood Walk of Fame in 2016 and received ",Taxi Driver; Contact; A Private Life; Elysium; Inside Man,actor; drama; documentary; thriller; comedy,,,,,,,,,,,
Kana Hanazawa,119143,https://image.tmdb.org/t/p/w500/5bK9ttcRydQBWmyZp7gXDmJYOPF.jpg,6.2889,3,female,1989,Kana Hanazawa is a Japanese voice actress affiliated with the Office Osawa talent agency. In 2012 she made her debut as a singer.,Demon Slayer: Kimetsu no Yaiba Infinity Castle; Your Name.; Jujutsu Kaisen 0; Demon Slayer: Kimetsu no Yaiba -To the Hashira Training-; Weathering with You,actor; animation; fantasy; action; sci-fi,,,,,,,,,,,
Kayla Wallace,2019485,https://image.tmdb.org/t/p/w500/ePl7sXtyWIQsWsylyQBTxYsouKF.jpg,6.2809,3,female,1993,"Kayla Wallace is a Canadian actor, singer, and dancer. She is best known for her work on The Magicians (2020), ABC's The Good Doctor (2017), and her role of 'Fiona Miller' on Hallmark Channel's When Calls The Heart (2019- 2021). Wallace was born in Victoria, British Columbia where she later attended The Canadian College of Performing Arts upon completing high school. She was heavily involved in theatre, dance, singing and piano throughout her childhood and developed a strong passion for film & t",Heatwave; Descendants,actor; romance; comedy; drama; thriller,,,,,,,,,,,
Kelly Reilly,17521,https://image.tmdb.org/t/p/w500/l8aQsryOQvxgX6SdZ4XtzU8KEXn.jpg,6.2762,3,female,1977,"Kelly Reilly (born 18 July 1977) is an English actress. Reilly's performance in After Miss Julie at the Donmar Warehouse made her a star of the London stage and earned her a nomination for a Laurence Olivier Theatre Award for Best Actress of 2003. Aged 26, she's the youngest person ever nominated for that award. And, in 2005, she won Best Newcomer Award at the Cannes Film Festival for her role as Wendy in The Russian Dolls (Les Poupées Russes).",Sherlock Holmes; Last Orders; Pride & Prejudice; Sherlock Holmes: A Game of Shadows,actor; drama; comedy; thriller; romance,,,,,,,,,,,
Lauren Cohan,62220,https://image.tmdb.org/t/p/w500/zJ9nZ5jqQTUD55GLKbgfiKlUoBN.jpg,6.2754,3,female,1982,"Lauren Cohan (born January 7, 1982) is a British-American actress best known for her role as Maggie Greene in the AMC post-apocalyptic horror television series The Walking Dead (2011–2018; 2020–present). Her other notable TV roles include Bela Talbot in the dark fantasy drama Supernatural (2007–2008), Rose in the supernatural teen drama The Vampire Diaries (2010–2012), Vivian McArthur Volkoff in the action comedy Chuck (2011), and Francesca ""Frankie"" Trowbridge in the action comedy-drama Whiskey",Batman v Superman: Dawn of Justice,actor; drama; action; comedy; romance,,,,,,,,,,,
Kate Mara,51072,https://image.tmdb.org/t/p/w500/oKnhaekgHUQqL7uVa7yn6alySgB.jpg,6.2603,3,female,1983,"Kate Rooney Mara (born February 27, 1983) is an American actress. She is known for her work in television, playing reporter Zoe Barnes in the Netflix political drama House of Cards (2013–2014; 2016), computer analyst Shari Rothenberg in the Fox thriller series 24 (2006), wronged mistress Hayden McClaine in the FX miniseries American Horror Story: Murder House (2011), Patty Bowes in the first season of the FX drag ball culture drama series Pose (2018), and a teacher who begins an illicit relation",My Days of Mercy; Iron Man 2; The Martian; Shooter; The Astronaut,actor; drama; comedy; thriller; romance,,,,,,,,,,,
Jennifer Jason Leigh,10431,https://image.tmdb.org/t/p/w500/9nT2mbQ9P8UpCXirssDxDT75jlm.jpg,6.2593,3,female,1962,"Jennifer Jason Leigh (born Jennifer Leigh Morrow; February 5, 1962) is an American actress. She began her career on television during the 1970s before making her film breakthrough in the teen film Fast Times at Ridgemont High (1982). She received critical praise for her performances in Last Exit to Brooklyn (1989), Miami Blues (1990), Backdraft (1991), Single White Female (1992), and The Hudsucker Proxy (1994). She was nominated for a Golden Globe for her portrayal of Dorothy Parker in Mrs Parke",Crime 101; The Hateful Eight; Annihilation; Road to Perdition; Night Always Comes,actor; drama; thriller; comedy; romance,,,,,,,,,,,
Imelda Staunton,11356,https://image.tmdb.org/t/p/w500/96LYLMnUOWZ4DFXEeQPItNsxzEP.jpg,6.2591,3,female,1956,"Imelda Mary Philomena Bernadette Staunton (born January 9, 1956) is an English actress and singer. After training at the Royal Academy of Dramatic Art, Staunton began her career in repertory theatre in 1976 and appeared in various theatre productions in the United Kingdom.  Staunton has performed in a variety of plays and musicals in London throughout her career, winning four Laurence Olivier Awards; three for Best Actress in a Leading Role in a Musical for her roles in the musicals Into the Woo",Harry Potter and the Deathly Hallows: Part 1; Harry Potter and the Order of the Phoenix; Alice in Wonderland; Maleficent; Maleficent: Mistress of Evil,actor; drama; comedy; family; adventure,,,,,,,,,,,
Zac Efron,29222,https://image.tmdb.org/t/p/w500/6oXNHv7gAyXXYFpF943pKRsTtqQ.jpg,6.2586,3,male,1987,"Zachary David Alexander Efron (born October 18, 1987) is an American actor. Efron began acting professionally in the early 2000s and rose to prominence as a teen idol for his leading role as Troy Bolton in the High School Musical trilogy (2006–2008). During this time, he also starred in the musical film Hairspray (2007) and the comedy film 17 Again (2009), the former of which earned him a Screen Actors Guild Award nomination.  Efron had starring roles in the films New Year's Eve (2011), The Luck",The Greatest Showman; Baywatch; The Lucky One; The Disaster Artist; High School Musical,actor; comedy; drama; romance; music,,,,,,,,,,,
Elisha Cuthbert,25837,https://image.tmdb.org/t/p/w500/A5jRkqJRjgWJ8Lq25GzEhIxN5hx.jpg,6.2437,3,female,1982,"Elisha Ann Cuthbert (born November 30, 1982) is a Canadian actress and model.  She began her career as the host of the Canadian children's television series Popular Mechanics for Kids (1997–2000). Since then, her best known television roles have been Kim Bauer on the Fox action-thriller series 24 (2001–2010, 2014) and Alex Kerkovich on the ABC comedy series Happy Endings (2011–2013). She has appeared in such films as Airspeed (1998), Love Actually (2003), Old School(2003), The Girl Next Door (20",The Girl Next Door; Old School; Love Actually,actor; comedy; drama; thriller; family,,,,,,,,,,,
Helin Kandemir,2091979,https://image.tmdb.org/t/p/w500/rukfrwR4HZo4qnGIHx0m4BoHrRy.jpg,6.2410,3,female,2004,Helin Kandemir (born 2 June 2004) is a Turkish actress. She received the Best Actress Award at the International Istanbul Film Festival for her role in the movie Kız Kardeşler.,,actor; drama; romance; comedy,,,,,,,,,,,
Kate Beckinsale,3967,https://image.tmdb.org/t/p/w500/nUZuC2chd5PVw2tLxePZ6uaLbhx.jpg,6.2351,3,female,1973,"Kathrin Romany Beckinsale (born 26 July 1973) is a British actress and model.  She first gained notice while a student at Oxford University for her debut in the film adaptation of Shakespeare's Much Ado About Nothing. Throughout the 1990s, she worked on both film and television, most notably by portraying the title character in the 1996 BBC television series Emma.  She started film work in the United States in the late 1990s. She appeared in small-scale dramas The Last Days of Disco (1998) and B",Wildcat; Van Helsing; Stolen Girl; Pearl Harbor; The Aviator,actor; drama; thriller; action; romance,,,,,,,,,,,
Lena Headey,17286,https://image.tmdb.org/t/p/w500/xR2IBnBlUdyBe5hecaVdtRuQqUE.jpg,6.2336,3,female,1973,"Lena Kathren Headey (born October 3, 1973) is a British actress. She gained international recognition and acclaim for her portrayal of Cersei Lannister on the HBO epic fantasy drama series Game of Thrones (2011–2019), for which she received five Primetime Emmy Award nominations and a Golden Globe Award nomination.  Headey made her film debut in the mystery drama Waterland (1992). She continued to work steadily in British and American films and on television, before gaining further recognition wi",300; Dredd; 300: Rise of an Empire; The Purge; Normal,actor; drama; comedy; thriller; action,,,,,,,,,,,
Peyton List,229031,https://image.tmdb.org/t/p/w500/b1rEqHlkyHwRtockTE7WQNLyu9t.jpg,6.2241,3,female,1986,"Peyton List (born August 8, 1986) is an American actress and model, known for playing Jane Sterling on the AMC series Mad Men and Nicole Kirby on the ABC series FlashForward. In 1996, Peyton made her first big screen appearance in Washington Square. While working on As the World Turns, List was offered the small but significant role of Sarah Wallis in Bill Paxton's The Greatest Game Ever Played. The 2005 movie was a critical and box-office success. In 2008, she starred in two independent movies ",,actor; drama; crime; thriller; mystery,,,,,,,,,,,
Rachel Weisz,3293,https://image.tmdb.org/t/p/w500/9tfHL5tholha1YF6bSKt422ETPM.jpg,6.2154,3,female,1970,"Rachel Hannah Weisz (/vaɪs/; born 7 March 1970) is an English actress. Known for her roles in independent films and blockbusters, she has received several awards, including an Academy Award, a BAFTA Award, a Golden Globe Award, and a Laurence Olivier Award.  Weisz began acting in stage and television productions in the early 1990s and made her film debut in Death Machine (1994). She won a Critics' Circle Theatre Award for her role in the 1994 revival of Noël Coward's play Design for Living. She ",The Mummy; Black Widow; Constantine; The Mummy Returns; Disobedience,actor; drama; romance; comedy; thriller,,,,,,,,,,,
Eddie Murphy,776,https://image.tmdb.org/t/p/w500/qgjMfefsKwSYsyCaIX46uyOXIpy.jpg,6.2019,3,male,1961,"Edward ""Eddie"" Regan Murphy (born April 3, 1961) is an American actor, voice actor, film director, producer, comedian, and singer.  He is the second-highest grossing actor in motion picture history. He was a regular cast member on Saturday Night Live from 1980 to 1984, and has worked as a stand-up comedian. He was ranked #10 on Comedy Central's list of the 100 Greatest Stand-ups of All Time. He has received Golden Globe Award nominations for Golden Globe Award for New Star of the Year - Actor fo",Shrek; Shrek 2; Shrek Forever After; Mulan; Norbit,actor; comedy; family; documentary; fantasy,,,,,,,,,,,
Lu Yuxiao,3503861,https://image.tmdb.org/t/p/w500/42fcXOMXCts1iEfJJpOBFPVwMLW.jpg,6.1748,3,female,1999,"Lu Yuxiao is a Chinese actress born in Shanghai on September 27, 1999. She attended a fashion university in the UK, and debuted with the historical romance drama ""No Boundary"" in 2021.",,actor; music,,,,,,,,,,,
Terence Hill,15140,https://image.tmdb.org/t/p/w500/vBkWDZh93QRUvg3oh5d96QQZWLn.jpg,5.8282,3,male,1939,"Terence Hill (born Mario Girotti; 29 March 1939) is an Italian actor, film director, screenwriter and film producer. He began his career as a child actor and gained international fame for starring roles in action and comedy films, many with his long-time film partner and friend Bud Spencer. During the height of his popularity, Hill was among Italy's highest-paid actors.  His most widely seen films include comic and standard spaghetti Westerns, some based on popular novels by German author Karl M",,actor; comedy; drama; western; action,,,,,,,,,,,
He Yu,2650306,https://image.tmdb.org/t/p/w500/xgXKg2EgqrCGKghJ1QEkJ1dCSEf.jpg,5.7182,3,male,1997,"He Yu (Birth name: He Yi Qian), born in Yinchuan, Ningxia Province, is a Chinese actor and producer. After graduating from the Department of Architecture of Chongqing University, he further studied at Victoria University in Vancouver before moving on to Liu Tianchi Performance Workshop. In 2018, he co-produced the CCTV documentary ""China Business Card"" with Jiang Yiyan. He debuted as an actor in the 2018 web series ""Lovely Swords Girl"".",,actor; fantasy,,,,,,,,,,,
Eva Green,10912,https://image.tmdb.org/t/p/w500/8MqXy7Jd6HsRSBFK05J0KrR2x5Z.jpg,6.0866,3,female,1980,"Eva Gaëlle Green (born July 6, 1980) is a French actress and model. She started her career in theatre before making her film debut in 2003 in Bernardo Bertolucci's controversial “The Dreamers.” She achieved international recognition when she appeared in Ridley Scott's “Kingdom of Heaven” (2005) and portrayed Vesper Lynd in the James Bond film “Casino Royale” (2006). That same year, Green was awarded the BAFTA Rising Star Award.",Kingdom of Heaven; Casino Royale; Miss Peregrine's Home for Peculiar Children; 300: Rise of an Empire; Sin City: A Dame to Kill For,actor; drama; thriller; adventure; action,,,,,,,,,,,
Sabyasachi Chakraborty,128709,https://image.tmdb.org/t/p/w500/aUDwMWkTc4sUiwvX63bh2QAtKVZ.jpg,6.1377,3,male,1956,"Sabyasachi Chakrabarty was born on September 8, 1956 in Calcutta, West Bengal, India. He is an actor, known for The Married Woman (2005), Dil Se.. (1998) and Written by? (2019). He is married to Mithu Chakraborty. They have two children.",,actor; drama; thriller; romance; mystery,,,,,,,,,,,
Michael Douglas,3392,https://image.tmdb.org/t/p/w500/kVYGPIZowzXLEQfAGUNOqKjAbBb.jpg,4.9499,3,male,1944,"Michael Kirk Douglas (born September 25, 1944) is a retired American actor and film producer. He has received numerous accolades, including two Academy Awards, five Golden Globe Awards, a Primetime Emmy Award, the Cecil B. DeMille Award, and the AFI Life Achievement Award.  The elder son of Kirk Douglas and Diana Dill, Douglas earned his Bachelor of Arts in drama from the University of California, Santa Barbara. His early acting roles included film, stage, and television productions. Douglas fir",Avengers: Endgame; Ant-Man; Ant-Man and the Wasp: Quantumania; Ant-Man and the Wasp; Basic Instinct,actor; documentary; drama; thriller; comedy,,,,,,,,,,,
Ella Purnell,989325,https://image.tmdb.org/t/p/w500/jqrYg35GHuMGwGqEVUthqTLQnay.jpg,6.1174,3,female,1996,"Ella Summer Reed Purnell (born 17 September 1996) is an English actress who began her career as a child actress in West End theatre. Purnell used to attend weekly classes at Sylvia Young Theatre School studying acting, singing, and dance.  Purnell's film roles include Never Let Me Go (2010), Miss Peregrine's Home for Peculiar Children (2016), Churchill (2017), and Army of the Dead (2021), among others. Her television credits include Sweetbitter (2018), Belgravia (2020), Yellowjackets (2021), Arc",Maleficent; Miss Peregrine's Home for Peculiar Children; Army of the Dead; The Legend of Tarzan,actor; drama; thriller; adventure; fantasy,,,,,,,,,,,
Matthew McConaughey,10297,https://image.tmdb.org/t/p/w500/lCySuYjhXix3FzQdS4oceDDrXKI.jpg,6.2458,3,male,1969,"Matthew David McConaughey (born November 4, 1969) is an American actor. He first gained notice for his supporting performance in the coming-of-age comedy Dazed and Confused (1993), which was considered by many to be his breakout role. After a number of supporting roles in films including Angels in the Outfield (1994) and Texas Chainsaw Massacre: The Next Generation (1994), his breakthrough performance as a leading man came in the legal drama A Time to Kill (1996). He followed this with leading p",Interstellar; Deadpool & Wolverine; The Wolf of Wall Street; Sing; Tropic Thunder,actor; drama; comedy; documentary; crime,,,,,,,,,,,
Aamir Khan,52763,https://image.tmdb.org/t/p/w500/ayE2Ot15rqWU3YhPI3Yg8xBzVx7.jpg,6.1004,3,male,1965,"Aamir Khan (born 14 March 1965) is an Indian actor, director, producer, filmmaker and television talk-show host who has established himself as one of the most popular and influential actors of Indian cinema. Starting his career as a child actor in his uncle Nasir Hussain's film Yaadon Ki Baaraat (1973), Khan began his professional career eleven years later with Holi (1984) and had his first commercial success with Qayamat Se Qayamat Tak (1988). He received his first National Film Award (Special ",PK; 3 Idiots; Dangal,actor; drama; romance; comedy; action,,,,,,,,,,,
Emil Hostina,209884,https://image.tmdb.org/t/p/w500/yFBZwxGOHnxi8qokkgTIDdwylUn.jpg,6.0912,3,male,1976,"Emil Hostina is an actor, known for The Fall (2006), The Wolfman (2010), The Imaginarium of Doctor Parnassus (2009) and Harry Potter and the Deathly Hallows: Parts 1 and 2 (2010/2011).",Harry Potter and the Deathly Hallows: Part 1; Harry Potter and the Deathly Hallows: Part 2,actor; drama; horror; fantasy; adventure,,,,,,,,,,,
Park Ji-hoon,1901640,https://image.tmdb.org/t/p/w500/zbNZZ8o6qF3gaDndsq76h19Pe33.jpg,6.0861,3,male,1999,"Park Ji-hoon (Hangul: 박지훈; born May 29, 1999) is a South Korean singer and actor under YY Entertainment. He first rose to fame as a member of the K-pop project boy group Wanna One. Following the group’s disbandment in 2019, Ji-hoon pursued a solo music career and expanded into acting, building on his early experience as a child actor.  He gained recognition for his roles in Love Revolution and At a Distance, Spring is Green, earning accolades such as Best Idol Actor at the 2021 Korea First Brand",The King's Warden,actor; drama; music; history,,,,,,,,,,,
Florence Pugh,1373737,https://image.tmdb.org/t/p/w500/6Sjz9teWjrMY9lF2o9FCo4XmoRh.jpg,6.0842,3,female,1996,"Florence Pugh (/pjuː/ PEW; born 3 January 1996) is an English actress. After making her acting debut in the drama film The Falling (2014), Pugh gained praise for starring in the independent drama Lady Macbeth (2016) and the miniseries The Little Drummer Girl (2018). Her international breakthrough came in 2019 with her portrayals of professional wrestler Paige in the sports film Fighting with My Family, a despondent American woman in the horror film Midsommar, and Amy March in the period drama Li",Avengers: Doomsday; Oppenheimer; Dune: Part Three; Dune: Part Two; Thunderbolts*,actor; drama; action; comedy; sci-fi,,,,,,,,,,,
Connie Nielsen,935,https://image.tmdb.org/t/p/w500/gSQ3O3PJ6ly6nT63joOtfZyscFP.jpg,5.4714,3,female,1965,"Connie Inge-Lise Nielsen (born July 3, 1965) is a Danish actress. She began her acting career working alongside her mother on the local revue and variety scene. At 18, she traveled to Paris, where she worked as an actress and model, which led to further work. She has starred as Lucilla in the films Gladiator (2000) and Gladiator II (2024) and as Queen Hippolyta in the DC Extended Universe. Nielsen is fluent in her native Danish, English, French, German, Italian, Norwegian and Swedish.",Nobody 2; The Devil's Advocate; Gladiator; Wonder Woman; Nobody,actor; drama; thriller; action; comedy,,,,,,,,,,,
Kathy Bates,8534,https://image.tmdb.org/t/p/w500/3MsayDvY73uXGVbCFHyy1ABTacV.jpg,5.6178,3,female,1948,"Kathleen Doyle Bates (born June 28, 1948) is an American actress and director. She has been the recipient of numerous accolades, including an Academy Award, two Primetime Emmy Awards, and two Golden Globe Awards.  Born in Memphis, Tennessee, she studied theatre at the Southern Methodist University before moving to New York City to pursue an acting career. She landed minor stage roles before being cast in her first on screen role in Taking Off (1971). Her first Off-Broadway stage performance was ",Titanic; Misery; The Blind Side; Bee Movie; The Golden Compass,actor; drama; comedy; romance; documentary,,,,,,,,,,,
Kevin Hart,55638,https://image.tmdb.org/t/p/w500/byiNydUlM6oP8diA7WMvYbNM7a1.jpg,6.0686,3,male,1979,"Kevin Darnell Hart (born July 6, 1979) is an American stand-up comedian, actor, and producer. Born and raised in Philadelphia, Pennsylvania, Hart began his career by winning several amateur comedy competitions at clubs throughout New England, culminating in his first real break in 2001 when he was cast by Judd Apatow for a recurring role on the TV series Undeclared. The series lasted only one season, but he soon landed other roles in films such as Paper Soldiers (2002), Scary Movie 3 (2003), Sou",Fast & Furious Presents: Hobbs & Shaw; Scary Movie 4; Scary Movie 3; Jumanji: The Next Level; Borderlands,actor; comedy; documentary; action; romance,,,,,,,,,,,
Steve Carell,4495,https://image.tmdb.org/t/p/w500/cS7Cbyff6wFVfUGem497vy9LS7A.jpg,5.6478,3,male,1962,"Steven John Carell (born August 16, 1962) is an American actor and comedian. He played Michael Scott in The Office (2005–2011), NBC’s adaptation of the British series created by Stephen Merchant and Ricky Gervais, where Carell also worked as an occasional producer, writer and director. Carell has received numerous accolades for his performances in both film and television, including the Golden Globe Award for Best Actor – Television Series Musical or Comedy for his work on The Office. He was rec","Despicable Me 4; Crazy, Stupid, Love.; Despicable Me; Minions: The Rise of Gru; IF",actor; comedy; drama; family; animation,,,,,,,,,,,
Farrah Fawcett,28768,https://image.tmdb.org/t/p/w500/v1osF8x0G4OiXfGmElnyymyrUCn.jpg,5.8294,3,female,1947,"Farrah Leni Fawcett (February 2, 1947 – June 25, 2009) was an American actress, fashion model, and visual artist. A four-time Primetime Emmy Award nominee and six-time Golden Globe Award nominee, Fawcett rose to international fame when she played a starring role in the first season of the television series Charlie's Angels (1976–1977).  Fawcett began her career in the 1960s appearing in commercials and guest roles on television. During the 1970s, she appeared in numerous television series, inclu",,actor; drama; comedy; documentary; romance,,,,,,,,,,,
Kristen Stewart,37917,https://image.tmdb.org/t/p/w500/xldswdQ1VnpcOf2wZMPguZ3avgO.jpg,6.5183,3,female,1990,"Kristen Jaymes Stewart (born April 9, 1990) is an American actress and filmmaker. The world's highest-paid actress in 2012, she has received various accolades, including a British Academy Film Award and a César Award, in addition to nominations for an Academy Award and a Golden Globe Award.  Born and raised in Los Angeles, Stewart first gained notice at age 12 for her role as the daughter of Jodie Foster's character in David Fincher's thriller Panic Room (2002), which earned her a Young Artist A",Twilight; The Twilight Saga: Breaking Dawn - Part 1; The Twilight Saga: Breaking Dawn - Part 2; The Twilight Saga: New Moon; The Twilight Saga: Eclipse,actor; drama; romance; comedy; thriller,,,,,,,,,,,
Diane Lane,2882,https://image.tmdb.org/t/p/w500/6OfP3vFMuCL51zamFKgb8aS74hs.jpg,5.7325,3,female,1965,"Diane Colleen Lane (born January 22, 1965) is an American actress and producer. Born and raised in New York City, Lane made her screen debut at age 14 in George Roy Hill's 1979 film A Little Romance. Laurence Olivier, who played a major supporting role in the film, called her ""the new Grace Kelly"".  The two films that could have catapulted her to star status, Streets of Fire and The Cotton Club, were both commercial and critical failures, and her career languished as a result. After taking a bre",Inside Out 2; Inside Out; Batman v Superman: Dawn of Justice; Zack Snyder's Justice League; Man of Steel,actor; drama; thriller; romance; comedy,,,,,,,,,,,
Irrfan Khan,76793,https://image.tmdb.org/t/p/w500/qkA9PpWJRw3rNjVkWfNZdwLvRZx.jpg,6.0006,3,male,1967,"Saahabzaade Irfan Ali Khan (January 7, 1967 - April 29, 2020) credited as Irrfan Khan or simply Irrfan, was an Indian film actor, known for his work predominantly in Hindi cinema, as well as his works in British films and Hollywood. In a film career spanning almost thirty years and featuring in more than fifty domestic films, Khan received numerous awards, including a National Film Award and Filmfare Awards in four categories. Film critics, contemporaries and other experts consider him to have b",Slumdog Millionaire; The Amazing Spider-Man; Jurassic World; Life of Pi; Inferno,actor; drama; thriller; crime; romance,,,,,,,,,,,
Juno Temple,36594,https://image.tmdb.org/t/p/w500/nvsPrM4OKHVCDivgMx4FF6PgE5f.jpg,5.4533,3,female,1989,"Juno Temple (born 21 July 1989) is a British actress. She is known for her roles in the comedy series Ted Lasso (2020–2023) and in the fifth season of the crime drama series Fargo (2023–2024). She earned Primetime Emmy Award nominations for both as well as a Golden Globe Award nomination for the latter. She also portrayed Teddy Payne in the superhero film Venom: The Last Dance (2024).  Temple, the daughter of film director Julien Temple, began working as a child actress, appearing in Notes on a ","Good Luck, Have Fun, Don't Die; Venom: The Last Dance; The Dark Knight Rises; Roofman; Maleficent",actor; drama; comedy; thriller; romance,,,,,,,,,,,
Gabriel Guevara,2786960,https://image.tmdb.org/t/p/w500/pviRYKEEmoPUfLYwP1VHJ6LQcRg.jpg,7.1016,3,male,2001,"Gabriel Guevara (born February 6, 2001) is a Spanish actor, primarily known for his role as Nick Leister in Culpa Mía (2023) and Culpa Tuya (2024). He is also known for Charter (2020), Skam España (2018) and HIT (2020).",My Fault; Our Fault; Your Fault,actor; drama; romance; thriller; comedy,,,,,,,,,,,
Claire Danes,6194,https://image.tmdb.org/t/p/w500/vTKKniIwbXWMmnuMmGKHYS41Vif.jpg,6.1103,3,female,1979,"Claire Catherine Danes (born April 12, 1979) is an American actress. She is the recipient of three Primetime Emmy Awards, four Golden Globe Awards, and two Screen Actors Guild Awards. In 2012, Time named her one of the 100 most influential people in the world, and she was awarded a star on the Hollywood Walk of Fame in 2015.  Danes gained early recognition as Angela Chase in the 1994 teen drama series My So-Called Life. The role won her a Golden Globe Award for Best Actress and a Primetime Emmy ",Terminator 3: Rise of the Machines; Stardust; Romeo + Juliet,actor; drama; romance; comedy; thriller,,,,,,,,,,,
Catherine O'Hara,11514,https://image.tmdb.org/t/p/w500/gI2RyymLJ9ZrhEyJSD5EqSvFpCX.jpg,4.8729,3,female,1954,"Catherine Anne O'Hara (March 4, 1954 - January 30, 2026) was a Canadian-American actress and comedienne, who began her career at Second City Theatre in Toronto. She gained fame on SCTV alongside comedy icons like Rick Moranis and John Candy. Known for roles in films like ""After Hours,"" ""Beetlejuice,"" ""Home Alone,"" and ""The Nightmare Before Christmas,"" she was also renowned for her work in Christopher Guest's mockumentaries. Her versatility extends to voicing Grandma Frump in ""The Addams Family.""",The Wild Robot; Elemental; Beetlejuice; Beetlejuice Beetlejuice; Home Alone 2: Lost in New York,actor; comedy; family; animation; drama,,,,,,,,,,,
Ethan Hawke,569,https://image.tmdb.org/t/p/w500/oojD9jSshvUT4t6AUySsBxoekHk.jpg,5.5095,3,male,1970,"Ethan Green Hawke (born November 6, 1970) is an American actor, writer and director. He made his feature film debut in 1985 with the science fiction movie Explorers, before making a supporting appearance in the 1989 drama Dead Poets Society which is considered his breakthrough role. He then appeared in such films as White Fang (1991), A Midnight Clear (1992), and Alive (1993) before taking a role in the 1994 Generation X drama Reality Bites, for which he gained critical acclaim. In 1995, he star",Black Phone 2; Dead Poets Society; Blue Moon; Sinister; Lord of War,actor; drama; documentary; thriller; comedy,,,,,,,,,,,
James Darren,100318,https://image.tmdb.org/t/p/w500/4ljvnQc75JVmyUHrSZsU7mBm4PT.jpg,5.0733,3,male,1936,"​From Wikipedia, the free encyclopedia.    James William Ercolani (June 8, 1936 - September 2, 2024), known by his stage name James Darren, was an American television and film actor, television director, and singer. He wanted to be an actor and studied in New York City with Stella Adler for a number of years. He would also occasionally sing although he later said ""I wasn't really a singer. I was a kid in Philly whose dad would take him to bars and nightclubs and I would get up and sing two songs",,actor; drama; comedy; crime; romance,,,,,,,,,,,
Tim Roth,3129,https://image.tmdb.org/t/p/w500/qSizF2i9gz6c6DbAC5RoIq8sVqX.jpg,5.6109,3,male,1961,"Timothy Simon Roth (born May 14, 1961) is an English actor and director. He was among the prominent British actors known as the ""Brit Pack"". For his performance in Rob Roy (1995), Roth won a BAFTA Award and was nominated for the Academy Award and the Golden Globe Award.   After garnering attention in television productions Made in Britain (1982) and Meantime (1983), Roth was nominated for the BAFTA Award for Most Promising Newcomer in his theatrical film debut The Hit (1984). He gained further r",Peaky Blinders: The Immortal Man; Pulp Fiction; The Hateful Eight; The Incredible Hulk; Shang-Chi and the Legend of the Ten Rings,actor; drama; thriller; comedy; crime,,,,,,,,,,,
Reese Witherspoon,368,https://image.tmdb.org/t/p/w500/o1z4UwW2137IViFIRk8AV8hWze1.jpg,6.1793,3,female,1976,"Laura Jeanne Reese Witherspoon (born March 22, 1976) is an American actress and producer. She is the recipient of various accolades, including an Academy Award, a Primetime Emmy Award, and two Golden Globe Awards. Time magazine named her one of the 100 most influential people in the world in 2006 and 2015, and Forbes listed her among the World's 100 Most Powerful Women in 2019 and 2021. In 2021, Forbes named her the world's highest earning actress, and in 2023, she was named one of the richest w",American Psycho; Legally Blonde; Cruel Intentions; Sing; Sing 2,actor; comedy; drama; romance; documentary,,,,,,,,,,,
Choi Hyun-wook,3126573,https://image.tmdb.org/t/p/w500/oHG5nnXAzkNBs0xEQlbwOaIFYPQ.jpg,5.2804,3,male,2002,"Choi Hyun-wook is a South Korean actor under GoldMedalist. He graduated from Hanlim Multi Arts School in 2019.  In 2019, he began his acting career by leading in the web drama Real:Time:Love. His role in SBS television series Taxi Driver and Racket Boys awarded him the Best New Actor at the 2021 SBS Drama Awards. Recently, Choi Hyun-wook gained more recognition in the tvN drama Twenty-Five Twenty-One, Wavve's Weak Hero Class 1, and Netflix's D.P. 2.",Mantis,actor; thriller; action; crime; comedy,,,,,,,,,,,
Dove Cameron,1098962,https://image.tmdb.org/t/p/w500/7jDPWzTvMm5GQfq2ATEZ1VAaLDH.jpg,5.9395,3,female,1996,"Dove Olivia Cameron (born Chloe Celeste Hosterman; January 15, 1996) is a European-American businesswoman, entrepreneur, actress and singer. She is known for playing a dual role as both title characters in the Disney Channel sitcom Liv and Maddie. She also starred in the Disney Channel original movies Cloud 9 as Kayla Morgan, and Descendants as Mal, daughter of Maleficent.",The Angry Birds Movie 2; Descendants,actor; family; music; adventure; comedy,,,,,,,,,,,
Nicole Wallace,2527414,https://image.tmdb.org/t/p/w500/xlvq6OYCN6yQef4fpJQtwVyQxqr.jpg,5.9336,3,female,2002,"Nicole Wallace del Barrio (born March 22, 2002) is a Spanish actress and singer, best known for her role as Nora Grace in Skam España and as Noah Morgan in the Prime Video original film My Fault.",My Fault; Our Fault; Your Fault,actor; drama; romance; sci-fi; thriller,,,,,,,,,,,
Lily James,1016168,https://image.tmdb.org/t/p/w500/7UN8GVsDzccK9UVYzMx3hooLyzZ.jpg,5.9290,3,female,1989,"Lily Chloe Ninette Thomson (born 5 April 1989), known professionally as Lily James, is an English actress. She studied acting at the Guildhall School of Music and Drama in London. She began her career in the British television series Just William (2010). Following a supporting role in the period drama series Downton Abbey (2012–2015), her breakthrough was the title role in the fantasy film Cinderella (2015).  James went on to portray Natasha Rostova in the television adaptation of War & Peace (2",Cinderella; Baby Driver; Relay; Swiped; Wrath of the Titans,actor; drama; romance; comedy; thriller,,,,,,,,,,,
Engin Akyürek,1004806,https://image.tmdb.org/t/p/w500/jF69AkfDUDlynmlPBMomzQkNHdx.jpg,5.9268,3,male,1981,"Engin Akyürek (born 12 October 1981) is a Turkish actor, screenwriter and author. Akyürek began his acting career in the year 2004. Having starred in many acclaimed series and movies, Akyürek is considered as one of Turkey's most successful and highest paid actors.  Akyürek received no official schooling for acting, stage or screen. Yet, he had a passion for writing and drama. He graduated from the history department of the language-history and geography faculty at Ankara University before he to",,actor; drama; romance; mystery; thriller,,,,,,,,,,,
Ralph Fiennes,5469,https://image.tmdb.org/t/p/w500/u29BOqiV5GCQ8k8WUJM50i9xlBf.jpg,5.7490,3,male,1962,"Ralph Nathaniel Twisleton-Wykeham-Fiennes (born 22 December 1962) is an English actor, film producer, and director. He has received various accolades, including a British Academy Film Award and a Tony Award, as well as nominations for three Academy Awards, seven Golden Globe Awards, and a Primetime Emmy Award.  Born in Ipswich, Suffolk, Fiennes was trained at and graduated from the Royal Academy of Dramatic Art in 1985. A Shakespeare interpreter, he excelled onstage at the Royal National Theatre",28 Years Later: The Bone Temple; Schindler's List; Harry Potter and the Goblet of Fire; Harry Potter and the Deathly Hallows: Part 1; Harry Potter and the Order of the Phoenix,actor; drama; thriller; comedy; documentary,,,,,,,,,,,
Chloë Grace Moretz,56734,https://image.tmdb.org/t/p/w500/yjvE3aovyTvebAOalNaI3t6KkjQ.jpg,5.5012,3,female,1997,"Chloë Grace Moretz is an American actress. She began acting as a child, with early roles in the supernatural horror film The Amityville Horror (2005), the drama series Desperate Housewives (2006–07), the supernatural horror film The Eye (2008), the drama film The Poker House (2008), the drama series Dirty Sexy Money (2007–08), the romantic comedy film 500 Days of Summer (2009) and the children's comedy film Diary of a Wimpy Kid (2010).  Her breakthrough came in 2010 with her critically acclaimed",The Equalizer; Kick-Ass; (500) Days of Summer; Dark Shadows; Bolt,actor; drama; comedy; family; horror,,,,,,,,,,,
Ajay Devgn,42803,https://image.tmdb.org/t/p/w500/vnHQQFzTjJ0sv14DGMIoKa3qTxN.jpg,5.5197,3,male,1969,"Ajay Devgan is an Indian film actor, director and producer. He is widely considered as one of the most popular actors of Hindi cinema who has appeared in over a hundred Hindi films.  He has won numerous awards, including two National Film Awards and four Filmfare Awards. In 2016, he was honoured by the Government of India with the Padma Shri, the fourth highest civilian honour of the country.  Devgan began his professional career with Phool Aur Kaante in 1991 and received a Filmfare Award for Be",RRR,actor; drama; action; comedy; romance,,,,,,,,,,,
Zeynep Atılgan,3240495,https://image.tmdb.org/t/p/w500/psBTBD2ewcU0XufZ5o395ikkNJe.jpg,5.8744,3,female,2002,,,actor,,,,,,,,,,,
Dawn Steele,1222359,https://image.tmdb.org/t/p/w500/bdxZUWa0LS8ozzQBAnobTk8EPnf.jpg,5.0027,3,female,1975,"Glaswegian actress Dawn Steele is best known for her work on TV series including Monarch of the Glen, Tinsel Town, The Key, Sea of Souls, Wild at Heart, and Holby City.",,actor; comedy; drama; thriller; documentary,,,,,,,,,,,
Mads Mikkelsen,1019,https://image.tmdb.org/t/p/w500/AsX4bdvZ8UCayWTmAf9lAqOA8V7.jpg,5.9214,3,male,1965,"Mads Dittmann Mikkelsen (Danish: [ˈmæsˈme̝kl̩sn̩]; born 22 November 1965) is a Danish actor. He rose to fame in Denmark as an actor for his roles such as Tonny in the first two films of the Pusher film trilogy (1996, 2004), Detective Sergeant Allan Fischer in the television series Rejseholdet (2000–2004), Niels in Open Hearts (2002), Svend in The Green Butchers (2003), Ivan in Adam's Apples (2005), and Jacob Petersen in After the Wedding (2006).  Mikkelsen achieved worldwide recognition for play",The Last Viking; Mufasa: The Lion King; Dust Bunny; Doctor Strange; Indiana Jones and the Dial of Destiny,actor; drama; action; adventure; documentary,,,,,,,,,,,
Robert Duvall,3087,https://image.tmdb.org/t/p/w500/3tcKxC5Sc3DJ6XPDKKC2EAomEWn.jpg,5.4663,3,male,1931,"Robert Selden Duvall (January 5, 1931 – February 15, 2026) was an American actor and filmmaker. He is the recipient of an Academy Award, four Golden Globe Awards, a BAFTA Award, two Primetime Emmy Awards and a Screen Actors Guild Award.  Duvall began appearing in theater in the late 1950s, moving into television and film roles during the early 1960s, playing Boo Radley in To Kill a Mockingbird (1962) and appearing in Captain Newman, M.D. (1963), as Major Frank Burns in the blockbuster comedy M*A",The Godfather; The Godfather Part II; Apocalypse Now; Jack Reacher; The Natural,actor; drama; crime; documentary; thriller,,,,,,,,,,,
Julia Roberts,1204,https://image.tmdb.org/t/p/w500/mQ7076pL4Ac0ZzY4w31labWIdQt.jpg,5.7120,3,female,1967,"Julia Fiona Roberts (born October 28, 1967) is an American actress. Known for her leading roles in films encompassing a variety of genres, she has received multiple accolades, including an Academy Award, a British Academy Film Award, and three Golden Globe Awards. The films in which she has starred have collectively grossed over $3.9 billion globally, making her one of Hollywood's most bankable stars. After an early breakthrough with appearances in Mystic Pizza (1988) and Steel Magnolias (1989),",Closer; Ocean's Eleven; Pretty Woman; Wonder; Hook,actor; comedy; drama; romance; documentary,,,,,,,,,,,
Cecilia Cheung,20652,https://image.tmdb.org/t/p/w500/xghVxRPUmFCHYxzD0NxMO8NtoKK.jpg,5.6597,3,female,1980,"Cecilia Cheung Pak-chi (Chinese: 張栢芝, born 24 May 1980) was born in Hong Kong to a Chinese father and a half Chinese-half British mother. Her parents divorced when she was just a child after which she was sent to Australia to live with her aunt at the age of fourteen. She has an elder half-sister Dai Pek-Chi, two younger brothers and a younger half-brother from her father's side.",Shaolin Soccer,actor; comedy; drama; romance; action,,,,,,,,,,,
J.K. Simmons,18999,https://image.tmdb.org/t/p/w500/ScmKoJ9eiSUOthAt1PDNLi8Fkw.jpg,6.2175,3,male,1955,"Jonathan Kimble Simmons (born January 9, 1955) is an American actor. He has been cited as one of the greatest contemporary character actors, and has appeared in over 200 film and television roles since his debut in 1986. He is an Academy Award, BAFTA Award, Golden Globe Award, Screen Actors Guild Award, and Critics Choice Award winner, among other accolades.  His film roles include J. Jonah Jameson in Sam Raimi's Spider-Man trilogy (2002–2007), tobacco industry executive B.R. in Thank You for Sm",Spider-Man: No Way Home; Spider-Man; Zootopia; Spider-Man: Far From Home; Spider-Man: Across the Spider-Verse,actor; drama; comedy; action; adventure,,,,,,,,,,,
Eva Mendes,8170,https://image.tmdb.org/t/p/w500/uj6IaUDEUB7swj46dPjHAi3TEk4.jpg,5.6876,3,female,1974,"Eva de la Caridad Méndez (born March 5, 1974), known professionally as Eva Mendes, is an American retired actress. Her acting career began in the late 1990s with a series of roles in films such as Children of the Corn V: Fields of Terror (1998) and Urban Legends: Final Cut(2000).  Mendes's performance in Training Day (2001) marked a turning point in her career and led to parts in the commercially successful films 2 Fast 2 Furious (2003) and Hitch (2005). She starred in Ghost Rider (2007) and The",Ghost Rider; Training Day; Hitch; The Other Guys,actor; drama; comedy; thriller; crime,,,,,,,,,,,
Trisha Krishnan,116925,https://image.tmdb.org/t/p/w500/sirse7oOd1ACEEQBVF4PHJHPUup.jpg,5.5808,3,female,1983,"​Trisha Krishnan is an Indian film actress and model. After her first appearance in the 1999 Tamil film Jodi, in a supporting role, she won a Filmfare Award for Best Female Debut for her first lead role in the 2002 film Mounam Pesiyadhe. She later rose to fame starring in the successful films, Saamy (2003) and Ghilli(2004) in Tamil cinema and Varsham (2004) in Telugu cinema, for which she secured her first South Filmfare Best Actress Award. She made her Bollywood debut in the 2010 film Khatta Me",,actor; action; drama; romance; thriller,,,,,,,,,,,
Ryan Reynolds,10859,https://image.tmdb.org/t/p/w500/trzgptffGvAlAT6MEu01fz47cLW.jpg,7.1965,3,male,1976,"Ryan Rodney Reynolds (born October 23, 1976) is a Canadian and American actor, entrepreneur and film producer. Known for starring in comedicand superhero films, he was the world's second-highest-paid actor in 2020 and 2024. Reynolds has received numerous accolades, including two Primetime Emmy Awards, as well as nominations for two Grammy Awards and a Golden Globe Award. His films as a leading actor have grossed $6.6 billion worldwide.  Born and raised in Vancouver, Canada, Reynolds began acting",The Voices; Deadpool & Wolverine; Deadpool; Ted; Deadpool 2,actor; comedy; action; documentary; drama,,,,,,,,,,,
Jason Bateman,23532,https://image.tmdb.org/t/p/w500/8e6mt0vGjPo6eW52gqRuXy5YnfN.jpg,5.1256,3,male,1969,"Jason Bateman (born January 14, 1969) is an American television and film actor. He is known for his starring roles in numerous comedy films and for his role as Michael Bluth in the Fox / Netflix sitcom Arrested Development and Marty Byrde in the Netflix crime drama series Ozark (2017–2022). He has received several awards including a Golden Globe Award, a Primetime Emmy Award, and three Screen Actors Guild Awards. In 2017 he received a star on the Hollywood Walk of Fame.  After appearing in sever",Zootopia 2; Zootopia; Hancock; Tropic Thunder; Paul,actor; comedy; drama; romance; family,,,,,,,,,,,
Bruce Lee,19429,https://image.tmdb.org/t/p/w500/vFtLJ37tjqPdq6oJr0OSpyo9Wcp.jpg,5.5372,3,male,1940,"Bruce Jun Fan Lee (Lee Siu Lung) was born on November 27, 1940 in San Francisco, CA while his parents were on tour with the Chinese Opera. Ultimately raised in Hong Kong, Bruce Lee was a child actor appearing in more than 20 films. At the age of 13, Bruce took up the study of wing chun gung fu under renowned wing chun master, Yip Man. Bruce left Hong Kong at the age of 18, came to the United States and made his way to Seattle, Washington where he worked in the restaurant of a family friend. He s",The Way of the Dragon; Enter the Dragon; Fist of Fury; Game of Death; The Big Boss,actor; documentary; action; drama; comedy,,,,,,,,,,,
Bill Skarsgård,137905,https://image.tmdb.org/t/p/w500/xBXLx1m0uzhXIbY3wN8lmPGeUHl.jpg,4.8417,3,male,1990,"Bill Istvan Günther Skarsgård (Swedish: [ˈbɪlːˈskɑ̌ːʂɡoːɖ]; born 9 August 1990) is a Swedish actor. He is known for portraying Pennywise in the horror films It (2017) and It Chapter Two (2019), along with the 2025 prequel series It: Welcome to Derry. Other horror appearances were in the series Hemlock Grove (2013–2015) and Castle Rock (2018–2019) and the films Barbarian (2022) and Nosferatu (2024).  Skarsgård has also appeared in the comedy Simple Simon (2010), the drama Nine Days (2020), and th",It; Deadpool 2; John Wick: Chapter 4; It Chapter Two; Nosferatu,actor; drama; thriller; action; horror,,,,,,,,,,,
Kerem Bürsin,134497,https://image.tmdb.org/t/p/w500/aEVh7OLO0R2ggKNhAeuTKhrnhe4.jpg,6.1834,3,male,1987,"Kerem Bürsin (born 4 June 1987) is a Turkish actor, known for his work predominantly in films, television and streaming series. After graduating from Emerson College in Marketing Communications Department, Bürsin began his acting career. He gained fame with the role in the TV shows Güneşi Beklerken (2013−2014) and Şeref Meselesi (2014−2015). Bürsin received attention after playing Ali Smith in romance action series Bu Şehir Arkandan Gelecek (2017) for which he won Seoul International Drama Award",,actor; drama; comedy; romance; horror,,,,,,,,,,,
Sam Elliott,16431,https://image.tmdb.org/t/p/w500/1K2IvGXFbKsgkExuUsRvy4F0c9e.jpg,6.1528,3,male,1944,"Samuel Pack Elliott (born August 9, 1944) is an American actor. His rangy physique, thick horseshoe mustache, and deep, resonant voice (with a Western twang/drawl) match the iconic image of a cowboy or rancher, and he has often been cast in such roles.",Buffalo Girls; The Big Lebowski; Hulk; Ghost Rider; A Star Is Born,actor; drama; action; comedy; western,,,,,,,,,,,
Donnie Yen,1341,https://image.tmdb.org/t/p/w500/hTlhrrZMj8hZVvD17j4KyAFWBHc.jpg,5.4127,3,male,1963,"Donnie Yen Chi-tan is a Hong Kong actor, filmmaker, martial artist, and action director. He is the recipient of various accolades, including three Golden Horse Awards and five Hong Kong Film Awards. He is best known for portraying Wing Chun grandmaster Ip Man in the Ip Man film series, namely Ip Man (2008), Ip Man 2 (2010), Ip Man 3 (2015), and Ip Man 4: The Finale (2019). He also served as co-producer for the spin-off Master Z: Ip Man Legacy (2018).  Born in Guangdong, Yen developed an interest",John Wick: Chapter 4; Seven Swords; xXx: Return of Xander Cage; Sakra; Mulan,actor; action; drama; thriller; comedy,,,,,,,,,,,
Lucy Liu,140,https://image.tmdb.org/t/p/w500/9nbtjqsx3De7hO2XDtrBQ7M9VCH.jpg,5.6200,3,female,1968,"Lucy Alexis Liu (born December 2, 1968) is an American actress, producer, and artist. Widely regarded as a trailblazer for Asian American representation in Hollywood, she is the recipient of numerous accolades, including two Critics' Choice Awards, two Screen Actors Guild Awards, and nominations for two Primetime Emmy Awards.",Future World; Red One; Kung Fu Panda; Kill Bill: Vol. 1; The Devil Wears Prada 2,actor; comedy; drama; animation; family,,,,,,,,,,,
Nell Fisher,3128782,https://image.tmdb.org/t/p/w500/jaSFuOw9CcgVymjvSUgUI10rlVy.jpg,5.3457,3,female,2011,"Nell Fisher (born 2 November 2011) is a British-New Zealand actress. She is known for her roles in the horror film Evil Dead Rise (2023) and the comedy Bookworm (2024). In 2025, she portrayed Holly Wheeler in the fifth season of the Netflix science fiction series Stranger Things.  Description above from the Wikipedia article Nell Fisher, licensed under CC-BY-SA, full list of contributors on Wikipedia.",Evil Dead Rise,actor; comedy; drama; thriller; adventure,,,,,,,,,,,
Gwyneth Strong,104312,https://image.tmdb.org/t/p/w500/h8sdhBFNRmsFZiBXMLiEy7yJcxJ.jpg,4.3428,3,female,1959,"Gwyneth Strong is an English actress. She is best known for her role in the BBC sitcom Only Fools and Horses as Cassandra, the love interest and, later, wife of Rodney (Nicholas Lyndhurst).  Strong's first acting appearance was in the Royal Court Theatre's production Live Like Pigs, when she was eleven. In 1973, whilst a pupil at Holland Park School, she appeared in the horror film Nothing But the Night as Mary Valley, and she was a regular in the children's TV series The Flockton Flyer between ",,actor; drama; comedy; horror; thriller,,,,,,,,,,,
Karl Urban,1372,https://image.tmdb.org/t/p/w500/6CkZLwEJxfqqcJHyeXegMAvOlPh.jpg,5.4593,3,male,1972,"Karl-Heinz Urban (born 7 June 1972) is a New Zealand actor. His career began with appearances in New Zealand films and TV series such as Xena: Warrior Princess. His first Hollywood role was in the 2002 horror film Ghost Ship. Since then, he has starred in many high-profile movies, including as Éomer in the second and third installments of The Lord of the Rings trilogy, Vaako in the second and third installments of Riddick film series, Leonard McCoy in the Star Trek reboot film series, Kirill in ",The Lord of the Rings: The Return of the King; The Lord of the Rings: The Two Towers; Thor: Ragnarok; The Bluff; Star Wars: The Rise of Skywalker,actor; action; adventure; sci-fi; thriller,,,,,,,,,,,
Vincent D'Onofrio,7132,https://image.tmdb.org/t/p/w500/5xHJKUsA8qGvTPO4q5sLZRmzbH2.jpg,6.9347,3,male,1959,"Vincent Philip D'Onofrio (/dəˈnɒfrioʊ/; born June 30, 1959) is an American actor and filmmaker. He is known for supporting and leading roles in film and television. He has been nominated for a Primetime Emmy Award.  His roles include Private Leonard ""Gomer Pyle"" Lawrence in Full Metal Jacket (1987), Robert E. Howard in The Whole Wide World (1996), Edgar the Bug in Men in Black (1997) and Men in Black: The Series (1997–2001), Carl Stargher in The Cell (2000), New York City Police Detective Robert",Jurassic World; Men in Black; Sinister; Full Metal Jacket; The Magnificent Seven,actor; drama; comedy; thriller; crime,,,,,,,,,,,
Peter Rühring,5478,,5.6468,3,male,1942,,,actor; drama; comedy; thriller; war,,,,,,,,,,,
Ananya Panday,1973077,https://image.tmdb.org/t/p/w500/AgywmKnKdOJ7HvlNKBc3hADsF1S.jpg,5.5694,3,female,1998,"Ananya Panday is an Indian actress who works in Hindi films. She is the daughter of actor Chunky Panday. She made her acting debut in Student of the Year 2 in 2019, followed by a role in Pati Patni Aur Woh in the same year. These performances earned her the Filmfare Award for Best Female Debut at the 65th Filmfare Awards.",,actor; comedy; romance; drama; thriller,,,,,,,,,,,
Sophie Turner,1001657,https://image.tmdb.org/t/p/w500/8ur4aHFakVCinWk0cvrGO8qAUhv.jpg,5.4975,3,female,1996,"Sophie Belinda Turner (born 21 February 1996) is an English actress. She made her acting debut as Sansa Stark in the HBO epic fantasy television series Game of Thrones (2011–2019), for which she received an Emmy Award nomination for Outstanding Supporting Actress in a Drama Series in 2019.  Turner appeared in the 2013 British drama television film The Thirteenth Tale and made her feature film debut in the psychological thriller Another Me (2013). She appeared in the action comedy Barely Lethal (",The Dreadful; Dark Phoenix; X-Men: Apocalypse,actor; thriller; drama; comedy; adventure,,,,,,,,,,,
Asia Argento,18514,https://image.tmdb.org/t/p/w500/dYbYNxMnqhNyAJyrPU7e2C9jcRz.jpg,5.6310,3,female,1975,"Asia Argento (born Aria Maria Vittoria Rossa Argento; 20 September 1975) is an Italian actress, singer, model, and director.  Her mother is actress Daria di Nicolodi and her father is Dario de Argento, an Italian film director, producer and screenwriter, well known for his work in the Italian giallo genre and for his influence on modern horror and slasher movies. Her maternal great-grandfather was composer Alfredo Casella.  Asia Argento started acting at the age of nine, playing a small role in ",xXx,actor; drama; comedy; documentary; thriller,,,,,,,,,,,
Li Qing,2582110,https://image.tmdb.org/t/p/w500/22dSXLPk73d5saYkORamEEW6Z5b.jpg,6.5504,3,male,2000,,,actor; drama,,,,,,,,,,,
Carolina Ramírez,1155909,https://image.tmdb.org/t/p/w500/7tuft106PlxmJAikuij3kW5iU1w.jpg,5.0495,3,female,1983,"Carolina Ramírez Quintero (Cali, June 20, 1983) is a Colombian actress and dancer. She is known for her starring roles in the series La hija del mariachi, Séptima Puerta, for playing Colombian independence heroine Policarpa Salavarrieta in the series La Pola and for her starring role in the hit telenovela La reina del flow, playing Yeimy Montoya / Tammy Andrade.",,actor; drama; comedy; documentary; romance,,,,,,,,,,,
Bryce Dallas Howard,18997,https://image.tmdb.org/t/p/w500/l9KTey4DqwazBkUgIEqfvMDCkaq.jpg,5.6257,3,female,1981,"Bryce Dallas Howard (born March 2, 1981) is an American actress and director. The eldest child of filmmaker Ron Howard, she studied acting at the New York University Tisch School of the Arts. While portraying Rosalind in a 2003 production of As You Like It, Howard caught the attention of director M. Night Shyamalan, who cast her as a blind girl in the thriller film The Village (2004) and a naiad in the fantasy film Lady in the Water (2006).  Howard's performance in Kenneth Branagh's romance film",Spider-Man 3; Jurassic World Dominion; Jurassic World: Fallen Kingdom; Jurassic World; A Beautiful Mind,actor; drama; documentary; comedy; adventure,,,,,,,,,,,
Tae Hee,2553497,https://image.tmdb.org/t/p/w500/nfvP2Lig2O2AYlGbqoJneflyg4O.jpg,5.5556,3,female,,,,actor; romance; drama,,,,,,,,,,,
Tom Selleck,15112,https://image.tmdb.org/t/p/w500/s9QR2FMnXSpq8Blx1KbbbaTrWee.jpg,5.6203,3,male,1945,"Thomas William ""Tom"" Selleck (born January 29, 1945) is an American actor and film producer, best known for his starring role as Hawaii-based private investigator Thomas Magnum on the 1980s television show Magnum, P.I.. He also plays Jesse Stone in a series of made-for-TV movies based on the Robert B. Parker novels. In 2010, he appears as Commissioner Frank Reagan in the drama Blue Bloods on CBS.  He has appeared extensively on television in roles such as Dr. Richard Burke on Friends and A.J. Co",,actor; drama; comedy; documentary; thriller,,,,,,,,,,,
Maya Hawke,1903874,https://image.tmdb.org/t/p/w500/9jX7HdSHocuZxOrzDCEC49qy9po.jpg,5.3178,3,female,1998,"Maya Ray Thurman Hawke (born July 8, 1998) is an American actress and singer-songwriter. She is the daughter of Hollywood actors Ethan Hawke and Uma Thurman. She began her career in modelling and subsequently made her screen debut as Jo March in the 2017 BBC adaptation of Little Women.   Hawke gained recognition for starring as Robin Buckley in the Netflix science fiction series Stranger Things (2019–2025). She appeared in the films Once Upon a Time in Hollywood (2019), Fear Street Part One: 199",Inside Out 2; Once Upon a Time... in Hollywood,actor; drama; comedy; romance; documentary,,,,,,,,,,,
Cate Blanchett,112,https://image.tmdb.org/t/p/w500/vUuEHiAR0eD3XEJhg2DWIjymUAA.jpg,5.6010,3,female,1969,"Catherine Elise Blanchett (born May 14, 1969) is an Australian actor and producer. Regarded as one of the best actresses of her generation, she is known for her versatile work across independent films, blockbusters, and the stage. Blanchett is the recipient of numerous accolades, including two Academy Awards, three British Academy Film Awards, three Screen Actors Guild Awards, and three Golden Globe Awards.  After graduating from the National Institute of Dramatic Art, Blanchett began her acting",The Lord of the Rings: The Return of the King; The Lord of the Rings: The Fellowship of the Ring; The Lord of the Rings: The Two Towers; The Hobbit: The Battle of the Five Armies; Thor: Ragnarok,actor; drama; documentary; comedy; adventure,,,,,,,,,,,
Apple Dy,4012042,https://image.tmdb.org/t/p/w500/oKbUdpCiH4IIExuq3U3UbkjtLSb.jpg,4.8789,3,female,1997,"Apple Dy is an actress, model and endorser of commercials recently, Dy has starred in four Vivamax films Karinyo Brutal, Torn Heaven, Balinsasayaw and Daddysitter. Her ability in the film industry was recognized as the next Vivamax Queen to be followed by Angeli Khang.  Apple has Filipino, Spanish, and Chinese blood.  Apple D's fame began in the early 2000s when she rose to prominence as a talented actress and singer. Her breakout role in a popular teen drama series catapulted her into the spotl",Balinsasayaw; Sorority; Kiskisan,actor; drama; romance; comedy; thriller,,,,,,,,,,,
Fernando Poe Jr.,954135,https://image.tmdb.org/t/p/w500/26EYQCRAw9la8BHOyO9lajVmUqY.jpg,5.2638,3,male,1939,"Ronald Allan Kelley Poe (August 20, 1939 – December 14, 2004), better known as Fernando Poe, Jr. and colloquially known as FPJ and Da King, was a Filipino actor. During the latter part of his career, Poe was defeated by incumbent President Gloria Macapagal-Arroyo in the 2004 Philippine Presidential elections, a result roundly believed to have been fraudulent. His long career as an action film star earned him the moniker ""King of Philippine Movies"" (often shortened to Da King).  Poe was posthumou",,actor; action; drama; comedy; western,,,,,,,,,,,
Ai Kayano,1254671,https://image.tmdb.org/t/p/w500/pfM0EcMpzPGChxM4sdPjCpPFKch.jpg,5.9662,3,female,1987,"Ai Kayano is a Japanese voice actress and singer affiliated with Pro-Fit.talent agency; she is represented by Office Osawa since 2015. After debuting as a voice actress in 2010, she played her first lead role as Meiko ""Menma"" Honma in the 2011 anime television series Anohana: The Flower We Saw That Day. She is also known for her lead roles as Inori Yuzuriha in Guilty Crown, Utaha Kasumigaoka in Saekano, Mashiro Shiina in The Pet Girl of Sakurasou and Shiro in No Game No Life. She has also perfor",,actor; animation; action; comedy; sci-fi,,,,,,,,,,,
Tom Georgeson,8947,https://image.tmdb.org/t/p/w500/klErtEz52vq6VGZNunck8IjsD1l.jpg,5.5966,3,male,1937,"Liverpudlian actor Tom Georgeson was best known for his roles in several groundbreaking TV dramas including Between the Lines and  Boys from the Blackstuff, Scully and G.B.H. - the last three all penned by Alan Bleasdale. For film fans he was perhaps best remembered for his role as crook George Thomason (a play on his own name) in John Cleese and Charles Crichton's 1988 comedy smash A Fish Called Wanda.",,actor; drama; comedy; romance; crime,,,,,,,,,,,
Vijay Deverakonda,1508809,https://image.tmdb.org/t/p/w500/8oVIWyIoFUal8SJFnmCUtkkm1HP.jpg,5.5960,3,male,1989,"Deverakonda Vijay Sai is an Indian actor and film producer who predominantly works in Telugu cinema. He debuted in 2011 in Ravi Babu's romantic comedy Nuvvila, and gained recognition for his supporting role in Yevade Subramanyam (2015). Deverakonda played the lead role in the 2016 romantic comedy Pelli Choopulu. Deverakonda has established himself as a leading actor of Telugu cinema by starring in films such as Arjun Reddy (2017), Mahanati (2018), Geetha Govindam (2018), Taxiwaala (2018) and Dea",,actor; drama; romance; comedy; action,,,,,,,,,,,
Robert Redford,4135,https://image.tmdb.org/t/p/w500/hNiy78lk26xTE6tjisSCowcOVw0.jpg,5.5873,3,male,1936,"Charles Robert Redford Jr. (August 18, 1936 – September 16, 2025) was an American actor, director and activist. Throughout his career, he won several film awards, including the Academy Award for Best Director for his 1980 film Ordinary People. He also received an honorary Academy Award for Lifetime Achievement in 2002 and was also the founder of the Sundance Film Festival. In 2014, Time magazine named him one of the 100 most influential people in the world, and in 2016 he was honored with a Pres",Avengers: Endgame; Captain America: The Winter Soldier; Sneakers; The Natural,actor; documentary; drama; comedy; romance,,,,,,,,,,,
Cole Sprouse,56730,https://image.tmdb.org/t/p/w500/mQAXL0rUGwX316d1FBBQmloZzHu.jpg,5.5866,3,male,1992,"Cole Sprouse (born August 4, 1992) is an Italian-born American actor. He is known for his role as Cody Martin on the Disney Channel series The Suite Life of Zack & Cody (2005–2008) and its spin-off series The Suite Life on Deck (2008–2011), which he starred in alongside his twin brother, Dylan Sprouse. From 2017 to 2023, Sprouse starred as Jughead Jones on The CW television series Riverdale.  Description above from the Wikipedia article Cole Sprouse, licensed under CC-BY-SA, full list of contrib",,actor; comedy; drama; family; romance,,,,,,,,,,,
Don Cheadle,1896,https://image.tmdb.org/t/p/w500/umhTmcVF26qZKEpSfG1ZNpcbs9D.jpg,5.5801,3,male,1964,"Donald Frank Cheadle Jr. (born November 29, 1964) is an American actor. Known for his roles in film and television, he has received multiple accolades, including two Golden Globe Awards, two Grammy Awards, and a Tony Award, as well as nominations for an Academy Award, two BAFTA Awards, and 11 Primetime Emmy Awards. He is among a few actors who have received nominations for the EGOT.  Cheadle's career started with supporting roles in Hamburger Hill (1987), Colors (1988), Devil in a Blue Dress (19",Avengers: Infinity War; Avengers: Endgame; Iron Man 2; Avengers: Age of Ultron; Captain America: Civil War,actor; drama; comedy; documentary; crime,,,,,,,,,,,
Ke Huy Quan,690,https://image.tmdb.org/t/p/w500/iestHyn7PLuVowj5Jaa1SGPboQ4.jpg,5.5788,3,male,1971,"Ke Huy Quan (/ˌkiː.hwiː.ˈkwɑːn/ KEE-hwee-KWAHN; Vietnamese: Quan Kế Huy; born August 20, 1971), also known as Jonathan Ke Quan, is an American actor. His accolades include a Golden Globe Award and an Academy Award.  Born in Vietnam, Quan immigrated to the United States as a child. As a child actor, he rose to fame playing Short Round in Indiana Jones and the Temple of Doom (1984) and Data in The Goonies (1985). Following a few roles as a young adult in the 1990s, he took a 19-year acting hiatus,",Zootopia 2; Kung Fu Panda 4; Everything Everywhere All at Once; The Goonies; The Electric State,actor; action; adventure; documentary; comedy,,,,,,,,,,,
Aliya Raymundo,5165492,https://image.tmdb.org/t/p/w500/qSZGqJscT4cPO7g4lqzYjGYc3Or.jpg,5.5738,3,female,2006,"Aliya Raymundo was born in July 2006 in Nasugbu, Batangas, Philippines. she is a social media personality and actress working under VIVA Artists Agency. She was discovered on the social media platform, TikTok, where she has must of her followers.",Abot Langit; Ekis; Salikmata; Elevator Lady,actor; drama; romance; thriller,,,,,,,,,,,
Noel Fisher,80352,https://image.tmdb.org/t/p/w500/rBD5Iwt9WITaUKGk1oxSPLjjpm2.jpg,5.5688,3,male,1984,"Noel Roeim Fisher (born March 13, 1984) is a Canadian actor. He is known for his portrayal of Mickey Milkovich on the Showtime series Shameless, as well as his portrayal of Cael Malloy on the FX series The Riches. He played Ellison ""Cotton Top"" Mounts in the Emmy Award-winning miniseries Hatfields & McCoys as well as bully Troy McGinty in Max Keeble's Big Move (2001), Vladimir, a 1,500-year-old vampire in The Twilight Saga: Breaking Dawn – Part 2 (2012), and Michelangelo in Teenage Mutant Ninja ",Teenage Mutant Ninja Turtles; The Twilight Saga: Breaking Dawn - Part 2; Sully; Final Destination 2,actor; comedy; drama; family; action,,,,,,,,,,,
Courteney Cox,14405,https://image.tmdb.org/t/p/w500/cSOORhCRPJiwKghozXVXrOBi3Tp.jpg,5.5610,3,female,1964,"Courteney Bass Cox (born June 15, 1964) is an American actress, director, and producer. She gained recognition for her starring role as Monica Geller on the NBC sitcom Friends, which aired from 1994 to 2004. For her performance in the series, she received seven Screen Actors Guild Award nominations, of which she won one. She received further recognition for starring as Gale Weathers in the horror film franchise Scream (1996–present). She also starred as Lauren Miller in the NBC sitcom Family Tie",Scream 7; Scream; Scream; Scream VI; Scream 2,actor; comedy; drama; mystery; thriller,,,,,,,,,,,
Al Pacino,1158,https://image.tmdb.org/t/p/w500/m8HAAjq1T75JypKk0v1FFQn4ysZ.jpg,5.5523,3,male,1940,"Alfredo James Pacino (born April 25, 1940) is an American actor and filmmaker. In a career spanning over five decades, he has received many awards and nominations, including an Academy Award, two Tony Awards, and two Primetime Emmy Awards. He is one of the few performers to have received the Triple Crown of Acting. He has also been honored with the AFI Life Achievement Award, the Cecil B. DeMille Award, and the National Medal of Arts.  A method actor and former student of the HB Studio and the A",The Humbling; The Godfather; The Godfather Part II; The Devil's Advocate; Heat,actor; drama; documentary; crime; thriller,,,,,,,,,,,
Amirah J,3046586,https://image.tmdb.org/t/p/w500/ywkWIPb8n56t4B746BqBBZ6RSOV.jpg,5.5464,3,female,2007,"Amirah J (born 2007) is an American actress from Washington, D.C., who is best known for her role as “Xan” in Shameless. She is one of the up-and-coming young talents on US television and has been working professionally as an actress since childhood.  Amirah began her acting career at around the age of eight. Her mother is Tiffanie Johnson and her father is a US Army veteran.  In Shameless (2018), she played Xan alongside Jeremy Allen White, William H. Macy, and Emmy Rossum. In High Potential (2",,actor; drama,,,,,,,,,,,
Iñaki Godoy,2177750,https://image.tmdb.org/t/p/w500/93Z6KuFpqoDD1xN5kuswYQzbWe6.jpg,5.5393,3,male,2003,"Iñaki Godoy Jasso (born August 25, 2003) is a Mexican actor who is known for his role as Juan Ruiz in The Imperfects (2022) and Monkey D. Luffy in Netflix's live adaptation of One Piece (2023).  Description above from the Wikipedia article Iñaki Godoy, licensed under CC-BY-SA, full list of contributors on Wikipedia.",,actor; horror; comedy; action,,,,,,,,,,,
Miles Teller,996701,https://image.tmdb.org/t/p/w500/aciu7YM8fD0BzrrA6cJ5wDKZIA6.jpg,5.5389,3,male,1987,"Miles Teller (born February 20, 1987) is an American actor. He debuted his feature film with the independent drama Rabbit Hole (2010). He gained wider recognition for his roles in the coming-of-age film The Spectacular Now (2013) and the Divergent film trilogy (2014–2016). His breakthrough role came in the drama Whiplash (2014), which earned him critical acclaim.  Teller starred in the superhero film Fantastic Four (2015) and the biographical film War Dogs (2016). He garnered a mainstream resurg",Project X; The Gorge; Top Gun: Maverick; Eternity; Whiplash,actor; drama; comedy; romance; music,,,,,,,,,,,
Francesca Xuereb,3037169,https://image.tmdb.org/t/p/w500/iYY4MjbdDL8cLXTm3xPqDqolM7w.jpg,5.5281,3,female,1998,,,actor; drama; horror; thriller; sci-fi,,,,,,,,,,,
John Krasinski,17697,https://image.tmdb.org/t/p/w500/pmVGDb6Yl6OyFcHVGbu1EYNfyFK.jpg,5.5261,3,male,1979,"John Burke Krasinski (born October 20, 1979) is an American actor, film director and writer. He is widely known for playing Jim Halpert on the NBC sitcom The Office from 2005 to 2013. He has also appeared in several films including License to Wed (2007), Leatherheads (2008), Away We Go (2009), It's Complicated (2009), Something Borrowed (2011), Aloha (2015), 13 Hours: The Secret Soldiers of Benghazi (2016), Detroit (2017), and A Quiet Place (2018), which he also directed and co-wrote. Also in 20",Doctor Strange in the Multiverse of Madness; A Quiet Place; A Quiet Place Part II; Free Guy; Shrek the Third,actor; comedy; drama; adventure; family,,,,,,,,,,,
Daniel Craig,8784,https://image.tmdb.org/t/p/w500/iFerDZUmC5Fu26i4qI8xnUVEHc7.jpg,5.5333,3,male,1968,"Daniel Wroughton Craig (born March 2, 1968) is an English actor. He gained international fame by playing the fictional secret agent James Bond for five installments in the film series: Casino Royale (2006), Quantum of Solace (2008), Skyfall (2012), Spectre (2015), and No Time to Die (2021).  After training at the National Youth Theatre in London and graduating from the Guildhall School of Music and Drama in 1991, Craig began his career on stage. He began acting with the drama The Power of One (1",The Mother; Wake Up Dead Man: A Knives Out Mystery; Knives Out; Star Wars: The Force Awakens; Casino Royale,actor; drama; documentary; thriller; adventure,,,,,,,,,,,
Bela Lugosi,1547,https://image.tmdb.org/t/p/w500/fwimu7WKcaJXIjaDwYQg42GxUxa.jpg,6.1229,3,male,1882,"Blaskó Béla Ferenc Dezső (October 20, 1882 – August 16, 1956), better known by the stage name Bela Lugosi, was a Hungarian stage, screen, and television actor. He is best remembered for his iconic portrayal of Count Dracula in the classic 1931 Dracula film.",,actor; horror; documentary; comedy; drama,,,,,,,,,,,
Rachel Ward,36042,https://image.tmdb.org/t/p/w500/m6mW8Tka8h8SxdLpY0hmfO1G9G7.jpg,4.2691,3,female,1957,"Rachel Claire Ward (born September 12, 1957) is an English-Australian actress, film and television director, screenwriter, and former model who has primarily pursued her career in Australia.  During her modelling career, she was featured on the covers of Vogue, Harper's & Queen, and Cosmopolitan magazines. After moving to the United States in 1977, she appeared in television advertisements such as the Lincoln Mercury ""Cougar Girl"" and Revlon's ""Scoundrel Girl"".  In 1981, she received a Golden Gl",,actor; drama; thriller; crime; horror,,,,,,,,,,,
Lilia Cuntapay,1090824,https://image.tmdb.org/t/p/w500/ifLfyZMiddAJ8sPaXGWzsTASrn6.jpg,5.4761,3,female,1935,"Lilia Cuntapay (September 16, 1935 – August 20, 2016) was a Filipina actress and former teacher whose debut role was in the Filipino horror film series Shake Rattle and Roll in 1991. Thereafter, she was dubbed the ""Queen of Philippine Horror Movies"" due to her roles in many subsequent horror films.",,actor; comedy; horror; drama; romance,,,,,,,,,,,
Maika Monroe,1094091,https://image.tmdb.org/t/p/w500/ir4tct8MyI8cCzufEiLZ3McuUQN.jpg,5.4713,3,female,1993,"Maika Monroe (born Dillon Monroe Buckley; born May 29, 1993) is an American actress. She made her film debut with the drama At Any Price (2012) and led the thriller film The Guest and the horror film It Follows (both 2014), which established her as a scream queen. She starred in the thrillers Greta (2018) and Watcher (2022), as well as the horror film Longlegs (2024).  In addition to her horror and thriller roles, Monroe appears in the action film Independence Day: Resurgence (2016), the neo-noi",Reminders of Him; It Follows; Longlegs; Independence Day: Resurgence; The 5th Wave,actor; thriller; drama; horror; mystery,,,,,,,,,,,
Shailene Woodley,94185,https://image.tmdb.org/t/p/w500/tqNlTcDxDFQOQi0GpEtx0lqQyWt.jpg,5.3347,3,female,1991,"Shailene Diann Woodley (born November 15, 1991) is an American actress. Born in San Bernardino, California, Woodley was raised in Simi Valley, and started modeling at the age of four and began acting professionally in minor television roles. She first gained prominence for her starring role as Amy Juergens in the ABC Family teen drama series The Secret Life of the American Teenager (2008–2013). She subsequently starred in the films The Descendants (2011) and The Spectacular Now (2013), receiving",Divergent; Insurgent,actor; drama; thriller; comedy; romance,,,,,,,,,,,
Sally Field,35,https://image.tmdb.org/t/p/w500/5fBK36MdmdwQQMuP0W70rXADXih.jpg,5.4361,3,female,1946,"Sally Margaret Field (born November 6, 1946) is an American actress. She has received many awards and nominations, including two Academy Awards, three Primetime Emmy Awards, two Golden Globe Awards, a Screen Actors Guild Award, a Cannes Film Festival Award for Best Actress, and nominations for a Tony Award and for two British Academy Film Awards.  Field began her career on television, starring in the comedies Gidget (1965–1966), The Flying Nun (1967–1970), and The Girl with Something Extra (1973",Forrest Gump; The Amazing Spider-Man; The Amazing Spider-Man 2; Mrs. Doubtfire; Lincoln,actor; drama; comedy; documentary; romance,,,,,,,,,,,
Frances McDormand,3910,https://image.tmdb.org/t/p/w500/r0A7hZsM1zuavTr0jN7bwmBcliR.jpg,6.4095,3,female,1957,"Frances Louise McDormand (born Cynthia Ann Smith; June 23, 1957) is an American film, stage and television actress. McDormand began her career on stage and made her screen debut in the 1984 film Blood Simple, having since appeared in several theatrical and television roles. McDormand has been recognized for her performances in 'Mississippi Burning' (1988), 'Short Cuts' (1993), 'Fargo' (1996), 'Wonder Boys' (2000), 'Almost Famous' (2000), 'North Country' (2005), 'Moonrise Kingdom' (2012), 'Hail, ","Fargo; Three Billboards Outside Ebbing, Missouri; The Good Dinosaur; Madagascar 3: Europe's Most Wanted; Primal Fear",actor; drama; comedy; crime; documentary,,,,,,,,,,,
James Spader,13548,https://image.tmdb.org/t/p/w500/uET0mbf2bMkUXbRb1Oxi8Qjqcw3.jpg,5.3009,3,male,1960,"James Todd Spader (/ˈspeɪdər/ SPAY-dər; born February 7, 1960) is an American actor. He is known for often portraying eccentric and morally ambiguous characters. He began his career in critically acclaimed independent films before transitioning into television, where he has received acclaim and many awards, including three Primetime Emmy Awards and nominations for three Golden Globe Awards, and ten Screen Actors Guild Awards.  Spader began acting in youth-oriented films such as Tuff Turf, The Ne",Avengers: Age of Ultron; Secretary; Stargate; Lincoln; Crash,actor; drama; thriller; romance; comedy,,,,,,,,,,,
Danish Iqbal,4235042,https://image.tmdb.org/t/p/w500/tOKa5BhjgtXXxw3IEBq6jRybH95.jpg,5.0732,3,male,,,Dhurandhar: The Revenge,actor; drama; crime; action; thriller,,,,,,,,,,,
Connor Storrie,4270366,https://image.tmdb.org/t/p/w500/A3bHEOq8litLXGwqYrGu06tqLSM.jpg,5.5837,3,male,2000,"Connor Storrie is an American actor and filmmaker. Active in film and television since 2018, he has appeared in projects such as Tiny Beautiful Things (2023), Riley (2023), and Joker: Folie à Deux (2024). He is best known for his breakout role as Ilya Rozanov in the Crave original television series Heated Rivalry (2025).",Joker: Folie à Deux,actor; drama; thriller; horror; crime,,,,,,,,,,,
Angelica Hart,4095689,https://image.tmdb.org/t/p/w500/bMohhjKqkgPKaeOmwfDoiO0uZgs.jpg,5.3879,3,female,,Angelica debuted on the Vivamax reality series PantaXa: Laiya where she was crowned as one of the show's winners.,,actor; drama; romance; crime; thriller,,,,,,,,,,,
Jessica Chastain,83002,https://image.tmdb.org/t/p/w500/lodMzLKSdrPcBry6TdoDsMN3Vge.jpg,5.3376,3,female,1977,"Jessica Michelle Chastain (born March 24, 1977) is an American actress and film producer. Known for her roles in films with feminist themes, she has received various accolades, including an Academy Award, a Golden Globe Award, in addition to nominations for two British Academy Film Awards. Time magazine named her one of the 100 most influential people in the world in 2012.  Born and raised in Sacramento, California, Chastain developed an interest in acting from an early age. In 1998, she made he",Interstellar; The Martian; It Chapter Two; Dark Phoenix; The Help,actor; drama; documentary; thriller; crime,,,,,,,,,,,
Alain Delon,15135,https://image.tmdb.org/t/p/w500/u4nu4YAQfwuy5Dnxlk28Z5eNA1S.jpg,5.2533,3,male,1935,"Alain Fabien Maurice Marcel Delon (8 November 1935 – 18 August 2024) was a French actor, film producer, screenwriter, singer, and businessman. Acknowledged as a cultural and cinematic leading man of the 20th century, Delon emerged as one of the foremost European actors of the late 1950s to the 1980s, and became an international sex symbol. He is regarded as one of the most well-known figures of the French cultural landscape. His style, looks, and roles, which made him an international icon, earn",,actor; drama; documentary; crime; thriller,,,,,,,,,,,
Han Ga-hee,1767076,https://image.tmdb.org/t/p/w500/83F2yRf14ghdtPbKizI8ssbwSkY.jpg,5.1844,3,female,1987,,,actor; drama; romance; mystery; comedy,,,,,,,,,,,
Paul Bettany,6162,https://image.tmdb.org/t/p/w500/vcAVrAOZrpqmi37qjFdztRAv1u9.jpg,5.0115,3,male,1971,"Paul Bettany (born 27 May 1971) is an English actor. He is best known for his roles as J.A.R.V.I.S. and Vision in the Marvel Cinematic Universe, including the Disney+ series WandaVision (2021) and the upcoming Vision Quest (2026), the former of which garnered him a Primetime Emmy Award nomination.  Bettany first gained popularity for appearing in the films Gangster No. 1 (2000), A Knight's Tale (2001) and A Beautiful Mind (2001). He was nominated for a BAFTA Award for playing Stephen Maturin in ",The Avengers; Avengers: Infinity War; Iron Man 2; Iron Man; Avengers: Age of Ultron,actor; drama; action; adventure; thriller,,,,,,,,,,,
Natalia Sánchez,1240549,https://image.tmdb.org/t/p/w500/69b7ScOptnGGuWZaNtQL41KVlMj.jpg,4.3841,3,female,1990,,"Sex, Party and Lies",actor; comedy; drama; horror; thriller,,,,,,,,,,,
Heather Locklear,58691,https://image.tmdb.org/t/p/w500/rIvuZwIMRkwSVGMza7Tm2yBXD5g.jpg,5.1552,3,female,1961,"Heather Deen Locklear (born September 25, 1961) is an American actress, best known for her television roles as Sammy Jo Carrington on Dynasty, Officer Stacy Sheridan on T.J. Hooker, Amanda Woodward on Melrose Place, and Caitlin Moore on Spin City.",Scary Movie 5; Uptown Girls,actor; drama; comedy; thriller; romance,,,,,,,,,,,
Anthony Hopkins,4173,https://image.tmdb.org/t/p/w500/iaf7SHSkGDpnyrDh1Jolilwk2TD.jpg,5.2105,3,male,1937,"Sir Philip Anthony Hopkins CBE (born December 31, 1937) is a Welsh actor, film director, and film producer. He is the recipient of numerous accolades, including two Academy Awards, four British Academy Film Awards, two Primetime Emmy Awards and a British Academy Television Award. He has also received an honorary Golden Globe Award and the BAFTA Fellowship from the British Academy of Film and Television Arts. In 1993, he was knighted by Queen Elizabeth II for his services to the arts, and in 2003",Thor: Ragnarok; Thor; Thor: The Dark World; How the Grinch Stole Christmas; Meet Joe Black,actor; drama; documentary; thriller; action,,,,,,,,,,,
Jennifer Garner,9278,https://image.tmdb.org/t/p/w500/ftymEXqdTnXfaI6dGd9qrJoFOSE.jpg,5.2620,3,female,1972,"Jennifer Anne Garner (born April 17, 1972) is an American actress. Born in Houston, Texas, and raised in Charleston, West Virginia, Garner studied theater at Denison University and began acting as an understudy for the Roundabout Theatre Company in New York City. She made her screen debut in the television adaptation of Danielle Steel's romance novel Zoya in 1995. She had guest television appearances and supporting film roles, as well as a featured role on the teen drama television series Time o",Deadpool & Wolverine; Catch Me If You Can; Pearl Harbor; Daredevil; The Adam Project,actor; comedy; drama; romance; fantasy,,,,,,,,,,,
Rami Malek,17838,https://image.tmdb.org/t/p/w500/mESIaMPIPxtyWDQ6DAChUBobOp5.jpg,5.2694,3,male,1981,"Rami Said Malek (born May 12, 1981) is an American actor. He is known for portraying computer hacker Elliot Alderson in the USA Network television series Mr. Robot (2015–2019), for which he received the Primetime Emmy Award for Outstanding Lead Actor in a Drama Series, and as Queen lead singer Freddie Mercury in the biographical film Bohemian Rhapsody (2018), for which he won numerous accolades, including the Academy Award for Best Actor, becoming the first actor of Egyptian heritage to win in t",Oppenheimer; Nuremberg; The Amateur; No Time to Die; Bohemian Rhapsody,actor; drama; documentary; comedy; adventure,,,,,,,,,,,
Chad Michael Murray,62747,https://image.tmdb.org/t/p/w500/jIkzUQUVLkgn3HFMFRJBDAD0OLj.jpg,5.0985,3,male,1981,"Chad Michael Murray (born August 24, 1981) is an American actor, writer, producer, director, and former fashion model. He is best known for his roles as Lucas Scott on The WB/CW drama series One Tree Hill, Edgar Evernever on Riverdale, Mirabeau Lamar on Texas Rising, Jacob Thompson on the ABC series Marvel's Agent Carter, Jacob Orr on Chosen, a recurring role as Tristan Dugray on The WB/CW series Gilmore Girls, and Charlie Todd on The WB series Dawson’s Creek.  He also had supporting roles in th",Freakier Friday; A Cinderella Story; Left Behind,actor; romance; drama; thriller; comedy,,,,,,,,,,,
Michael Caine,3895,https://image.tmdb.org/t/p/w500/bVZRMlpjTAO2pJK6v90buFgVbSW.jpg,5.2304,3,male,1933,"Sir Michael Caine CBE (born Maurice Joseph Micklewhite Jr.; 14 March 1933) is a retired English actor. Known for his distinctive South London accent, he has appeared in more than 160 films in a career spanning seven decades, and is considered a British film icon. As of February 2017, the films in which Caine has appeared have grossed over $7.8 billion worldwide.  Often playing a Cockney, Caine made his breakthrough in the 1960s with starring roles in British films such as Zulu (1964), The Ipcres",Interstellar; Last Orders; The Dark Knight; Inception; Dunkirk,actor; drama; comedy; documentary; thriller,,,,,,,,,,,
Joo Ye-bin,4845074,https://image.tmdb.org/t/p/w500/wh5Wnrxs9ay7JUeQJfhCfwwfmPt.jpg,5.1702,3,female,1987,"Joo Ye-bin (주예빈) is a South Korean host and actress. Originally devoted herself to the theater world, she has now retired from the adult film industry and returned to full-time career as a theater actress, and has experience working as a photo model while working under the name of Jo Ji-yeong (2013-2017). Before becoming active in the theater world, she takes good care of her body due to her experience as a belly dancer. She is also the recipient of the 2020 Korean Theater Actors Association New",My Friend's Mom; Stepmom; Gonjiam: Haunted Asylum; The Day of Swapping,actor; romance; horror; action; crime,,,,,,,,,,,
Bradley Cooper,51329,https://image.tmdb.org/t/p/w500/sQq0nft6YZmJ7EMQwPcbaxym3AL.jpg,5.0609,3,male,1975,"Bradley Charles Cooper (born January 5, 1975) is an American actor and filmmaker. He has received various accolades, including a British Academy Film Award and three Grammy Awards. In addition, he has been nominated for twelve Academy Awards, six Golden Globe Awards, and a Tony Award. Cooper appeared on the ForbesCelebrity 100 list three times and on Time's list of the 100 most influential people in the world in 2015. His films have grossed $13 billion worldwide, and he has been placed in annual",Avengers: Infinity War; Superman; Avengers: Endgame; Guardians of the Galaxy Vol. 3; Guardians of the Galaxy Vol. 2,actor; comedy; drama; romance; documentary,,,,,,,,,,,
Audrey Hepburn,1932,https://image.tmdb.org/t/p/w500/hwPHPRz7YqmcRAlvhag5VPeoaoC.jpg,4.9595,3,female,1929,"Audrey Hepburn (born Audrey Kathleen Ruston; 4 May 1929 – 20 January 1993) was a British actress and humanitarian. Recognised as both a film and fashion icon, she was ranked by the American Film Institute as the third-greatest female screen legend from the Classical Hollywood cinema and was inducted into the International Best Dressed List Hall of Fame.  Born in Ixelles, Brussels, to an aristocratic family, Hepburn spent parts of her childhood in Belgium, England, and the Netherlands. She studie",,actor; documentary; romance; comedy; drama,,,,,,,,,,,
Maddie Ziegler,1483976,https://image.tmdb.org/t/p/w500/zMY7VuUUvJjzi52bERurbe8vKsR.jpg,5.7651,3,female,2002,"Madison Nicole Ziegler (born September 30, 2002) is an American actress and dancer. She was initially known for appearing in Lifetime's reality show Dance Moms from 2011 (at age 8) until 2016. From 2014, she gained wider recognition for starring in a series of music videos by Sia, beginning with ""Chandelier"" and ""Elastic Heart"", which have in total attracted more than 5 billion views on YouTube. Ziegler has appeared in films, television shows, concerts, advertisements and on magazine covers.  Zi",Ballerina,actor; drama; comedy; romance; music,,,,,,,,,,,
Antonio Banderas,3131,https://image.tmdb.org/t/p/w500/fce7zl6elUzsv7wudHFc7RgFtjD.jpg,5.2361,3,male,1960,"José Antonio Domínguez Bandera (born 10 August 1960), known professionally as Antonio Banderas, is a Spanish actor and singer. Known for his work in films of several genres, he has received various accolades, including a Cannes Film Festival Award and a European Film Award, in addition to nominations for an Academy Award, a Tony Award, two Primetime Emmy Awards, and five Golden Globe Awards.  Banderas made his film debut in Pedro Almodóvar's screwball comedy Labyrinth of Passion (1982). They've ",Shrek 2; Puss in Boots: The Last Wish; Shrek Forever After; Indiana Jones and the Dial of Destiny; Babygirl,actor; drama; comedy; thriller; action,,,,,,,,,,,
AngelaBaby,150899,https://image.tmdb.org/t/p/w500/gbnjGrNhlvGu1sXhcm0J2IW0orD.jpg,4.8482,3,female,1989,"Angelababy (English name: Angela; birth name: Yang Ying) is a Chinese model, actress, and singer born in Shanghai to a Shanghainese mother and a father from Hong Kong, who is of half German and half Chinese descent. She is one of the ""New Four Dan Actresses"". Her father runs a fashion business in Shanghai. She gained an interest in fashion as a child under her father's influence.  Angelababy moved to Hong Kong when she was thirteen, and signed a modelling contract with Style International Manage",Independence Day: Resurgence,actor; comedy; romance; action; drama,,,,,,,,,,,
Kim Do-hee,1974009,https://image.tmdb.org/t/p/w500/vDK2YCaePyUO4bxTE5mbvQqdqwp.jpg,5.4297,3,female,1983,Kim Do-hee (김도희) is a South Korean actress.,,actor; romance; drama,,,,,,,,,,,
Bryan Cranston,17419,https://image.tmdb.org/t/p/w500/7Jahy5LZX2Fo8fGJltMreAI49hC.jpg,5.2276,3,male,1956,"Bryan Lee Cranston (born March 7, 1956) is an American businessman, entrepreneur, actor, voice actor, screenwriter, director and producer. After taking minor roles in television, he established himself as a leading actor in both comedic and dramatic works on stage and screen. He has received several accolades, including seven Primetime Emmy Awards, a Golden Globe Award, a Laurence Olivier Award, and two Tony Awards, as well as nominations for an Academy Award and a BAFTA Award.  Cranston first g",Kung Fu Panda 4; Saving Private Ryan; Drive; Kung Fu Panda 3; Godzilla,actor; drama; comedy; documentary; thriller,,,,,,,,,,,
Nathalie Emmanuel,1251069,https://image.tmdb.org/t/p/w500/uh8EIhxKJxK7xsJlWcIgBkqyAKq.jpg,5.2966,3,female,1989,"Nathalie Joanne Emmanuel (born 2 March 1989) is a British actress. Emmanuel began her acting career appearing in theatre in the late 1990s, acquiring roles in various West End productions such as the musical The Lion King. In 2006, she began her on-screen career by starring as Sasha Valentine in the soap opera Hollyoaks, after which she appeared in various British television series until her debut film appearance in Twenty8k (2012).  Emmanuel gained wider recognition for her role as Missandei in",Fast X; Furious 7; F9; The Fate of the Furious; Maze Runner: The Scorch Trials,actor; action; thriller; crime; drama,,,,,,,,,,,
Charlie Murphy,1356630,https://image.tmdb.org/t/p/w500/AaugO5Qq1Opp3Dv6JuH5ESJYmo9.jpg,5.5535,3,female,1987,"Charlotte Murphy (born 30 November 1987) is an Irish actress best known for her role as Ann Gallagher in the BBC series Happy Valley (2014–2023).  She won the Irish Times Irish Theatre Award for her performance of Eliza Doolittle in Pygmalion by George Bernard Shaw at the Abbey Theatre.  She was nominated for Best Actress in a Play at the 2019 WhatsOnStage Awards for her performance as Mairead in The Lieutenant of Inishmore by Martin McDonagh, directed by Michael Grandage.",'71; The Foreigner,actor; drama; thriller; action; comedy,,,,,,,,,,,
Stana Katic,34408,https://image.tmdb.org/t/p/w500/4Kw0xJTzRc4VPfOVlaMr7OTfvN2.jpg,4.7284,3,female,1978,"Stana Katić is a Canadian actress and producer. She is best known for her roles as Kate Beckett on the ABC television series Castle (2009–2016) and FBI Special Agent Emily Byrne in the Amazon Prime Video series Absentia (2017–2020).  Katic was born in Hamilton, Ontario, Canada, to Serb parents Petar and Rada Katic, who emigrated from Croatia. She has four brothers and one sister. Katic began her acting career in theater, appearing in productions at the Trinity College School in Port Hope, Ontari",Quantum of Solace,actor; drama; action; adventure; thriller,,,,,,,,,,,
Luigi Vannucchi,39004,https://image.tmdb.org/t/p/w500/t2i6JIa6vfgy1s3cnB9R8NlYB5G.jpg,4.5360,3,male,1930,"Luigi Vannucchi (25 November 1930 – 30 August 1978) was an Italian film, stage and television actor.  Born in Caltanissetta, Vannucchi graduated at Silvio d'Amico National Academy of Dramatic Arts in 1952 and shortly after entered the theatrical company of Vittorio Gassman. In 1958 he entered the Giorgio Strehler's company. From early 60's he also was very active as television actor, often in negative roles, in successful TV-series as A come Andromeda and I promessi sposi. His film career was le",,actor; drama; comedy; history; adventure,,,,,,,,,,,
Déborah Révy,1016071,https://image.tmdb.org/t/p/w500/a3EmfvlSIcRhIwFm6nFLWCnIuFi.jpg,5.8717,3,female,1987,"Déborah Révy was born on March 10, 1987 in Lyon, Rhône, France. She is an actress, known for Love (2015), Desire (2011) and My Little Princess (2011).",Desire,actor; drama; romance; comedy; history,,,,,,,,,,,
Hilary Duff,5958,https://image.tmdb.org/t/p/w500/48Pwyp6ASq8MjW2g4JERj47TeO4.jpg,4.7338,3,female,1987,"Hilary Erhard Duff (born September 28, 1987) is an American actress, singer, and songwriter. She is the recipient of several accolades, including seven Nickelodeon Kids' Choice Awards, four Teen Choice Awards and two Young Artist Awards. She also began her acting career at a young age, quickly being labeled a teen idol, as the title character of the television series, Lizzie McGuire and in the film based on the series, The Lizzie McGuire Movie (2003).  Thereafter, she appeared in numerous mainst",A Cinderella Story,actor; comedy; family; romance; drama,,,,,,,,,,,
Peter Dinklage,22970,https://image.tmdb.org/t/p/w500/9CAd7wr8QZyIN0E7nm8v1B6WkGn.jpg,5.2590,3,male,1969,"Peter Hayden Dinklage (born June 11, 1969) is an American actor. Portraying Tyrion Lannister on the HBO television series Game of Thrones (2011–2019), Dinklage won the Primetime Emmy Award for Outstanding Supporting Actor in a Drama Series a record four times. He also received a Golden Globe Award in 2011 and a Screen Actors Guild Award in 2020 for the role.  Born in the Jersey Shore region of New Jersey, Dinklage studied acting at Bennington College, performing in a number of amateur stage prod",Avengers: Infinity War; Wicked; Roofman; Pixels; Transformers: Rise of the Beasts,actor; comedy; drama; adventure; romance,,,,,,,,,,,
Adria Arjona,1371297,https://image.tmdb.org/t/p/w500/hzu7OqTmNCT1xdCdmwBSf2yJvaO.jpg,6.4706,3,female,1992,"Adria Arjona Torres (Spanish: [ˈaðɾja aɾˈxona]; born April 25, 1992) is an American actress. She played Dorothy Gale in the Oz book adaptation Emerald City (2017), Anathema Device in Good Omens (2019), and Bix Caleen in Andor (2022–2025). She has starred in Father of the Bride (2022), Hit Man (2023), and Blink Twice (2024) with supporting roles in Pacific Rim Uprising (2018), Life of the Party (2018), Triple Frontier (2019), 6 Underground (2019) and Morbius (2022).  Description above from the Wi",Morbius; Blink Twice; Pacific Rim: Uprising; 6 Underground,actor; thriller; drama; comedy; romance,,,,,,,,,,,
Rakesh Bedi,110200,https://image.tmdb.org/t/p/w500/dWLCiA3rqnaFPn9s0bk2MiSq5Mt.jpg,6.3147,3,male,1954,"Rakesh Bedi (born 1 December 1954) is an Indian film, stage and television actor. He is most known for his comedy roles in films such as Chashme Buddoor (1981), the television series, Yeh Jo Hai Zindagi (1984), Shrimaan Shrimati (1995) and Yes Boss (1999–2009).  Bedi started his film career as a supporting actor in the 1979 film Hamare Tumhare, starring Sanjeev Kumar, and then went on to act in over 150 films and several TV serials. Some of his most memorable roles were in the 1981 film Chashme ",Dhurandhar: The Revenge; Dhurandhar,actor; drama; romance; comedy; action,,,,,,,,,,,
Sarah Pidgeon,2286541,https://image.tmdb.org/t/p/w500/lAYYx5h4P0rAWzQBTkreIuOLBcZ.jpg,5.0002,3,female,1996,"Sarah Pidgeon (born July 7, 1996) is an American actress. She has played roles in the Amazon Prime Video series The Wilds (2020–2022) and the Hulu series Tiny Beautiful Things (2023). She made her Broadway debut in the David Adjmi play Stereophonic (2024), earning her a Tony Award nomination for Best Featured Actress in a Play, and later played Stevie Ward in the slasher film I Know What You Did Last Summer (2025). Pidgeon received wider acclaim for portraying Carolyn Bessette-Kennedy in the FX/",I Know What You Did Last Summer,actor; drama; thriller; comedy; horror,,,,,,,,,,,
Sam Rockwell,6807,https://image.tmdb.org/t/p/w500/afYhNpLwpa65Yy0Q0g00FNFhzx5.jpg,5.2211,3,male,1968,"Sam Rockwell (born November 5, 1968) is an American actor. He is known for playing distressed police officer Jason Dixon in Martin McDonagh's crime drama Three Billboards Outside Ebbing, Missouri (2017), for which he won the Academy Award for Best Supporting Actor. The following year, he was nominated in the same category for portraying in Adam McKay's political satire Vice (2018). In 2019, he portrayed Bob Fosse in the FX biographical miniseries Fosse/Verdon, earning a nomination for a Primetim","Good Luck, Have Fun, Don't Die; The Bad Guys 2; The Green Mile; Iron Man 2; IF",actor; comedy; drama; crime; action,,,,,,,,,,,
Danny Keogh,93919,https://image.tmdb.org/t/p/w500/qvvWCPcFSWe23LxUzEEnjHM1vcn.jpg,9.1928,4,male,1948,"Danny Keogh is a veteran actor whose work strongly ties itself to the theatre. A native of South African, born in Uganda, Danny's theatrical career earned him numerous award nominations. Danny's screen debut was in 1977 and since then added onto an extensive career spanning over 3 decades. His most notable screen credits include the Clint Eastwood-directed film Invictus (2009) and the Sci-Fi trilogy-marker Starship Troopers 3: Marauder (2008). Notable television appearances include The Lost Futu",,actor; drama; thriller; action; adventure,,,,,,,,,,,
Tom Hiddleston,91606,https://image.tmdb.org/t/p/w500/wzfUMqasiYhzwpBvZqkCQ055Ri3.jpg,4.4449,3,male,1981,"Thomas William Hiddleston (born 9 February 1981) is an English actor. He gained international fame portraying Loki in the Marvel Cinematic Universe (MCU), beginning with Thor in 2011 and including the Disney+ series Loki (2021–2023).  Hiddleston started his film career with Joanna Hogg's films Unrelated (2007) and Archipelago (2010). In 2011, Hiddleston portrayed F. Scott Fitzgerald in Woody Allen's romantic comedy Midnight in Paris and appeared in Steven Spielberg's War Horse. That year, he was",Avengers: Doomsday; The Avengers; Avengers: Infinity War; Avengers: Endgame; Thor: Ragnarok,actor; drama; documentary; adventure; comedy,,,,,,,,,,,
Cha Eun-woo,1604826,https://image.tmdb.org/t/p/w500/kZUO2s2ZsBRYZ8acu0wMzlGHpRS.jpg,5.4473,3,male,1997,"Lee Dong Min (이동민), better known by his stage name Cha Eun-woo (차은우) is a South Korean singer, actor, and model under the label of Fantagio. He is a member of the South Korean boy group Astro.  He debuted as an actor with a minor role in the film ""My Brilliant Life"". Shortly after his debut, he had a minor role in the series ""The Best Hit"", which boosted his fame a little more. He became well known for his good looks and was nicknamed 'Genius Face' by the media.  In 2018, Cha was cast in his fir",,actor; music; drama; action; documentary,,,,,,,,,,,
Gabriel Basso,222122,https://image.tmdb.org/t/p/w500/6jHYQf6Y37BEouavp03WWpWpFyR.jpg,4.6366,3,male,1994,"Louis Gabriel Basso III is an American actor. Beginning his career as a child actor, Basso had roles in films such as Super 8 (2011), The Kings of Summer (2013), Barely Lethal (2015), The Whole Truth (2016), Hillbilly Elegy (2020), and A House of Dynamite (2025). He is best known for his lead roles as Adam Jamison on the Showtime comedy drama series The Big C (2010–13) and FBI Agent Peter Sutherland on the Netflix action thriller series The Night Agent (2023–present).  Description above from the",The Strangers: Chapter 3; The Strangers: Chapter 2; A House of Dynamite,actor; drama; thriller; comedy; horror,,,,,,,,,,,
Callum Turner,1371041,https://image.tmdb.org/t/p/w500/1QqpyYbX6zyyrtlKAJLbKM4B4k9.jpg,4.8247,3,male,1990,"Callum Robilliard Turner (born 15 February 1990) is an English actor. After beginning a career as a fashion model, he began working in film and television. He had lead roles in the drama film Queen and Country (2014) and the mystery miniseries Glue (2014). He played Theseus, the brother of Newt Scamander, in the fantasy films Fantastic Beasts: The Crimes of Grindelwald (2018) and Fantastic Beasts: The Secrets of Dumbledore (2022).  Turner's performance in the mystery series The Capture (2019) ea",Eternity; Fantastic Beasts: The Secrets of Dumbledore; Fantastic Beasts: The Crimes of Grindelwald; Atropia,actor; drama; comedy; romance; sci-fi,,,,,,,,,,,
Jin Joo,1997928,https://image.tmdb.org/t/p/w500/awN0RgLUn0j8AsGsC4JNT1gdkVI.jpg,4.9012,3,female,,,,actor; romance; drama; comedy; family,,,,,,,,,,,
Christian Bale,3894,https://image.tmdb.org/t/p/w500/7Pxez9J8fuPd2Mn9kex13YALrCQ.jpg,5.1770,3,male,1974,"Christian Charles Philip Bale (born 30 January 1974) is an English actor. Known for his versatility and physical transformations for his roles, he has been a leading man in films of several genres. He has received various accolades, including an Academy Award and two Golden Globe Awards. Forbes magazine ranked him as one of the highest-paid actors in 2014.  Born in Wales to English parents, Bale had his breakthrough role at age 13 in Steven Spielberg's 1987 war film Empire of the Sun. After more",The Dark Knight; The Bride!; The Dark Knight Rises; Empire of the Sun; The Prestige,actor; drama; documentary; thriller; action,,,,,,,,,,,
Ruth Gemmell,18031,https://image.tmdb.org/t/p/w500/hPtU8FTFMOneRQg7LQQdkeakJOe.jpg,5.4606,3,female,1967,Ruth Katrin Gemmell (born October 1967) is a British actress. She is known for portraying the role of Lady Violet Bridgerton in the Netflix period drama series Bridgerton.,Cleaner; Storage 24,actor; drama; comedy; thriller; romance,,,,,,,,,,,
Viola Davis,19492,https://image.tmdb.org/t/p/w500/bkrRMBXxqR4v3Zeygivfyi6VIfF.jpg,4.9834,3,female,1965,"Viola Davis (/vaɪˈoʊlə/ vy-OH-lə; born August 11, 1965) is an American actress and film producer. Her accolades include both the Triple Crown of Acting and EGOT. Time named her one of the 100 most influential people in the world in 2012 and 2017. The New York Times ranked her ninth on its list of the greatest actors of the 21st century (2020). Davis received the Cecil B. DeMille Award in 2025.  A graduate of Juilliard, Davis began her career in Central Falls, Rhode Island, appearing in small sta",Prisoners; Kung Fu Panda 4; The Suicide Squad; Ocean's Eleven; The Woman King,actor; drama; thriller; crime; documentary,,,,,,,,,,,
Clancy Brown,6574,https://image.tmdb.org/t/p/w500/1JeBRNG7VS7r64V9lOvej9bZXW5.jpg,4.9610,3,male,1959,"Clarence John ""Clancy"" Brown III (born January 5, 1959) is an American actor. Prolific in film and television since the 1980s, Brown is often cast in villainous and authoritative roles.  His film roles include Rawhide in The Adventures of Buckaroo Banzai Across the 8th Dimension (1984), the Kurgan in Highlander (1986), Sheriff Gus Gilbert in Pet Sematary Two (1992), Capt. Byron Hadley in The Shawshank Redemption (1994), Sgt. Charles Zim in Starship Troopers (1997), Surtur in Thor: Ragnarok (2017",The Shawshank Redemption; The SpongeBob Movie: Search for SquarePants; Regretting You; Thor: Ragnarok; John Wick: Chapter 4,actor; animation; comedy; drama; family,,,,,,,,,,,
Dylan O'Brien,527393,https://image.tmdb.org/t/p/w500/xN3GdvIlqsR838gDoblhPH0numP.jpg,5.1807,3,male,1991,"Dylan Rhodes O'Brien (born August 26, 1991) is an American actor. His first major role was as Stiles Stilinski in the MTV supernatural series Teen Wolf (2011–2017). He achieved further prominence for his lead role in the science fiction Maze Runner trilogy (2014–2018), which led to more film appearances.   O'Brien played Deepwater Horizon explosion survivor Caleb Holloway in the disaster film Deepwater Horizon (2016), fictional counterterrorist Mitch Rapp in the action thriller American Assassin",Send Help; The Maze Runner; Bumblebee; Anniversary; Infinite,actor; drama; comedy; thriller; action,,,,,,,,,,,
Kristen Bell,40462,https://image.tmdb.org/t/p/w500/rP74dJXl7EjinGM0shQtUOlH5s2.jpg,5.1113,3,female,1980,"Kristen Anne Bell (born July 18, 1980) is an American actress and singer. Her work includes both film and television, and her accolades include an Emmy Award, in addition to nominations for three Golden Globe Awards. In 2025, Time included her in its selection of the 100 most influential people in the world.  Bell began her acting career starring in stage productions while attending the Tisch School of the Arts at New York University. She made her Broadway stage debut as Becky Thatcher in the co",Zootopia; Frozen; Scream 4; Sonic the Hedgehog 4; Frozen II,actor; comedy; family; drama; animation,,,,,,,,,,,
Charlie Hunnam,56365,https://image.tmdb.org/t/p/w500/5WIDrnY25Ps2RYu0zIzHSVuSt5n.jpg,5.4054,3,male,1980,"Charles Matthew ""Charlie"" Hunnam (born 10 April 1980) is an English actor. He is perhaps best known to UK audiences as Pete Dunham in Green Street Hooligans and as Nathan Maloney in the Channel 4 hit drama Queer as Folk and to US audiences as Jackson ""Jax"" Teller in the FX network series, Sons of Anarchy.",Pacific Rim; Children of Men; King Arthur: Legend of the Sword; The Gentlemen; Rebel Moon - Part One: A Child of Fire,actor; drama; adventure; crime; thriller,,,,,,,,,,,
Melanie Griffith,29369,https://image.tmdb.org/t/p/w500/yffPcqlZMsXTCAZ84a1tLmdcIS6.jpg,6.3357,3,female,1957,"Melanie Richards Griffith (born August 9, 1957) is an American actress. She began her career in the 1970s, appearing in several independent thriller films before achieving mainstream success in the mid-1980s.  Born in New York City to actress Tippi Hedren and advertising executive Peter Griffith, she was raised mainly in Los Angeles, where she graduated from the Hollywood Professional School at age 16. In 1975, a then 17-year-old Griffith appeared opposite Gene Hackman in Arthur Penn's film noir",Lolita; The Disaster Artist,actor; drama; comedy; romance; thriller,,,,,,,,,,,
Sara Arjun,579817,https://image.tmdb.org/t/p/w500/uyZIlCL6xwWlor6JYSmIYUiPE7M.jpg,5.1747,3,female,2005,"Sara Arjun (born 15 June 2005) is an Indian actress who has appeared in films, a series of commercials, and a short Hindi film before the age of six. In 2010, she was signed to portray a lead role in A. L. Vijay's Tamil drama film Deiva Thirumagal, portraying the role of a six-year-old daughter whose father was a  mentally challenged adult with the maturity of a six-year-old boy. The  film opened to critical and commercial acclaim, with Sara's performance receiving praise from film critics. She ",Dhurandhar: The Revenge; Dhurandhar,actor; drama; action; thriller; romance,,,,,,,,,,,
Channing Tatum,38673,https://image.tmdb.org/t/p/w500/4TpgnS6l8YUXSne9Av9nda6mjxY.jpg,5.1076,3,male,1980,"Channing Matthew Tatum (born April 26, 1980) is an American actor and producer. He made his film debut in the drama Coach Carter (2005) and had his breakthrough with the sports comedy film She's the Man (2006) and the dance film Step Up (2006). He rose to prominence for playing Duke in the action films G.I. Joe: The Rise of Cobra (2009) and G.I. Joe: Retaliation (2013), the title role in the comedy-drama films Magic Mike (2012), Magic Mike XXL (2015) and Magic Mike's Last Dance (2023), and an un",Avengers: Doomsday; Deadpool & Wolverine; The Hateful Eight; Roofman; Bullet Train,actor; drama; comedy; action; crime,,,,,,,,,,,
Zoey Deutch,1059597,https://image.tmdb.org/t/p/w500/tn6ErnytTct7HNAFG2dW17QcBk5.jpg,5.1660,3,female,1994,"Zoey Francis Chaya Thompson Deutch (born November 10, 1994) is an American actress. She is daughter of director Howard Deutch and actress-director Lea Thompson. She gained recognition for her roles in the film Everybody Wants Some!!, the Netflix comedy series The Politician, and the film Set It Up.  Deutch began her career with roles on the Disney Channel comedy series The Suite Life on Deck (2010–2011) and The CW crime drama series Ringer (2011–2012). Following her credited film debut in the go",Anniversary; The Disaster Artist; Nouvelle Vague; The Threesome; Dirty Grandpa,actor; comedy; drama; romance; thriller,,,,,,,,,,,
Andy Samberg,62861,https://image.tmdb.org/t/p/w500/jMXU5oG3i93SH1yhkpbBGskFiJl.jpg,5.2134,3,male,1978,"Andy Samberg (born David A. J. Samberg; August 18, 1978) is an American actor, comedian, musician, producer and writer. He is a member of the comedy music group The Lonely Island and was a cast member on Saturday Night Live from 2005 to 2012, where he and his fellow group members are credited with popularizing the SNL Digital Shorts.  Samberg has starred in several films, including Hot Rod (2007), I Love You, Man (2009), That's My Boy (2012), Celeste and Jesse Forever (2012), Popstar: Never Stop",Zootopia 2; Spider-Man: Across the Spider-Verse; The Naked Gun; That's My Boy; Hotel Transylvania,actor; comedy; animation; family; documentary,,,,,,,,,,,
Angie Dickinson,4301,https://image.tmdb.org/t/p/w500/5OmGKBhCTz7nobyMOPfaxs2F9n3.jpg,4.9039,3,female,1931,"Angeline Dickinson (née Brown; September 30, 1931) is an American actress. She began her career on television, appearing in many anthology series during the 1950s, before landing her breakthrough role in Gun the Man Down (1956) with James Arness and the Western film Rio Bravo (1959), for which she received the Golden Globe Award for New Star of the Year.  In her six decade career, Dickinson has appeared in more than 50 films, including China Gate (1957), Ocean's 11 (1960), The Sins of Rachel Cad",Ocean's Eleven; Sabrina,actor; drama; documentary; comedy; thriller,,,,,,,,,,,
Kim Ji-ah,1706911,https://image.tmdb.org/t/p/w500/kTBZUhZRnyKgpHJDBj68M3WOANa.jpg,5.1581,3,female,,,My Sister-in-law's Secret; Room Salon College Girls 3; The Youngest Sister-in-law,actor; romance; drama; action,,,,,,,,,,,
Pooja Hegde,587753,https://image.tmdb.org/t/p/w500/2ZxrR6DVIWtDDtmIhJ6i64wwWSU.jpg,5.5467,3,female,,,Ala Vaikunthapurramuloo; Mohenjo Daro; Beast,actor; action; drama; adventure,,,,,,,,,,,
Finn Cole,1508313,https://image.tmdb.org/t/p/w500/yVWop3BSHbjIecYGqI1ToZIPR3T.jpg,5.2567,3,male,,,Peaky Blinders; F9; Animal Kingdom,actor; crime; drama; action,,,,,,,,,,,
Rachel McAdams,53714,https://image.tmdb.org/t/p/w500/vDUGcy0sdqHx76VWkoemy9n4waT.jpg,6.8255,3,female,,,Doctor Strange; The Notebook; Sherlock Holmes,actor; adventure; fantasy; action,,,,,,,,,,,
Sam Worthington,65731,https://image.tmdb.org/t/p/w500/mflBcox36s9ZPbsZPVOuhf6axaJ.jpg,5.1277,3,male,,,Avatar; Avatar: The Way of Water; Hacksaw Ridge,actor; action; adventure; sci-fi,,,,,,,,,,,
Michael Jai White,64856,https://image.tmdb.org/t/p/w500/YPoHYuzR37wFpPpwEXZYQlhLln.jpg,5.0886,3,male,,,Spawn; The Dark Knight; Undisputed II: Last Man Standing,actor; action; thriller; crime,,,,,,,,,,,
Allu Arjun,108215,https://image.tmdb.org/t/p/w500/icSybtPa0yQncOvIbnH0sCndv5i.jpg,4.9231,3,male,,,Pushpa: The Rise; Pushpa 2 - The Rule; Ala Vaikunthapurramuloo,actor; action; drama; thriller,,,,,,,,,,,
Seth Rogen,19274,https://image.tmdb.org/t/p/w500/nYl9bvQzaPQLzlf0wf75clLN6Hi.jpg,5.1731,3,male,,,Sausage Party; Neighbors; Neighbors 2: Sorority Rising,actor; comedy; adventure; animation,,,,,,,,,,,
Daniel Radcliffe,10980,https://image.tmdb.org/t/p/w500/e64VeB4Mybwm2tOhyLY1h7XQQ8N.jpg,5.0339,3,male,,,Harry Potter and the Philosopher's Stone; Harry Potter and the Chamber of Secrets; Harry Potter and the Prisoner of Azkaban,actor; adventure; fantasy,,,,,,,,,,,
Alissa Yagi,1373074,https://image.tmdb.org/t/p/w500/uBOkNey4zXSqvdcn7DcWWQ6jss4.jpg,4.8677,3,female,,,Come Kiss Me at 0:00AM; Say 'I Love You'; We Made a Beautiful Bouquet,actor; romance; drama; comedy,,,,,,,,,,,
Natascha McElhone,11317,https://image.tmdb.org/t/p/w500/sc1kLBI1jK7MicTYammnFs5JYrS.jpg,4.9418,3,female,,,The Truman Show; Halo; Ronin,actor; comedy; drama; action,,,,,,,,,,,
Gwyneth Paltrow,12052,https://image.tmdb.org/t/p/w500/8x3jpWD7DEvyMXO1FOjwNdd1UZT.jpg,4.8467,3,female,,,Iron Man 3; Iron Man 2; Se7en,actor; action; adventure; sci-fi,,,,,,,,,,,
Han Yi-seul,2590519,https://image.tmdb.org/t/p/w500/3VeE7R9ism39ZSftTeQ3hJdNI7F.jpg,5.0542,3,female,,,Bosomy Mom; Hole-in-law; Female Urologists 2,actor; romance; drama,,,,,,,,,,,
Grace Van Patten,1472783,https://image.tmdb.org/t/p/w500/2I5bXUYmjX10OzIqTpYhUrBwNkg.jpg,4.6093,3,female,,,Tell Me Lies; The Meyerowitz Stories (New and Selected); Under the Silver Lake,actor; drama; mystery; comedy,,,,,,,,,,,
Brigitte Nielsen,921,https://image.tmdb.org/t/p/w500/lkP0qKkDOvVk0ETZX0bx3Qmufkm.jpg,4.8423,3,female,,,Cobra; Rocky IV; Creed II,actor; action; drama; crime,,,,,,,,,,,
Han Seo-ah,2374721,https://image.tmdb.org/t/p/w500/hfcHoS3o2sCLkZHJpqcnSIDaEav.jpg,4.9766,3,female,,,I Don't Like Younger Men 4; The Youngest Sister-in-law; Young Sister-in-law 3,actor; romance,,,,,,,,,,,
John Malkovich,6949,https://image.tmdb.org/t/p/w500/7GoOdGNc4ra1L0F5nJTkmIB37iu.jpg,4.9141,3,male,,,RED; Bird Box; Changeling,actor; crime; thriller; drama,,,,,,,,,,,
Steven Seagal,23880,https://image.tmdb.org/t/p/w500/fGNIEpn3JqOckY3ahnJX9x3qA94.jpg,4.9925,3,male,,,Under Siege; Under Siege 2: Dark Territory; Above the Law,actor; action; thriller; crime,,,,,,,,,,,
Wang Xuan,4061802,https://image.tmdb.org/t/p/w500/uoeMh3CtTmu2qx73SnxvLTE400z.jpg,5.2335,3,male,,,Grab Your Love; He Should Have Shone Brightly; 今日宜大婚,actor; drama,,,,,,,,,,,
Glenn Close,515,https://image.tmdb.org/t/p/w500/4VHZ1GfLwN7MUgApy0LCBzdDF9L.jpg,4.9392,3,female,,,101 Dalmatians; What Happened to Monday; Mars Attacks!,actor; comedy; sci-fi; family,,,,,,,,,,,
Xavier Smalls,4635145,https://image.tmdb.org/t/p/w500/jRnrhp5i69Brwb6qAse6a2erspr.jpg,6.0505,3,male,,,Madea's Destination Wedding; Beauty in Black,actor; drama; comedy,,,,,,,,,,,
Yoo Ji-won,1883366,https://image.tmdb.org/t/p/w500/hpgMcqgkjadsmVpfIMQlXEBCnpL.jpg,4.9442,3,female,,,House with a Good View 3; Adult Only Institute; Reunion Goals: The Beginning,actor; romance; drama; comedy,,,,,,,,,,,
Yuko Tanaka,20331,https://image.tmdb.org/t/p/w500/fMonAnp3OQ16FmGy5SGhEJRcuVI.jpg,4.6469,3,female,,,Princess Mononoke; Tales from Earthsea; Monster,actor; adventure; fantasy; animation,,,,,,,,,,,
Olivia Wilde,59315,https://image.tmdb.org/t/p/w500/jYopRE6nhYGqpb64fVUKrbJVMy1.jpg,5.0157,3,female,,,TRON: Legacy; Rush; In Time,actor; action; sci-fi; adventure,,,,,,,,,,,
Jillian Ward,1139664,https://image.tmdb.org/t/p/w500/gFOfcwLEFN7zVa6tsh4dOhoCPto.jpg,4.2372,3,female,,,Abot-Kamay Na Pangarap; Aswang; Prima Donnas,actor; drama; family; horror,,,,,,,,,,,
Christine Hung Hiu-Wan,1391533,,5.1910,3,female,,,Sex and Zen II; The Fruit Is Swelling; Sex and Zen III,actor; romance; comedy; fantasy,,,,,,,,,,,
Ornella Muti,27163,https://image.tmdb.org/t/p/w500/mfqcHHrBH6NdhjiMozCwhaR9oqo.jpg,4.8822,3,female,,,The Taming of the Scoundrel; Flash Gordon; Oscar,actor; comedy; sci-fi; adventure,,,,,,,,,,,
Noah Schnapp,1393177,https://image.tmdb.org/t/p/w500/jHS4mG6XW0ZJbMnpseL2reEWpv8.jpg,5.0514,3,male,,,Stranger Things; The Peanuts Movie; Bridge of Spies,actor; mystery; comedy; animation,,,,,,,,,,,
Aubrey Plaza,119592,https://image.tmdb.org/t/p/w500/4pPvrQmrzQCYpgLo8WM1AW8myoe.jpg,4.8056,3,female,,,Safety Not Guaranteed; Dirty Grandpa; The To Do List,actor; comedy; romance; sci-fi,,,,,,,,,,,
Karrueche Tran,1473345,https://image.tmdb.org/t/p/w500/zWvMAHDHlonbihbBQ6w9zz15Ka5.jpg,3.5034,3,female,,,The Nice Guys; Claws; 3-Headed Shark Attack,actor; comedy; action; crime,,,,,,,,,,,
Jamie Foxx,134,https://image.tmdb.org/t/p/w500/25zzvFA6yx2Q9BYnugsbd4JWDfu.jpg,4.6795,3,male,,,Django Unchained; Soul; Law Abiding Citizen,actor; drama; western; animation,,,,,,,,,,,
Anson Boon,2430575,https://image.tmdb.org/t/p/w500/e1Fffuy99j5TSi0Qbyt1N6adlOI.jpg,4.5409,3,male,,,1917; Crawl; MobLand,actor; war; history; horror,,,,,,,,,,,
Shawn Hatosy,52647,https://image.tmdb.org/t/p/w500/xTwYIiSOvvIUb9YIZcTNp8fdnwp.jpg,5.0644,3,male,,,John Q; The Faculty; Alpha Dog,actor; drama; thriller; crime,,,,,,,,,,,
Alyson Hannigan,21595,https://image.tmdb.org/t/p/w500/bO16z8rAzZWdjCga8dcbJ2AFAh2.jpg,4.5015,3,female,,,American Reunion; American Pie; American Wedding,actor; comedy; romance,,,,,,,,,,,
Lisa Ann Walter,4494,https://image.tmdb.org/t/p/w500/uL8s2YDwuCigsLGKDSnBkCzfEdr.jpg,4.9508,3,female,,,Bruce Almighty; War of the Worlds; The Parent Trap,actor; comedy; fantasy; adventure,,,,,,,,,,,
Annette O'Toole,1734,https://image.tmdb.org/t/p/w500/mCTEEzuNXlCdyl9uM4ot688IfVz.jpg,4.8590,3,female,,,It; 48 Hrs.; Smallville,actor; drama; mystery; crime,,,,,,,,,,,
Samyuktha,1725208,https://image.tmdb.org/t/p/w500/lyH5eDTwTTRzqaBaDd5qdUrlAmO.jpg,4.6681,3,female,,,Virupaksha; Vaathi; Theevandi,actor; horror; mystery; thriller,,,,,,,,,,,
Ashley Johnson,34486,https://image.tmdb.org/t/p/w500/8s36QwB7Zq3PrbY1W6a6ctTFFoe.jpg,4.7498,3,female,,,The Avengers; What Women Want; Blindspot,actor; sci-fi; action; adventure,,,,,,,,,,,
Hero Fiennes Tiffin,1114487,https://image.tmdb.org/t/p/w500/6zMrrZvOMH6uGwEFoK0Uo8sZvxL.jpg,4.4888,3,male,,,After; After We Collided; After We Fell,actor; romance; drama,,,,,,,,,,,
Mahesh Babu,116924,https://image.tmdb.org/t/p/w500/fcxgYi1h6vywacUg8asM6S0IIhf.jpg,5.5337,3,male,,,1: Nenokkadine; Bharat Ane Nenu; Spyder,actor; action; thriller; mystery,,,,,,,,,,,
Madelyn Keys,3002581,https://image.tmdb.org/t/p/w500/cSdB1wZKJipIEielUo6JrQtsZ4y.jpg,4.5225,3,female,,,Finding Her Edge; Hidden Family Secrets; Under the Christmas Tree,actor; drama; thriller; romance,,,,,,,,,,,
Noah Wyle,13526,https://image.tmdb.org/t/p/w500/nwyLCQepwg8FX7OXJ4AT4ej8c7i.jpg,4.4564,3,male,,,Donnie Darko; Falling Skies; ER,actor; drama; fantasy; mystery,,,,,,,,,,,
Lili Reinhart,1136940,https://image.tmdb.org/t/p/w500/lJyHrOkbtzLntoKkhDoISjEWbkf.jpg,4.9563,3,female,,,Riverdale; Look Both Ways; Hustlers,actor; drama; crime; comedy,,,,,,,,,,,
Ashley Lopez,5420126,https://image.tmdb.org/t/p/w500/pRIF389pP8fCmkp7wlOusY9AlMQ.jpg,5.3495,3,female,,,Sticky; Maninilip; Happy Ending,actor; romance; drama; thriller,,,,,,,,,,,
Sela Ward,6068,https://image.tmdb.org/t/p/w500/pzQuH9vm182Ar2vpUsakKzxPNV7.jpg,5.9374,3,female,,,The Day After Tomorrow; Gone Girl; The Guardian,actor; thriller; adventure; drama,,,,,,,,,,,
Élie Dorval,2516162,https://image.tmdb.org/t/p/w500/lEkQgNbQ2dMjHJtSStQ9nMiLDNB.jpg,4.5836,3,female,,,En direct de l'univers,actor,,,,,,,,,,,
Sean Connery,738,https://image.tmdb.org/t/p/w500/hbB676mW62gjsh0f51ICYE11niG.jpg,5.2773,3,male,,,Indiana Jones and the Last Crusade; The Rock; The League of Extraordinary Gentlemen,actor; action; adventure; thriller,,,,,,,,,,,
Cheng Yufeng,4179551,https://image.tmdb.org/t/p/w500/uZybp9EvZOc4lUfpo5Q6ua6QpA2.jpg,4.0964,3,male,,,General Order; Enslaved By Love; In The Grip of Love,actor; drama,,,,,,,,,,,
Lera Abova,2286738,https://image.tmdb.org/t/p/w500/nXeb2aQ2joeZaiFzMwFDANFfCjp.jpg,4.9854,3,female,,,Anna; Exterritorial; ONE PIECE,actor; action; thriller; adventure,,,,,,,,,,,
Joel Kinnaman,92404,https://image.tmdb.org/t/p/w500/iVTh89rxgPhZSuijVo467WNsvUw.jpg,5.2805,3,male,,,RoboCop; Suicide Squad; The Suicide Squad,actor; action; adventure; sci-fi,,,,,,,,,,,
Will Arnett,21200,https://image.tmdb.org/t/p/w500/cXupYqk2ERP13XBkw816skYdVDO.jpg,4.9276,3,male,,,The Lego Batman Movie; BoJack Horseman; Ratatouille,actor; animation; comedy; family,,,,,,,,,,,
Mark Harmon,19728,https://image.tmdb.org/t/p/w500/mNEO4u5WMBUfvHTPN785Edq4uVK.jpg,4.5464,3,male,,,NCIS; Freaky Friday; Fear and Loathing in Las Vegas,actor; drama; comedy; crime,,,,,,,,,,,
Forest Whitaker,2178,https://image.tmdb.org/t/p/w500/4w7l5JUwnwFNBy7J93ZwYN1nihm.jpg,4.5967,3,male,,,Arrival; Taken 3; The Butler,actor; drama; sci-fi; mystery,,,,,,,,,,,
Deniz Can Aktaş,1584434,https://image.tmdb.org/t/p/w500/2BiYbPCAosP81e1xffLDPMvEjtI.jpg,4.9016,3,male,,,Boundless Love; The Town Doctor; Love Makes Us Cry,actor; drama; crime; family,,,,,,,,,,,
Natalia Dyer,1039011,https://image.tmdb.org/t/p/w500/cQaa3XEiUTgJxp85VeFYFyblJIH.jpg,4.3217,3,female,,,"Stranger Things; Yes, God, Yes; Things Heard & Seen",actor; mystery; drama; comedy,,,,,,,,,,,
Anna Faris,1772,https://image.tmdb.org/t/p/w500/y3YKNr4qPPJZ9w4lR2a3yySKotd.jpg,4.4727,3,female,,,Scary Movie; Scary Movie 2; Scary Movie 3,actor; comedy,,,,,,,,,,,
Jennifer Tilly,7906,https://image.tmdb.org/t/p/w500/9vYoYF385cVq9oDO3pDpXihP4vz.jpg,4.9755,3,female,,,"Monsters, Inc.; Bride of Chucky; Seed of Chucky",actor; comedy; horror; animation,,,,,,,,,,,
Julie Ann Emery,55256,https://image.tmdb.org/t/p/w500/i7sKJ490oQfxnpa6ebqAQRWOaLU.jpg,4.7576,3,female,,,Hitch; Gifted; Preacher,actor; drama; comedy; romance,,,,,,,,,,,
María Ibarreta,1083702,https://image.tmdb.org/t/p/w500/oTCzA3x8RpdvbP8qoIm4PNzkLoG.jpg,4.8859,3,female,,,Francis: Pray for Me; Nobody's Wife; Los muchachos de mi barrio,actor; drama; comedy,,,,,,,,,,,
Yvonne Strahovski,63312,https://image.tmdb.org/t/p/w500/2IQEjn5T8urx6ikXM87QGs5MrWg.jpg,5.0452,3,female,,,"The Tomorrow War; The Handmaid's Tale; I, Frankenstein",actor; action; sci-fi; adventure,,,,,,,,,,,
Mason Thames,2803710,https://image.tmdb.org/t/p/w500/kgEYHw8bblVtwRTkR9TLMOpx5WO.jpg,5.3069,3,male,,,The Black Phone; How to Train Your Dragon; Black Phone 2,actor; horror; thriller; fantasy,,,,,,,,,,,
Baek Se-ri,1333252,https://image.tmdb.org/t/p/w500/uAzUqGnwaVrKDtIPEIhZi6j4YoC.jpg,5.4241,3,female,,,The Day of Swapping; Two Mothers; I Want to Be Like the Main Character in a Novel,actor; romance; drama,,,,,,,,,,,
Cha Woo-min,3186373,https://image.tmdb.org/t/p/w500/tTpNGMkd0DJPe6fJD8qfs0fmyO5.jpg,4.4116,3,male,,,Love Untangled; Study Group; Weak Hero,actor; drama; comedy; romance,,,,,,,,,,,
Laura Dern,4784,https://image.tmdb.org/t/p/w500/gB9PnGEvxKg33OSlcqptQwTBwPE.jpg,4.8701,3,female,,,Jurassic Park; The Fault in Our Stars; Marriage Story,actor; drama; adventure; sci-fi,,,,,,,,,,,
Necar Zadegan,119834,https://image.tmdb.org/t/p/w500/tKmbHsYfFlxi69mADlQkXN9Kw2j.jpg,4.4842,3,female,,,Elena Undone; Mayor of Kingstown; NCIS: New Orleans,actor; drama; romance; crime,,,,,,,,,,,
Kiernan Shipka,934289,https://image.tmdb.org/t/p/w500/5r7JAew3ngO4KZj7PaD6rn4wa4p.jpg,5.1681,3,female,,,Chilling Adventures of Sabrina; Totally Killer; The Silence,actor; drama; horror; mystery,,,,,,,,,,,
Luke Perry,8395,https://image.tmdb.org/t/p/w500/78TAr0wLoRHyubnYxjyHNCt70V2.jpg,4.4135,3,male,,,The Fifth Element; Riverdale; Once Upon a Time... in Hollywood,actor; drama; sci-fi; action,,,,,,,,,,,
Loletta Lee Lai-Chun,1135177,https://image.tmdb.org/t/p/w500/82PzkOqvCzQ1QTknFnXmNdurel0.jpg,5.3577,3,female,,,Crazy Love; Sex and Zen II; Girls Unbutton,actor; comedy; romance; drama,,,,,,,,,,,
Amrish Puri,691,https://image.tmdb.org/t/p/w500/uhMGFS7tuG71LDv2wk9LfZZ4EG6.jpg,3.9052,3,male,,,Indiana Jones and the Temple of Doom; Dilwale Dulhania Le Jayenge; Gandhi,actor; drama; adventure; action,,,,,,,,,,,
Rekha,109621,https://image.tmdb.org/t/p/w500/fTXd5QlWck5CDxijM56YXx2Crob.jpg,4.5192,3,female,,,Krrish; Koi... Mil Gaya; Kama Sutra: A Tale of Love,actor; action; sci-fi; adventure,,,,,,,,,,,
Yami Gautam Dhar,1115720,https://image.tmdb.org/t/p/w500/wQwYuofypdW7JnglmyFbeWKu33j.jpg,5.5094,3,female,,,Uri: The Surgical Strike; Chor Nikal Ke Bhaga; Vicky Donor,actor; action; drama; war,,,,,,,,,,,
Sammo Hung Kam-Bo,62410,https://image.tmdb.org/t/p/w500/odHszmZ4uj2Hj4EE03js8IsswJb.jpg,5.1757,3,male,,,Ip Man 2; Project A; My Lucky Stars,actor; action; comedy; history,,,,,,,,,,,
Ahn So-hee,1708576,https://image.tmdb.org/t/p/w500/7OWRPTEPYi7dV5a97fhXLiiHpPM.jpg,5.0492,3,female,,,Adultery Alumni Association 2; Japanese Mom; Beauty Salon: Special Service,actor; romance; drama,,,,,,,,,,,
Sam Neill,4783,https://image.tmdb.org/t/p/w500/iIfuxalf37xUayuGyK0zG7z6WEZ.jpg,4.9967,3,male,,,Jurassic Park; Jurassic Park III; Peaky Blinders,actor; adventure; sci-fi; action,,,,,,,,,,,
Arthur Chen,2165598,https://image.tmdb.org/t/p/w500/rP046czFxScpvRiinBAwJtc3302.jpg,4.6759,3,male,,,Lighter and Princess; Ever Night; My Best Summer,actor; drama; romance,,,,,,,,,,,
Taraji P. Henson,40036,https://image.tmdb.org/t/p/w500/jUU2X9mDwJaAniEmJOfvImBS9qb.jpg,4.8994,3,female,,,Hidden Figures; The Curious Case of Benjamin Button; The Karate Kid,actor; drama; history; fantasy,,,,,,,,,,,
Deepika Padukone,53975,https://image.tmdb.org/t/p/w500/rzvvBQ0r6oiqDdzcsdTRB7jN4Rx.jpg,5.5176,3,female,,,xXx: Return of Xander Cage; Padmaavat; Piku,actor; drama; action; adventure,,,,,,,,,,,
Li Bingbing,109432,https://image.tmdb.org/t/p/w500/gBDRToPG0smAFSUpWT5pmJv2fJr.jpg,4.5388,3,female,,,The Meg; Transformers: Age of Extinction; Resident Evil: Retribution,actor; action; sci-fi; horror,,,,,,,,,,,
Marina Ruy Barbosa,1540112,https://image.tmdb.org/t/p/w500/uTo8wzJ89vi5OBhSW3pt6DayjcF.jpg,4.9124,3,female,,,Total Dreamer; All Love Songs; Express Kidnapping,actor; drama; comedy; romance,,,,,,,,,,,
Michelle Yeoh,1620,https://image.tmdb.org/t/p/w500/i6fHvGt7Rb8oVyjjdQVV6vEHB94.jpg,4.3645,3,female,,,"Everything Everywhere All at Once; Crouching Tiger, Hidden Dragon; Shang-Chi and the Legend of the Ten Rings",actor; action; adventure; sci-fi,,,,,,,,,,,
Stellan Skarsgård,1640,https://image.tmdb.org/t/p/w500/x78BtYHElirO7Iw8bL4m8CnzRDc.jpg,4.4584,3,male,,,Thor; Chernobyl; The Avengers,actor; adventure; action; fantasy,,,,,,,,,,,
Ajith Kumar,148360,https://image.tmdb.org/t/p/w500/bCS0pp7YNHoXJvHObBLoOJRUUYs.jpg,4.6374,3,male,,,Mankatha; Billa; Yennai Arindhaal,actor; action; thriller,,,,,,,,,,,
Cameron Diaz,6941,https://image.tmdb.org/t/p/w500/tTpQSKwdLrR6xBGHCqg8VcVQZzH.jpg,4.7071,3,female,,,Shrek; The Holiday; There's Something About Mary,actor; comedy; romance; animation,,,,,,,,,,,
Kang Eun-hye,1468490,https://image.tmdb.org/t/p/w500/39GYBqGd7yHliYO1zfsdwtkPWZI.jpg,5.1270,3,female,,,Nice Sister-In-Law; Challenge Game; P.S. Girls,actor; romance; thriller; drama,,,,,,,,,,,
Leighton Meester,85825,https://image.tmdb.org/t/p/w500/6P8sa2eR2wpNkA1n1NVHREaeXPV.jpg,6.4671,3,female,,,Gossip Girl; The Roommate; The Weekend Away,actor; drama; mystery; thriller,,,,,,,,,,,
Andrea Del Boca,99112,https://image.tmdb.org/t/p/w500/tCmR9F4ivohCzz7INEdoryCzWnL.jpg,5.2359,3,female,,,Apariencias; Cien veces no debo; A Good Day,actor; drama; comedy; romance,,,,,,,,,,,
Nina Dobrev,19961,https://image.tmdb.org/t/p/w500/dDRGIMt9qHgaaGoDuzwO0XDfOBS.jpg,5.6856,3,female,,,The Vampire Diaries; Love Hard; The Perks of Being a Wallflower,actor; drama; comedy; romance,,,,,,,,,,,
İbrahim Çelikkol,937348,https://image.tmdb.org/t/p/w500/8kvbL2u92TcEMUntyGNzJEXVN7u.jpg,4.5994,3,male,,,Price Of Passion; Conquest 1453; Only You,actor; drama; action; adventure,,,,,,,,,,,
Dana Delany,65002,https://image.tmdb.org/t/p/w500/sUzs7I87K4wSvLD7TjoYH6avRrL.jpg,4.3615,3,female,,,Batman: Mask of the Phantasm; Tombstone; Firebreather,actor; action; animation; crime,,,,,,,,,,,
Kevin Spacey,1979,https://image.tmdb.org/t/p/w500/nPrUZDEbGQe6jwpVbHKJCXsMd7r.jpg,4.2084,3,male,,,American Beauty; Baby Driver; L.A. Confidential,actor; drama; crime; action,,,,,,,,,,,
Leo Woodall,3477880,https://image.tmdb.org/t/p/w500/bGRskiP5N2OBP1wcJRVhiYX241.jpg,4.0233,3,male,,,Nuremberg; Bridget Jones: Mad About the Boy; One Day,actor; drama; history; romance,,,,,,,,,,,
Azucena Hernández,105210,https://image.tmdb.org/t/p/w500/grlDSkr8wX4nZGnFNZuZ2xanLHx.jpg,3.5192,3,female,,,Magical Witches; Sins of a Nympho; Night of the Werewolf,actor; comedy; drama; horror,,,,,,,,,,,
Sofia Carson,1331457,https://image.tmdb.org/t/p/w500/aQudxuIAd2UEGQD1YWsdrHH11Kc.jpg,4.9206,3,female,,,Purple Hearts; Feel the Beat; Carry-On,actor; drama; romance; comedy,,,,,,,,,,,
Nikolaj Coster-Waldau,12795,https://image.tmdb.org/t/p/w500/rpFOERbHkj7GWxkinUNiQ76sSGk.jpg,4.8136,3,male,,,Game of Thrones; Gods of Egypt; Oblivion,actor; action; adventure; drama,,,,,,,,,,,
Timothy Olyphant,18082,https://image.tmdb.org/t/p/w500/7pHmRHE2wBNC9cBgNIRCBqFLoyZ.jpg,4.3758,3,male,,,Hitman; Live Free or Die Hard; Once Upon a Time... in Hollywood,actor; thriller; action; drama,,,,,,,,,,,
Riz Ahmed,53240,https://image.tmdb.org/t/p/w500/1uP9RaX7BGVx7XGTEmwObBJJzsC.jpg,4.7077,3,male,,,Nightcrawler; Venom; Sound of Metal,actor; drama; crime; thriller,,,,,,,,,,,
Keke Palmer,74688,https://image.tmdb.org/t/p/w500/fXiKInUmPLs5F53yv2KZSuCXHJZ.jpg,4.8156,3,female,,,Nope; Lightyear; Ice Age: Continental Drift,actor; sci-fi; animation; family,,,,,,,,,,,
Gina Carano,78452,https://image.tmdb.org/t/p/w500/6K89PVbt3v2N7cqbPyZiO74yuOj.jpg,4.8446,3,female,,,Deadpool; Haywire; Fast & Furious 6,actor; action; thriller; adventure,,,,,,,,,,,
Travis Fimmel,77700,https://image.tmdb.org/t/p/w500/kuTSw3I2hqb5N1QqYrXPX8zd8EA.jpg,4.8432,3,male,,,Vikings; Warcraft; Kandahar,actor; action; drama; adventure,,,,,,,,,,,
Milo Manheim,1914958,https://image.tmdb.org/t/p/w500/yMs7mIQIyGSHXwFUJvbt3QmFF4.jpg,4.8426,3,male,,,Thanksgiving; Z-O-M-B-I-E-S; Z-O-M-B-I-E-S 2,actor; fantasy; romance; horror,,,,,,,,,,,
James Franco,17051,https://image.tmdb.org/t/p/w500/bjmAntHGiibLZixH8nTNVBzaFQn.jpg,4.8392,3,male,,,127 Hours; This Is the End; Oz the Great and Powerful,actor; adventure; drama; thriller,,,,,,,,,,,
Isabela Merced,1428070,https://image.tmdb.org/t/p/w500/7O5GWIH8IHwU4kGZIhC3JkGDiZr.jpg,4.8360,3,female,,,Dora and the Lost City of Gold; The Last of Us; Sicario: Day of the Soldado,actor; family; comedy; adventure,,,,,,,,,,,
Chase Infiniti,3914706,https://image.tmdb.org/t/p/w500/6tO5t5anIb7D1Nwr6TQjAXMog5N.jpg,4.8309,3,female,,,One Battle After Another; Presumed Innocent; The Tonight Show Starring Jimmy Fallon,actor; comedy; thriller; crime,,,,,,,,,,,
Jack Nicholson,514,https://image.tmdb.org/t/p/w500/hBHcQIEa6P48HQAlLZkh0eKSSkG.jpg,4.8269,3,male,,,The Shining; One Flew Over the Cuckoo's Nest; Mars Attacks!,actor; horror; thriller; drama,,,,,,,,,,,
Katrina Law,164930,https://image.tmdb.org/t/p/w500/y7LzCN8BaoPPSXDBo0UwPQ4UwSB.jpg,4.8225,3,female,,,NCIS; 12 Gifts of Christmas; Werewolves,actor; crime; drama; family,,,,,,,,,,,
Luísa Castel-Branco,3685795,https://image.tmdb.org/t/p/w500/o7knv9c4S3YlybfJPp12nELwb82.jpg,4.8218,3,female,,,Alta Definição; Conta-me; Doce Fugitiva,actor,,,,,,,,,,,
Jim Caviezel,8767,https://image.tmdb.org/t/p/w500/yGlRIu6aEbet2QnpKIESfD0zMGf.jpg,4.8205,3,male,,,The Passion of the Christ; The Thin Red Line; Sound of Freedom,actor; drama; history; war,,,,,,,,,,,
Yu Shuxin,2140103,https://image.tmdb.org/t/p/w500/xQ2Bur9AEy0IX3qHMvLbr7tmTyD.jpg,4.8187,3,female,,,Love Between Fairy and Devil; Love Game in Eastern Fantasy; Speed and Love,actor; drama,,,,,,,,,,,
Jeff Bridges,1229,https://image.tmdb.org/t/p/w500/6ItMc51AeORUz6iIQxGnX3HEZaB.jpg,4.8179,3,male,,,The Big Lebowski; Iron Man; True Grit,actor; adventure; comedy; crime,,,,,,,,,,,
Herbert Ballerina,1420169,https://image.tmdb.org/t/p/w500/zRo3J2gCTKYhUkYXwN65D8vk5xU.jpg,4.8154,3,male,,,Italiano medio; Omicidio all'italiana; Quel bravo ragazzo,actor; comedy,,,,,,,,,,,
Mauro Negrini,4306522,https://image.tmdb.org/t/p/w500/nEXMQRqRwO801ol4639a0OU5QUe.jpg,4.8140,3,,,,Ero in guerra ma non lo sapevo; The Ladies' Paradise; Monterossi - La serie,actor; drama; comedy; crime,,,,,,,,,,,
Luke Thompson,1127887,https://image.tmdb.org/t/p/w500/eKKcujLskhFUdJYlfojLPsbxpwe.jpg,4.8126,3,male,,,Dunkirk; Bridgerton; Misbehaviour,actor; drama; war; action,,,,,,,,,,,
Kit Harington,239019,https://image.tmdb.org/t/p/w500/iCFQAQqb0SgvxEdVYhJtZLhM9kp.jpg,4.8100,3,male,,,Game of Thrones; Pompeii; How to Train Your Dragon 2,actor; drama; action; adventure,,,,,,,,,,,
Rowan Atkinson,10730,https://image.tmdb.org/t/p/w500/gdiN2zLjC3Mnfrp7hM3TXVJjWJv.jpg,4.8085,3,male,,,Johnny English; Johnny English Reborn; Mr. Bean's Holiday,actor; comedy; action; adventure,,,,,,,,,,,
Neal McDonough,2203,https://image.tmdb.org/t/p/w500/3mI3i1CpjATSCta1Tb2qsyl1KCh.jpg,4.8085,3,male,,,Captain America: The First Avenger; Sonic the Hedgehog; Minority Report,actor; action; sci-fi; adventure,,,,,,,,,,,
Tyler Perry,80602,https://image.tmdb.org/t/p/w500/vhVAxD9TmhgLyoAUOtZJYhnCraQ.jpg,4.8072,3,male,,,Gone Girl; PAW Patrol: The Movie; Don't Look Up,actor; drama; comedy; mystery,,,,,,,,,,,
Heath Ledger,1810,https://image.tmdb.org/t/p/w500/AdWKVqyWpkYSfKE5Gb2qn8JzHni.jpg,4.8031,3,male,,,The Dark Knight; 10 Things I Hate About You; Brokeback Mountain,actor; romance; drama; action,,,,,,,,,,,
Kim Yoo-jung,140335,https://image.tmdb.org/t/p/w500/eFcMTDIgzSGLHZYXcsf1M42cvFt.jpg,4.8021,3,female,,,20th Century Girl; My Demon; The Chaser,actor; drama; romance; comedy,,,,,,,,,,,
Jeff Goldblum,4785,https://image.tmdb.org/t/p/w500/kcyEPgYtBP5Pm6LLeLGfXKjYovL.jpg,4.8003,3,male,,,The Lost World: Jurassic Park; Jurassic Park; The Fly,actor; sci-fi; adventure; action,,,,,,,,,,,
Joey Wong,68557,https://image.tmdb.org/t/p/w500/czi7jy9VnrEmrJTE9oVUJRgDsY.jpg,4.7942,3,female,,,City Hunter; A Chinese Ghost Story; A Chinese Ghost Story II,actor; action; comedy; fantasy,,,,,,,,,,,
Jennifer Carpenter,53828,https://image.tmdb.org/t/p/w500/sQeNgRFfCjt3EHMuaJBm8jRCLgw.jpg,4.7914,3,female,,,Dexter; Brawl in Cell Block 99; The Exorcism of Emily Rose,actor; crime; drama; thriller,,,,,,,,,,,
Sanjay Dutt,85881,https://image.tmdb.org/t/p/w500/oq4pnvWhl1HxKpp0KVlSfAr3Tiu.jpg,4.7855,3,male,,,Munna Bhai M.B.B.S.; Lage Raho Munna Bhai; PK,actor; comedy; drama; romance,,,,,,,,,,,
Holliday Grainger,302165,https://image.tmdb.org/t/p/w500/fHveeGXgEfTZ9slB5OvHDG4LAPw.jpg,4.7837,3,female,,,Cinderella; The Finest Hours; Mickey 17,actor; drama; romance; fantasy,,,,,,,,,,,
Marlon Wayans,9562,https://image.tmdb.org/t/p/w500/7LYnX3vluHFBs1WCRKUjSIEDEkn.jpg,4.7837,3,male,,,Requiem for a Dream; Scary Movie; White Chicks,actor; crime; comedy; drama,,,,,,,,,,,
Fang Jin,3541107,https://image.tmdb.org/t/p/w500/zyFWHwiQkUoxD4gwhsJqXUIdaP8.jpg,4.7834,3,female,,,Embrace in the Dark Night; Into Your Heart; Affinity,actor; drama; mystery,,,,,,,,,,,
Emraan Hashmi,85969,https://image.tmdb.org/t/p/w500/kflgvFCFZnpTRbKmJWn5T0G5EKI.jpg,4.7795,3,male,,,Murder 2; Awarapan; Once Upon a Time in Mumbaai,actor; crime; drama; action,,,,,,,,,,,
Germán Valdés,585981,https://image.tmdb.org/t/p/w500/hLMmUBuc4E5Y6eqzZcaYNB2Dcs7.jpg,4.7778,3,male,,,The King of the Neighborhood; The Sleeping Beauty; Kill Me Because I'm Dying!!!,actor; comedy; crime; fantasy,,,,,,,,,,,
Verónica Castro,975043,https://image.tmdb.org/t/p/w500/d8Ldx8BlaK8vCh1N4TifQUcH89q.jpg,4.7730,3,female,,,Cuando sea joven; The House of Flowers; Rosa Salvaje,actor; comedy; drama; fantasy,,,,,,,,,,,
Evan Adams,2974118,https://image.tmdb.org/t/p/w500/6Hlp6S7txpuiE0NnNyBqx9fnSwv.jpg,4.7693,3,male,,,Reed's Point; The Wrong Valentine; Kissing the Wrong Brother,actor; horror; thriller,,,,,,,,,,,
Ursula Andress,9871,https://image.tmdb.org/t/p/w500/mZSFE3vayIgXmfot4btC7K1rECZ.jpg,4.7674,3,female,,,Dr. No; Casino Royale; Clash of the Titans,actor; adventure; action; thriller,,,,,,,,,,,
Sam Vlahos,157567,https://image.tmdb.org/t/p/w500/z2jWXUZYUS15MiPVQlr0n4py4AH.jpg,4.7622,3,male,,,American History X; Lone Star; Christmas in the Clouds,actor; drama; romance; mystery,,,,,,,,,,,
Anjali,123068,https://image.tmdb.org/t/p/w500/aTLJCkl6mBXnb5ekKQytd7zTfne.jpg,4.7602,3,female,,,Engaeyum Eppothum; Peranbu; Angadi Theru,actor; drama; family; romance,,,,,,,,,,,
Ben Kingsley,2282,https://image.tmdb.org/t/p/w500/vQtBqpF2HDdzbfXHDzR4u37i1Ac.jpg,4.7598,3,male,,,Schindler's List; Shutter Island; Hugo,actor; drama; history; war,,,,,,,,,,,
Cobie Smulders,71189,https://image.tmdb.org/t/p/w500/1b0mYokcGsfFRge4bjXlS5ihtek.jpg,4.7595,3,female,,,The Avengers; Captain America: The Winter Soldier; Jack Reacher: Never Go Back,actor; action; sci-fi; adventure,,,,,,,,,,,
Melissa O'Neil,1234713,https://image.tmdb.org/t/p/w500/9KqgbNttW79hAP9xQ5Ffd2fjGk.jpg,4.7514,3,female,,,The Rookie; Dark Matter; A Simple Favor,actor; drama; comedy; crime,,,,,,,,,,,
Daniella Wang,1320544,https://image.tmdb.org/t/p/w500/4szco4IY2lUc6Ne1aDVx1j2Nb8I.jpg,4.7505,3,female,,,Due West: Our Sex Journey; Midnight Hair; Crazy Tsunami,actor; drama; horror; comedy,,,,,,,,,,,
Gillian Anderson,12214,https://image.tmdb.org/t/p/w500/3Ny8ZYahb33vpqNEPNCE2IOXPew.jpg,4.7500,3,female,,,Sex Education; Johnny English Reborn; The X-Files,actor; comedy; crime; drama,,,,,,,,,,,
Milly Alcock,2046128,https://image.tmdb.org/t/p/w500/deSE6C5LlgBCYcIoMDcfBoubEx3.jpg,5.3445,3,female,,,Sirens; Superman; Upright,actor; drama; comedy; sci-fi,,,,,,,,,,,
Zhou Ye,2440951,https://image.tmdb.org/t/p/w500/alqSqe6RmhIkZ6eUcjDXS6QTJhS.jpg,4.3513,3,female,,,Better Days; Legend of the Female General; No More Bets,actor; drama; crime; romance,,,,,,,,,,,
Mia Goth,1137824,https://image.tmdb.org/t/p/w500/rwko7XVaKFcJH1dtAIIsrgLMzHb.jpg,4.7319,3,female,,,X; Pearl; MaXXXine,actor; horror; thriller,,,,,,,,,,,
Alice Eve,59860,https://image.tmdb.org/t/p/w500/tJUSx0Cw7pCnRsCWbGTX2POiTKM.jpg,4.7345,3,female,,,She's Out of My League; Men in Black 3; Star Trek Into Darkness,actor; comedy; action; sci-fi,,,,,,,,,,,
Juliette Lewis,3196,https://image.tmdb.org/t/p/w500/sSGCW01aUsYlVQhuk3XSY7cl6Ww.jpg,4.5977,3,female,,,Natural Born Killers; From Dusk Till Dawn; What's Eating Gilbert Grape,actor; crime; thriller; drama,,,,,,,,,,,
Mikey Madison,1640439,https://image.tmdb.org/t/p/w500/nsWQNYBTBYE2TCzGpyXTpA0TTEz.jpg,4.2133,3,female,,,Anora; Once Upon a Time... in Hollywood; Scream,actor; drama; comedy; romance,,,,,,,,,,,
Jonathan Rhys Meyers,1244,https://image.tmdb.org/t/p/w500/RsrGA98aMmyjTTxTLhAaOqnfLz.jpg,4.2616,3,male,,,Match Point; Mission: Impossible III; From Paris with Love,actor; thriller; action; drama,,,,,,,,,,,
Billy Bob Thornton,879,https://image.tmdb.org/t/p/w500/mLYyf6xqQk5U2zTvZkFuT99uUah.jpg,4.9509,3,male,,,Armageddon; Fargo; Bad Santa,actor; crime; drama; action,,,,,,,,,,,
Ginnifer Goodwin,417,https://image.tmdb.org/t/p/w500/n8XOnjgyfYvqRUDcnkAckRqSaNN.jpg,7.2789,3,female,,,Zootopia; He's Just Not That Into You; Zootopia 2,actor; comedy; animation; adventure,,,,,,,,,,,
Hakan Çelebi,4505026,,5.0213,3,male,,,Private Lesson; Wild Heart; The Hood,actor; drama; comedy; romance,,,,,,,,,,,
Tiffani-Amber Thiessen,19187,https://image.tmdb.org/t/p/w500/2L2lENLehoG1OPgxtugS9gG1bdy.jpg,4.3285,3,female,,,Shriek If You Know What I Did Last Friday the Thirteenth; White Collar; Saved by the Bell,actor; comedy; crime; drama,,,,,,,,,,,
Andy Lau,25246,https://image.tmdb.org/t/p/w500/z9R2yerjfgxwDWIH8sjiS0hhcre.jpg,4.2266,3,male,,,Infernal Affairs; The Great Wall; House of Flying Daggers,actor; action; drama; adventure,,,,,,,,,,,
Kristin Kreuk,55751,https://image.tmdb.org/t/p/w500/jQVGylAfotE7osIGwGivh6LpCdl.jpg,4.6369,3,female,,,Smallville; Street Fighter: The Legend of Chun-Li; EuroTrip,actor; drama; action; adventure,,,,,,,,,,,
F. Murray Abraham,1164,https://image.tmdb.org/t/p/w500/p2RYVGdrcP0m70BkkiKcwyrDeim.jpg,4.3300,3,male,,,The Grand Budapest Hotel; Amadeus; How to Train Your Dragon: The Hidden World,actor; drama; comedy; history,,,,,,,,,,,
Naomi Watts,3489,https://image.tmdb.org/t/p/w500/5s6UE6VjYx5TBDvyFk4vfOdS9GR.jpg,4.4693,3,female,,,King Kong; Mulholland Drive; The Impossible,actor; drama; thriller; adventure,,,,,,,,,,,
Kim Hee-jeong,2484644,https://image.tmdb.org/t/p/w500/3GxSLhLzUa26ZffrJPOjsIBU7WW.jpg,4.4552,3,female,,,Adultery Alumni Association; Delicious Room Salon Service; An Affair: My Wife's Friend,actor; romance; drama,,,,,,,,,,,
Danny Trejo,11160,https://image.tmdb.org/t/p/w500/7JrUkRGBscZ1Hy5JinaaXjjzSCF.jpg,4.4415,3,male,,,Machete; Machete Kills; From Dusk Till Dawn,actor; action; thriller; crime,,,,,,,,,,,
Lee Byung-hun,25002,https://image.tmdb.org/t/p/w500/j7SUd9Qi8iOxgrQGb3nQyEYcXur.jpg,4.4282,3,male,,,I Saw the Devil; Squid Game; G.I. Joe: The Rise of Cobra,actor; thriller; horror; mystery,,,,,,,,,,,
Selena Gomez,77948,https://image.tmdb.org/t/p/w500/o6YXy5km1R41hRu7xzWB7fl8h8I.jpg,4.4384,3,female,,,Hotel Transylvania; Monte Carlo; Another Cinderella Story,actor; comedy; family; romance,,,,,,,,,,,
Yoo Yeon-seok,587675,https://image.tmdb.org/t/p/w500/cB95no6uPnMu5FdlVWK3cO9k5xR.jpg,4.3893,3,male,,,Oldboy; When the Phone Rings; A Werewolf Boy,actor; drama; mystery; thriller,,,,,,,,,,,
Helena Bonham Carter,1283,https://image.tmdb.org/t/p/w500/hJMbNSPJ2PCahsP3rNEU39C8GWU.jpg,4.3331,3,female,,,Fight Club; Corpse Bride; Harry Potter and the Order of the Phoenix,actor; fantasy; drama; thriller,,,,,,,,,,,
Elaine Ng Yee-Lei,1401915,https://image.tmdb.org/t/p/w500/vpzJf3PA6eADQvK8WLls53XQJHs.jpg,4.6342,3,female,,,"The Mad Phoenix; Old Time Buddy - To Catch a Thief; Talk to Me, Dicky",actor; comedy; drama,,,,,,,,,,,
Ron Perlman,2372,https://image.tmdb.org/t/p/w500/pOgMRdJhbBsvwGLRFXPRASTfcay.jpg,4.3449,3,male,,,Hellboy; Hellboy II: The Golden Army; Tangled,actor; fantasy; action; animation,,,,,,,,,,,
Anna Kazyuchits,1608154,https://image.tmdb.org/t/p/w500/wu8Lg0EI0OOVOhv4nMi0uZobRdn.jpg,5.1383,3,female,,,Yulenka; In August of 1944; For Those Who Begin to Love,actor; drama; thriller; horror,,,,,,,,,,,
Clara Galle,3247402,https://image.tmdb.org/t/p/w500/ipZQNX8KECqeCHoD4dmbb883lzP.jpg,4.5388,3,female,,,Through My Window; Through My Window: Across the Sea; Through My Window 3: Looking at You,actor; romance; drama; comedy,,,,,,,,,,,
Genesis Rodriguez,589162,https://image.tmdb.org/t/p/w500/gUI9KADVjfHiI8nMc87hkeaWEF3.jpg,4.0778,3,female,,,Big Hero 6; Doña Bárbara; The Umbrella Academy,actor; comedy; drama; adventure,,,,,,,,,,,
Vanessa Hudgens,67599,https://image.tmdb.org/t/p/w500/8S8Nn5m5qkiIrEJ3dzPRjltzrkx.jpg,5.2248,3,female,,,Bad Boys for Life; High School Musical; The Princess Switch,actor; comedy; romance; thriller,,,,,,,,,,,
Steve Zahn,18324,https://image.tmdb.org/t/p/w500/rwrPdKGwXnByxUVMxMf8Y7oswi3.jpg,4.5074,3,male,,,War for the Planet of the Apes; Dallas Buyers Club; The Good Dinosaur,actor; drama; sci-fi; war,,,,,,,,,,,
Regé-Jean Page,1628687,https://image.tmdb.org/t/p/w500/rR5gFJ5kggfYrpFMxybwLtGPcOw.jpg,4.3929,3,male,,,Dungeons & Dragons: Honor Among Thieves; Bridgerton; The Gray Man,actor; adventure; fantasy; comedy,,,,,,,,,,,
Terry Crews,53256,https://image.tmdb.org/t/p/w500/pxTY4SglLo5hFcMH00MxPeC5u55.jpg,4.7021,3,male,,,Brooklyn Nine-Nine; White Chicks; Deadpool 2,actor; comedy; crime; action,,,,,,,,,,,
Tim Matheson,21561,https://image.tmdb.org/t/p/w500/6oexiiYLJYXU6NjIhzlpA3mqYGF.jpg,4.3823,3,male,,,National Lampoon's Van Wilder; Jumanji: Welcome to the Jungle; Child's Play,actor; comedy; romance; adventure,,,,,,,,,,,
Mary Elizabeth Winstead,17628,https://image.tmdb.org/t/p/w500/lgLSrB5MAhnJeS7qfc18YxzTNnJ.jpg,3.9299,3,female,,,Final Destination 3; 10 Cloverfield Lane; Scott Pilgrim vs. the World,actor; horror; mystery; thriller,,,,,,,,,,,
Vanessa Daroch,3144144,https://image.tmdb.org/t/p/w500/8OfChDEWYLiqvU3DHpJrEZyFZGH.jpg,4.6146,3,female,,,Podemos hablar; Mentiras verdaderas; Pero con respeto,actor,,,,,,,,,,,
Adèle Exarchopoulos,586757,https://image.tmdb.org/t/p/w500/5I98lvcCH7T6KlTp9pqupMXa4Pi.jpg,4.1952,3,female,,,Blue Is the Warmest Color; Beating Hearts; Inside Out 2,actor; romance; drama; crime,,,,,,,,,,,
Andrea Riseborough,127558,https://image.tmdb.org/t/p/w500/dQzAXj6R8cTRqTwGzxUgegXbV13.jpg,4.1328,3,female,,,Oblivion; Birdman or (The Unexpected Virtue of Ignorance); The Grudge,actor; mystery; action; sci-fi,,,,,,,,,,,
Charlotte Riley,115679,https://image.tmdb.org/t/p/w500/cTZ8RhEk67OtOa4yosJLA4l5v5r.jpg,5.0798,3,female,,,Edge of Tomorrow; London Has Fallen; In the Heart of the Sea,actor; action; thriller; sci-fi,,,,,,,,,,,
William Shatner,1748,https://image.tmdb.org/t/p/w500/puzpe91Lh0CzdRKg9iYilQsjoYk.jpg,5.4260,3,male,,,Star Trek II: The Wrath of Khan; Star Trek: The Motion Picture; Star Trek IV: The Voyage Home,actor; adventure; sci-fi; action,,,,,,,,,,,
Emily VanCamp,84247,https://image.tmdb.org/t/p/w500/zTl2KVglr7D7jnBLjbqe1BbbJiV.jpg,5.4739,3,female,,,Captain America: Civil War; Captain America: The Winter Soldier; The Falcon and the Winter Soldier,actor; adventure; action; sci-fi,,,,,,,,,,,
Tony Leung Ka-fai,56861,https://image.tmdb.org/t/p/w500/il4L0QSp5STfZCB1wsvb6rSCDar.jpg,5.6777,3,male,,,The Lover; The Shadow's Edge; Election,actor; drama; crime; thriller,,,,,,,,,,,
Jaime Pressly,56824,https://image.tmdb.org/t/p/w500/cPS3VVmV0syoWn14W3AY7ALgtFV.jpg,5.1019,3,female,,,A Haunted House 2; Not Another Teen Movie; DOA: Dead or Alive,actor; comedy; horror; adventure,,,,,,,,,,,
Haley Lu Richardson,1286328,https://image.tmdb.org/t/p/w500/iTNWzU5FlKT8s0CBZQyMIvebBPh.jpg,4.0616,3,female,,,Split; Five Feet Apart; The Edge of Seventeen,actor; drama; horror; thriller,,,,,,,,,,,
Sohvi Rodriguez,3415092,https://image.tmdb.org/t/p/w500/s9SsHshsIeze3JJomXsdaaIxslQ.jpg,4.3683,3,female,,,Animal Kingdom; Last Night on Earth; Crazy Bitches,actor; drama; crime; sci-fi,,,,,,,,,,,
Ashley French,67600,https://image.tmdb.org/t/p/w500/ot6ib67jxvKVG1JCBl0ROPGtdeP.jpg,4.1339,3,female,,,Scary Movie 5; High School Musical; High School Musical 2,actor; comedy; drama; family,,,,,,,,,,,
Eric Dane,58115,https://image.tmdb.org/t/p/w500/4PsLKBKN4e0zRT2oS4BjE8Xu1un.jpg,3.8933,3,male,,,Marley & Me; Euphoria; The Last Ship,actor; drama; comedy; family,,,,,,,,,,,
Kareena Kapoor Khan,37233,https://image.tmdb.org/t/p/w500/pJZJJ93NwJq3kb3RWtaZBYVga1x.jpg,3.9524,3,female,,,3 Idiots; Jab We Met; Bajrangi Bhaijaan,actor; drama; comedy; romance,,,,,,,,,,,
Jackson Yee,2223265,https://image.tmdb.org/t/p/w500/2aTKxf2HZqI91Obu0ocfwoE2Pb5.jpg,3.9573,3,male,,,Better Days; Full River Red; The Battle at Lake Changjin,actor; drama; crime; romance,,,,,,,,,,,
Kajol,55061,https://image.tmdb.org/t/p/w500/h4m0TkDuEMCUNaPrQxMRyFb2AQ7.jpg,4.3700,3,female,,,Dilwale Dulhania Le Jayenge; My Name Is Khan; Kuch Kuch Hota Hai,actor; drama; romance; comedy,,,,,,,,,,,
Jenny McCarthy,35597,https://image.tmdb.org/t/p/w500/6D27Xx43SocxLPh3PrYu2M8BcLa.jpg,4.1636,3,female,,,Scream 3; Scary Movie 3; John Tucker Must Die,actor; comedy; horror; mystery,,,,,,,,,,,
David Koechner,28638,https://image.tmdb.org/t/p/w500/4zp1LzIOK2ls1cIo1coZYK02YpG.jpg,4.7378,3,male,,,Anchorman: The Legend of Ron Burgundy; Krampus; Anchorman 2: The Legend Continues,actor; comedy; horror; fantasy,,,,,,,,,,,
Matt LeBlanc,14407,https://image.tmdb.org/t/p/w500/4oGrLuAVBHPqRbbaQH6p85bEDwu.jpg,4.1743,3,male,,,Friends; Lost in Space; Charlie's Angels,actor; comedy; adventure; sci-fi,,,,,,,,,,,
Kathryn Newton,221192,https://image.tmdb.org/t/p/w500/exZuDe36AV1FSfEWxLISHXRPwJy.jpg,4.9950,3,female,,,Pokémon Detective Pikachu; Paranormal Activity 4; Ant-Man and the Wasp: Quantumania,actor; action; adventure; fantasy,,,,,,,,,,,
Jiang Peiyao,1897341,https://image.tmdb.org/t/p/w500/dPXXxRNpU8r1V0vpFpEmdIspkPU.jpg,4.6131,3,female,,,You Are My Hero; Go Go Squid!; Line Walker 2: Invisible Spy,actor; drama; action; crime,,,,,,,,,,,
Sabrina Salerno,100439,https://image.tmdb.org/t/p/w500/4Q2V95vSVqe8BKpaQ44u1yfyOEc.jpg,4.7163,3,female,,,Fratelli d'Italia; Stars 80; Delirium: Photo of Gioia,actor; comedy; horror; mystery,,,,,,,,,,,
Jennifer Runyon,101652,https://image.tmdb.org/t/p/w500/1j0Vt7pUROiNvI4ga0KfsNQnlWc.jpg,3.6158,3,female,,,Ghostbusters; To All a Goodnight; Carnosaur,actor; horror; comedy; fantasy,,,,,,,,,,,
Lindsay Lohan,49265,https://image.tmdb.org/t/p/w500/9orbe4F0T16K8P0hWqn6vd6czMj.jpg,4.2410,3,female,,,Mean Girls; The Parent Trap; Freaky Friday,actor; comedy; family; romance,,,,,,,,,,,
John Lithgow,12074,https://image.tmdb.org/t/p/w500/8Y1sjBdnVR483S8PrnAQzlESwhx.jpg,4.6518,3,male,,,Shrek; Interstellar; Rise of the Planet of the Apes,actor; adventure; drama; sci-fi,,,,,,,,,,,
Famke Janssen,10696,https://image.tmdb.org/t/p/w500/uvZGwNsLqe9NyA57Qlt46IkO8Bd.jpg,4.3578,3,female,,,Taken; X-Men; X-Men: The Last Stand,actor; action; thriller; adventure,,,,,,,,,,,
Bao Bei'er,1303558,https://image.tmdb.org/t/p/w500/2wlt5nOKPT7W00NYioLCbjMzzUK.jpg,4.1727,3,male,,,So Young; Lost in Hong Kong; The Big Shot,actor; romance; action; crime,,,,,,,,,,,
Elisabeth Moss,32798,https://image.tmdb.org/t/p/w500/vZDe22EtLtcHvPr28l4ZM0b7qjG.jpg,4.3011,3,female,,,The Invisible Man; The Handmaid's Tale; Us,actor; horror; thriller; sci-fi,,,,,,,,,,,
Caleb McLaughlin,1474123,https://image.tmdb.org/t/p/w500/4jVS3EziBn7bf97ErxkW7jsdiLM.jpg,4.5241,3,male,,,Stranger Things; Concrete Cowboy; The Deliverance,actor; mystery; drama; western,,,,,,,,,,,
Yuki Kaji,149894,https://image.tmdb.org/t/p/w500/8wKdPV11IwowfwoqGqMMNt9hmp6.jpg,4.4731,3,male,,,Attack on Titan; The Seven Deadly Sins; High School DxD,actor; animation; comedy,,,,,,,,,,,
Jonathan Bailey,80860,https://image.tmdb.org/t/p/w500/i9m6JsYKQot3kbMMFsvbEuFarvq.jpg,4.4709,3,male,,,Bridgerton; Jurassic World Rebirth; Wicked,actor; drama; sci-fi; adventure,,,,,,,,,,,
Alicia Silverstone,5588,https://image.tmdb.org/t/p/w500/pyxqkP4i0ubVdoRe5hoiiiwkHkb.jpg,4.3717,3,female,,,Clueless; Batman & Robin; The Killing of a Sacred Deer,actor; comedy; romance; action,,,,,,,,,,,
Stephen Chow,57607,https://image.tmdb.org/t/p/w500/j5DWs54BGZfp92G43c9OyHPvkNG.jpg,4.3692,3,male,,,Kung Fu Hustle; Shaolin Soccer; CJ7,actor; comedy; action; fantasy,,,,,,,,,,,
Lauren German,37014,https://image.tmdb.org/t/p/w500/if1TbO8dSfPiDCMfy52nH7A2D7.jpg,4.6857,3,female,,,Lucifer; Hostel: Part II; A Walk to Remember,actor; crime; horror; drama,,,,,,,,,,,
Hannah Waddingham,1278487,https://image.tmdb.org/t/p/w500/eHAICyhvjiRZCgzKyJCk9hWnnjr.jpg,4.8817,3,female,,,Ted Lasso; The Fall Guy; Game of Thrones,actor; drama; comedy; action,,,,,,,,,,,
Rowoon,1613836,https://image.tmdb.org/t/p/w500/sWf7wAG4upRgIkWuDfNvUog1UHc.jpg,4.3329,3,male,,,Destined with You; The King's Affection; Tomorrow,actor; drama; comedy,,,,,,,,,,,
Lily Collins,112561,https://image.tmdb.org/t/p/w500/zhJISAc4qi7xiHMzHMzUTgZSIRH.jpg,4.4675,3,female,,,"Love, Rosie; The Mortal Instruments: City of Bones; To the Bone",actor; drama; romance; comedy,,,,,,,,,,,
Holly Hunter,18686,https://image.tmdb.org/t/p/w500/kC7KX03VAWvogOCuwKbMo4V6TuU.jpg,4.3271,3,female,,,The Incredibles; Incredibles 2; Batman v Superman: Dawn of Justice,actor; action; adventure; animation,,,,,,,,,,,
Aidan Scott,2414242,https://image.tmdb.org/t/p/w500/4qjtMLDKSjQP9LzaFugvyRCrwuS.jpg,4.2961,3,male,,,The Kissing Booth 2; Action Point; The Fix,actor; comedy; romance; sci-fi,,,,,,,,,,,
Christoph Waltz,27319,https://image.tmdb.org/t/p/w500/jMvLGCVXLaBqjRLf5olyvEucZob.jpg,4.4701,3,male,,,Django Unchained; Inglourious Basterds; Spectre,actor; drama; thriller; western,,,,,,,,,,,
Colin Firth,5472,https://image.tmdb.org/t/p/w500/4VBeYEUQbfhnivdkqInM36u5fda.jpg,4.6430,3,male,,,The King's Speech; Kingsman: The Secret Service; Kingsman: The Golden Circle,actor; crime; comedy; action,,,,,,,,,,,
Michael Peña,454,https://image.tmdb.org/t/p/w500/afs4PCiwn8LR93a10drULLVeVLo.jpg,4.3106,3,male,,,The Martian; Fury; Shooter,actor; drama; action; sci-fi,,,,,,,,,,,
Brittany Murphy,328,https://image.tmdb.org/t/p/w500/uLOrqcSk2h5o3ekNfcuGFDzN13W.jpg,4.4711,3,female,,,8 Mile; Happy Feet; Clueless,actor; comedy; drama; music,,,,,,,,,,,
Seth Green,13922,https://image.tmdb.org/t/p/w500/l4No5Eu6j0U80hCIkaSn17AOWrj.jpg,3.9111,3,male,,,The Italian Job; Family Guy; Austin Powers in Goldmember,actor; crime; comedy; action,,,,,,,,,,,
Goldie Hawn,18892,https://image.tmdb.org/t/p/w500/fz4VjpUJO5i0BHhEgLs9HAUD2fJ.jpg,3.9338,3,female,,,Death Becomes Her; Overboard; The First Wives Club,actor; comedy; fantasy; horror,,,,,,,,,,,
Tessa Thompson,62561,https://image.tmdb.org/t/p/w500/19ze60jXlb2j7dXc2UpA3MujXA8.jpg,4.6252,3,female,,,Thor: Ragnarok; Men in Black: International; Creed,actor; action; adventure; sci-fi,,,,,,,,,,,
Eric Winter,74409,https://image.tmdb.org/t/p/w500/tDQSZv5rHm4s2hwwVWpp5EMQ0w9.jpg,4.5573,3,male,,,The Ugly Truth; The Rookie; Harold & Kumar Escape from Guantanamo Bay,actor; comedy; romance; crime,,,,,,,,,,,
Seth MacFarlane,52139,https://image.tmdb.org/t/p/w500/8oQJqM51Z0Qtdb7sE6ZfX1peNCB.jpg,4.5544,3,male,,,Family Guy; A Million Ways to Die in the West; Ted,actor; comedy; animation; western,,,,,,,,,,,
Lydia Fox,208526,https://image.tmdb.org/t/p/w500/flj0p8tDuB1SZN0GOzHV3FcGJQe.jpg,4.5525,3,female,,,Submarine; The Double; The Souvenir,actor; drama; romance; comedy,,,,,,,,,,,
Hugh Jackman,6968,https://image.tmdb.org/t/p/w500/oX6CpXmnXCHLyqsa4NEed1DZAKx.jpg,4.5524,3,male,,,Logan; The Prestige; X-Men: Days of Future Past,actor; sci-fi; action; drama,,,,,,,,,,,
Golshifteh Farahani,229932,https://image.tmdb.org/t/p/w500/s5NCZZ6RXwcln6seJsEsiQRlcTf.jpg,4.5522,3,female,,,Pirates of the Caribbean: Dead Men Tell No Tales; Extraction; Extraction 2,actor; action; thriller; adventure,,,,,,,,,,,
Shin Hye-sun,1523579,https://image.tmdb.org/t/p/w500/cuCFjBn3SpWyhIfBy9TupzvTrmp.jpg,4.5479,3,female,,,Mr. Queen; Angel's Last Mission: Love; See You in My 19th Life,actor; drama; comedy,,,,,,,,,,,
Claudia Jessie,1439488,https://image.tmdb.org/t/p/w500/urv0p4Mi81m1jZO8YWF1i9NpLL7.jpg,4.5468,3,female,,,Bridgerton; Line of Duty; Toxic Town,actor; drama; crime; mystery,,,,,,,,,,,
Lee Chae-dam,1622390,https://image.tmdb.org/t/p/w500/27qVJm4vpUKBXC9zyW2CbEiyfgG.jpg,4.5450,3,female,,,Sweet Sex; Adultery Alumni Association 2; My Wife's Sister,actor; romance; drama; family,,,,,,,,,,,
Coco Martin,56256,https://image.tmdb.org/t/p/w500/okml9AWDQQwpFonPh8kG33S7THy.jpg,4.5436,3,male,,,Batang Quiapo; The Execution of P; Brothers,actor; drama; comedy; crime,,,,,,,,,,,
Aishwarya Lekshmi,1861484,https://image.tmdb.org/t/p/w500/b3yxjhc62X0JZghaRTYNMVrI78a.jpg,4.5413,3,female,,,Gatta Kusthi; Mayaanadhi; Varathan,actor; drama; comedy; family,,,,,,,,,,,
Hitoe Ootake,1487683,https://image.tmdb.org/t/p/w500/44pPj6GmPInI9q6BAKMIygp9yN6.jpg,4.5348,3,female,,,Female Teacher Diary: Forbidden Sex; Female Teacher Diary 3: Hidden Sex; Molester Diary: A Man Who Kept Stroking Ass 3,actor; romance; drama,,,,,,,,,,,
Jacob Gibson,2355316,https://image.tmdb.org/t/p/w500/c6uP24uFslQ3hnEgqPkojAbYuZn.jpg,4.5342,3,male,,,ONE PIECE; Grey's Anatomy; Snake Eyes: An ASMR Nightmare Experience,actor; drama; horror,,,,,,,,,,,
Carole Bouquet,10500,https://image.tmdb.org/t/p/w500/nCyI95wVvhXFH1GiornFHsL9YOx.jpg,4.5338,3,female,,,For Your Eyes Only; Wasabi; That Obscure Object of Desire,actor; action; drama; comedy,,,,,,,,,,,
Angeline Aril,4582206,https://image.tmdb.org/t/p/w500/o4MCnB8mdXXTYn6AWPKsik29lxs.jpg,4.5319,3,female,,,Girl Bond; The Illusioned Ones; Hot Night,actor; drama,,,,,,,,,,,
Sophia Lillis,1481238,https://image.tmdb.org/t/p/w500/5aAw3KFixZSsMfo0BWrxtBLVsXN.jpg,4.5249,3,female,,,It; I Am Not Okay with This; Gretel & Hansel,actor; horror; drama; thriller,,,,,,,,,,,
Jun Ji-hyun,63436,https://image.tmdb.org/t/p/w500/pM5U2KH8RmuV1F7RsoE7Pn6AyhP.jpg,4.5233,3,female,,,My Love from the Star; My Sassy Girl; Kingdom: Ashin of the North,actor; drama; comedy; romance,,,,,,,,,,,
Damián Alcázar,7370,https://image.tmdb.org/t/p/w500/6IAlrZ2yXubmmVaRsF7fdaP3N7C.jpg,4.5233,3,male,,,El Infierno; Narcos; Blue Beetle,actor; action; crime; drama,,,,,,,,,,,
Nicola Coughlan,1267240,https://image.tmdb.org/t/p/w500/shSN86O3qckxcO7YXVtaNy9ksSU.jpg,4.5114,3,female,,,Barbie; Bridgerton; Derry Girls,actor; comedy; drama; adventure,,,,,,,,,,,
Denise Filiatrault,543211,https://image.tmdb.org/t/p/w500/vLfskr7UtufrVM2fNrxz4LjsTp0.jpg,4.5111,3,female,,,Laurence Anyways; Once Upon a Time in the East; It's the Heart That Dies Last,actor; drama; romance; comedy,,,,,,,,,,,
Gene Hackman,193,https://image.tmdb.org/t/p/w500/wN8brfOI8AjngGchkQtFqfEPam5.jpg,4.5085,3,male,,,The Royal Tenenbaums; Unforgiven; The French Connection,actor; comedy; drama; western,,,,,,,,,,,
Moemi Katayama,1831272,https://image.tmdb.org/t/p/w500/syqW0ezfH4mGs0fdp8ynKYccb3a.jpg,4.5056,3,female,,,Shoplifters; Corpse Prison: Part 2; City Hunter,actor; thriller; drama; crime,,,,,,,,,,,
Elvis Tsui Kam-Kong,83631,https://image.tmdb.org/t/p/w500/x110WbXYXMQjVNoPjEMoPo7qEKi.jpg,4.3189,3,male,,,The Grandmaster; The Boxer's Omen; Hail the Judge,actor; action; drama; history,,,,,,,,,,,
Jennifer Love Hewitt,33259,https://image.tmdb.org/t/p/w500/gEDepjLEFGokSaexd1FzmtH1hlq.jpg,4.4547,3,female,,,I Know What You Did Last Summer; Ghost Whisperer; Garfield,actor; mystery; horror; thriller,,,,,,,,,,,
Emmy Rossum,4730,https://image.tmdb.org/t/p/w500/rkvOaAeF807wta6zL1qCSqBgP0U.jpg,4.6445,3,female,,,Shameless; The Day After Tomorrow; The Phantom of the Opera,actor; drama; thriller; comedy,,,,,,,,,,,
Rufus Sewell,17328,https://image.tmdb.org/t/p/w500/yc2EWyg45GO03YqDttaEhjvegiE.jpg,4.6245,3,male,,,Dark City; A Knight's Tale; Old,actor; mystery; sci-fi; adventure,,,,,,,,,,,
Anushka Shetty,88167,https://image.tmdb.org/t/p/w500/zpe6Es8kdNOXuPdXiJvqxzsmN6z.jpg,4.3251,3,female,,,Bāhubali 2: The Conclusion; Bāhubali: The Beginning; Bhaagamathie,actor; action; adventure; fantasy,,,,,,,,,,,
Shawn Ashmore,11023,https://image.tmdb.org/t/p/w500/tXA1gFtsp9HWnzlQsaZSoZC8L4r.jpg,4.4843,3,male,,,X-Men: The Last Stand; X-Men: Days of Future Past; Frozen,actor; adventure; action; sci-fi,,,,,,,,,,,
Brittany Snow,29221,https://image.tmdb.org/t/p/w500/uSQW2E7caOaXHBbvL2jdzGbwDwH.jpg,4.3521,3,female,,,Pitch Perfect 2; Pitch Perfect; X,actor; comedy; music; romance,,,,,,,,,,,
Giancarlo Esposito,4808,https://image.tmdb.org/t/p/w500/rcXnr82TwDzU4ZGdBeNXfG0ZQnZ.jpg,4.4900,3,male,,,Maze Runner: The Scorch Trials; Breaking Bad; The Usual Suspects,actor; thriller; drama; crime,,,,,,,,,,,
Paul Walker,8167,https://image.tmdb.org/t/p/w500/q2PLqKHYCs35HR7QybaNPH3JT96.jpg,4.5228,3,male,,,The Fast and the Furious; 2 Fast 2 Furious; Furious 7,actor; action; crime; thriller,,,,,,,,,,,
Takahiro Sakurai,9705,https://image.tmdb.org/t/p/w500/8s8owcKmpRAuhzEGjSdRpztthUg.jpg,4.0380,3,male,,,Final Fantasy VII: Advent Children; Demon Slayer: Kimetsu no Yaiba; Demon Slayer -Kimetsu no Yaiba- The Movie: Mugen Train,actor; animation; action; fantasy,,,,,,,,,,,
Vera Farmiga,21657,https://image.tmdb.org/t/p/w500/5Vs7huBmTKftwlsc2BPAntyaQYj.jpg,4.1061,3,female,,,The Conjuring; The Conjuring 2; The Conjuring: The Devil Made Me Do It,actor; horror; thriller; mystery,,,,,,,,,,,
Sebastian Stan,60898,https://image.tmdb.org/t/p/w500/v20RLWst39klatsqUgSrwHxhwee.jpg,4.2034,3,male,,,Captain America: The First Avenger; Captain America: Civil War; The Falcon and the Winter Soldier,actor; action; adventure; sci-fi,,,,,,,,,,,
JISOO,1875840,https://image.tmdb.org/t/p/w500/23qpgi6fFBjybTuIcKItQBEINb5.jpg,4.4677,3,female,,,BLACKPINK: Light Up the Sky; BLACKPINK: Arena Tour 2018 'Special Final in Kyocera Dome Osaka'; Snowdrop,actor; music; documentary; drama,,,,,,,,,,,
William H. Macy,3905,https://image.tmdb.org/t/p/w500/hdVEGSrP8qWlJnt0v5vSVcGOjy7.jpg,4.1005,3,male,,,Fargo; Jurassic Park III; Shameless,actor; drama; thriller; crime,,,,,,,,,,,
Ambika Mod,3411764,https://image.tmdb.org/t/p/w500/jN9HhFYPNMYIupFt6GzGnHAW88c.jpg,5.4966,3,female,,,One Day; Black Bag; This Is Going to Hurt,actor; drama; mystery; thriller,,,,,,,,,,,
Colin Farrell,72466,https://image.tmdb.org/t/p/w500/oyQVfpowL9eSudYhwoPGkd9WxS7.jpg,4.4822,3,male,,,The Lobster; Total Recall; In Bruges,actor; comedy; drama; romance,,,,,,,,,,,
Jennifer Landon,1230687,https://image.tmdb.org/t/p/w500/jpcNM8UJRcnPnCLasVMfA329wZ4.jpg,4.3172,3,female,,,I Spit on Your Grave III: Vengeance Is Mine; Yellowstone; Brothers,actor; horror; thriller; western,,,,,,,,,,,
Odessa A'zion,1972166,https://image.tmdb.org/t/p/w500/swdC2knDQri6CIRuEK0SOgCa6PA.jpg,4.1139,3,female,,,Hellraiser; Marty Supreme; Until Dawn,actor; horror; thriller; drama,,,,,,,,,,,
Matthew Lillard,26457,https://image.tmdb.org/t/p/w500/mIEKAfe0iC41RDXibbTy48LtNOi.jpg,3.9290,3,male,,,Scooby-Doo; Scream; Five Nights at Freddy's,actor; mystery; horror; adventure,,,,,,,,,,,
Jon Voight,10127,https://image.tmdb.org/t/p/w500/oxLsItDwLddXu8YYJCfkddYNejL.jpg,3.9712,3,male,,,Mission: Impossible; Fantastic Beasts and Where to Find Them; Heat,actor; adventure; action; thriller,,,,,,,,,,,
Jennifer Coolidge,38334,https://image.tmdb.org/t/p/w500/hcpbV0dY4ZJxmZi1WcAWe8euqV2.jpg,4.8592,3,female,,,A Cinderella Story; Legally Blonde; Promising Young Woman,actor; comedy; family; romance,,,,,,,,,,,
Mickey Rourke,2295,https://image.tmdb.org/t/p/w500/i6vXukUwRsJa7S9yhZgoKt9xLDv.jpg,4.4465,3,male,,,The Wrestler; Iron Man 2; Sin City,actor; drama; romance; adventure,,,,,,,,,,,
Daisy Edgar-Jones,2230991,https://image.tmdb.org/t/p/w500/uhrgWinc0W2Q1K0ynUmyTaWd8dv.jpg,4.4563,3,female,,,Twisters; Where the Crawdads Sing; Fresh,actor; thriller; action; drama,,,,,,,,,,,
Mamoru Miyano,93803,https://image.tmdb.org/t/p/w500/nuok8ueG7k9hPZ09Tpr8e7Qn0ah.jpg,4.4531,3,male,,,Death Note; Steins;Gate; Tokyo Ghoul,actor; animation; mystery; comedy,,,,,,,,,,,
Kenneth Branagh,11181,https://image.tmdb.org/t/p/w500/AbCqqFxNi5w3nDUFdQt0DGMFh5H.jpg,4.7599,3,male,,,Murder on the Orient Express; Harry Potter and the Chamber of Secrets; Dunkirk,actor; drama; mystery; crime,,,,,,,,,,,
Tom Blyth,1524100,https://image.tmdb.org/t/p/w500/q8bkN1GvXqjs1ZGFYWViH9o2WDq.jpg,4.4518,3,male,,,The Hunger Games: The Ballad of Songbirds & Snakes; People We Meet on Vacation; Billy the Kid,actor; drama; sci-fi; action,,,,,,,,,,,
Hiroyuki Sanada,9195,https://image.tmdb.org/t/p/w500/SOwDxhGnRccP2lAtssQ7TxCzOe.jpg,4.3875,3,male,,,The Wolverine; 47 Ronin; Life,actor; action; sci-fi; adventure,,,,,,,,,,,
David Thewlis,11207,https://image.tmdb.org/t/p/w500/sNuYyT8ocLlQr3TdAW9CoKVbCU8.jpg,4.0877,3,male,,,Wonder Woman; Harry Potter and the Prisoner of Azkaban; The Boy in the Striped Pyjamas,actor; adventure; fantasy; action,,,,,,,,,,,
Lee Min-ho,1245104,https://image.tmdb.org/t/p/w500/iqopuz6cKuRZRUPZQrj7lFZcWWb.jpg,3.8256,3,male,,,Boys Over Flowers; The King: Eternal Monarch; The Heirs,actor; drama; comedy,,,,,,,,,,,
Olga Kurylenko,18182,https://image.tmdb.org/t/p/w500/ei6eYUhQFw2AaV6U5fyPptBaPF0.jpg,4.1254,3,female,,,Quantum of Solace; Oblivion; Johnny English Strikes Again,actor; adventure; action; thriller,,,,,,,,,,,
Bela Padilla,1308700,https://image.tmdb.org/t/p/w500/rC5SDiO3a6yRrEnst7fjT1D4PT3.jpg,4.4397,3,female,,,Meet Me in St. Gallen; 100 Tula Para Kay Stella; Miracle in Cell No. 7,actor; drama; romance; comedy,,,,,,,,,,,
Jaden Smith,120724,https://image.tmdb.org/t/p/w500/aXCn1kRjs4sZS55xSrdmjbht7SM.jpg,4.4336,3,male,,,After Earth; The Karate Kid; The Pursuit of Happyness,actor; action; adventure; drama,,,,,,,,,,,
Aoi Yuuki,936275,https://image.tmdb.org/t/p/w500/a5Mkd66GV1l3c9bZZtnvjUf33T2.jpg,4.4298,3,female,,,Your Name.; A Silent Voice: The Movie; The Seven Deadly Sins,actor; animation; romance; drama,,,,,,,,,,,
Andy Garcia,1271,https://image.tmdb.org/t/p/w500/9EivXoBlczZcFBet96WOoFbDsfF.jpg,4.5382,3,male,,,Ocean's Eleven; Passengers; The Godfather Part III,actor; thriller; crime; drama,,,,,,,,,,,
Dyan Cannon,40403,https://image.tmdb.org/t/p/w500/bID2FjVaSzJsfsA0x4wW0U0jz5p.jpg,3.9921,3,female,,,Revenge of the Pink Panther; Kangaroo Jack; Deathtrap,actor; comedy; crime; mystery,,,,,,,,,,,
Clara Stack,2426851,https://image.tmdb.org/t/p/w500/yMK3IADqV2oReJMKdkrcEIBxdtu.jpg,4.4283,3,female,,,IT: Welcome to Derry; The Naughty Nine; Hawkeye,actor; drama; comedy; mystery,,,,,,,,,,,
Riri Kouda,1204393,https://image.tmdb.org/t/p/w500/zcOcWj8HGDKlsHb5su5pJ8Qlmqj.jpg,4.5087,3,female,,,Rape Zombie: Lust of the Dead; Rape Zombie: Lust of the Dead 2; Rape Zombie: Lust of the Dead 3,actor; comedy; horror,,,,,,,,,,,
Bob Odenkirk,59410,https://image.tmdb.org/t/p/w500/rF0Lb6SBhGSTvjRffmlKRSeI3jE.jpg,4.4216,3,male,,,Nobody; Better Call Saul; Breaking Bad,actor; crime; drama; action,,,,,,,,,,,
Brahmanandam,113810,https://image.tmdb.org/t/p/w500/zh6nWEIy3l1dsZA9EDuDezq867b.jpg,4.4214,3,male,,,Rebel; Race Gurram; Pokiri,actor; action; comedy; thriller,,,,,,,,,,,
Sean Astin,1328,https://image.tmdb.org/t/p/w500/As3ctGUtBYmG4zj4Ifyrcqd71HP.jpg,4.6475,3,male,,,The Lord of the Rings: The Fellowship of the Ring; The Lord of the Rings: The Return of the King; The Goonies,actor; adventure; fantasy; action,,,,,,,,,,,
Ayanna Misola,3295426,https://image.tmdb.org/t/p/w500/dkxVPvNEzqUPvxuVak50GzZkWGk.jpg,4.2545,3,female,,,"Bula; Kinsenas, Katapusan; Bugso",actor; thriller; horror; drama,,,,,,,,,,,
Katherine LaNasa,169337,https://image.tmdb.org/t/p/w500/a1T5Smn7sCEtV8NHvTa5WaxgOML.jpg,4.1324,3,female,,,The Campaign; The Frozen Ground; Valentine's Day,actor; comedy; thriller; crime,,,,,,,,,,,
Carla Gugino,17832,https://image.tmdb.org/t/p/w500/dAqGOsHSzlP6RhaUURX2NrwITaq.jpg,4.0884,3,female,,,Night at the Museum; Gerald's Game; San Andreas,actor; thriller; fantasy; family,,,,,,,,,,,
Felicity Jones,72855,https://image.tmdb.org/t/p/w500/fyhWRmxpTEYl5d8DnkIo6i8RdWJ.jpg,3.6760,3,female,,,Rogue One: A Star Wars Story; The Theory of Everything; Inferno,actor; action; adventure; sci-fi,,,,,,,,,,,
Marion Cotillard,8293,https://image.tmdb.org/t/p/w500/biitzOF0GffIqFYLyOPkoiaOngQ.jpg,4.1934,3,female,,,Contagion; Inception; Assassin's Creed,actor; sci-fi; action; adventure,,,,,,,,,,,
Yoshitsugu Matsuoka,233590,https://image.tmdb.org/t/p/w500/ugDwdWEXnmv43jcbnfAi4XwiQ8C.jpg,4.2618,3,male,,,Sword Art Online; Demon Slayer: Kimetsu no Yaiba; Demon Slayer -Kimetsu no Yaiba- The Movie: Mugen Train,actor; animation; action; fantasy,,,,,,,,,,,
Richard Beckinsale,142518,https://image.tmdb.org/t/p/w500/llffxCtu3f2F0oSfTTdMxzOkt59.jpg,3.8965,3,male,,,Porridge; Porridge; Rising Damp,actor; comedy; crime,,,,,,,,,,,
Alan Rickman,4566,https://image.tmdb.org/t/p/w500/7tADZs4ILE93oJ5pAh6mKQFEq2m.jpg,3.9623,3,male,,,Die Hard; Harry Potter and the Philosopher's Stone; Harry Potter and the Deathly Hallows: Part 2,actor; adventure; fantasy; action,,,,,,,,,,,
Miles Wei,1914924,https://image.tmdb.org/t/p/w500/vR3Jr5DQULKi0ndD6mG1uo7lTnz.jpg,3.8782,3,male,,,Unforgettable Love; Perfect and Casual; Only for Love,actor; drama; comedy; family,,,,,,,,,,,
Josh Hutcherson,27972,https://image.tmdb.org/t/p/w500/f0eosZ1Fx0VBUyspq8K2f8sUSBn.jpg,4.2010,3,male,,,The Hunger Games; The Hunger Games: Catching Fire; The Hunger Games: Mockingjay - Part 1,actor; sci-fi; adventure; action,,,,,,,,,,,
Laura Troschel,146999,https://image.tmdb.org/t/p/w500/LA3bNgKvQBIn89eZf77JxOvnvN.jpg,3.6971,3,female,,,Four Flies on Grey Velvet; Tutti a squola; Ciao marziano,actor; comedy; horror; thriller,,,,,,,,,,,
Ben Stiller,7399,https://image.tmdb.org/t/p/w500/scgpxhI05JpdNXXfmpK6z0rPOWN.jpg,4.2071,3,male,,,Madagascar; Night at the Museum; The Secret Life of Walter Mitty,actor; comedy; family; adventure,,,,,,,,,,,
Hania Aamir,1816076,https://image.tmdb.org/t/p/w500/fb2j8o2TiAGmHPMOoXu870qRY1y.jpg,4.4271,3,female,,,Meray Humsafar; Kabhi Main Kabhi Tum; Ishqiya,actor; drama; family,,,,,,,,,,,
Raven-Symoné,66896,https://image.tmdb.org/t/p/w500/76x0KF5bnkxeFaq5vx9rXylPGQZ.jpg,3.6647,3,female,,,Tinker Bell; The Cheetah Girls; Dr. Dolittle 2,actor; family; fantasy; comedy,,,,,,,,,,,
Sarah Michelle Gellar,11863,https://image.tmdb.org/t/p/w500/mr74lbU9MLcYV4aQDsfHp7rnwS4.jpg,4.8194,3,female,,,Cruel Intentions; The Grudge; Scooby-Doo,actor; mystery; drama; romance,,,,,,,,,,,
Ian McShane,6972,https://image.tmdb.org/t/p/w500/qh9RTLbnr128TZLdGuXwUH9mdBM.jpg,4.3921,3,male,,,John Wick: Chapter 3 - Parabellum; Pirates of the Caribbean: On Stranger Tides; Kung Fu Panda,actor; action; thriller; crime,,,,,,,,,,,
Cindy Yip Sin-Yi,2174283,,3.7194,3,female,,,Ebola Syndrome; Raped by an Angel; My Better Half,actor; crime; horror; comedy,,,,,,,,,,,
Song Jia,96614,https://image.tmdb.org/t/p/w500/hCQK1SXOEwzMvEzBhQM8J9rvuhc.jpg,3.9049,3,female,,,Red Cliff; Her Story; Super Me,actor; drama; adventure; history,,,,,,,,,,,
Kenichi Endo,35642,https://image.tmdb.org/t/p/w500/5NyLtChKpQ0KLiYjZ3aSDylBIou.jpg,3.7441,3,male,,,Visitor Q; The Raid 2; Mary and The Witch's Flower,actor; thriller; comedy; drama,,,,,,,,,,,
White Sugar,4450888,https://image.tmdb.org/t/p/w500/ibia7ziqXXw54HNavRyJIshxz18.jpg,4.3767,3,female,,,Sister Swapping; Cheating Wives; Perfect Transit Sex,actor; romance; drama,,,,,,,,,,,
Allison Janney,19,https://image.tmdb.org/t/p/w500/hpBKWV1jjoXQbr1s0iUZTSvw582.jpg,4.3746,3,female,,,"Finding Nemo; Minions; I, Tonya",actor; animation; family; adventure,,,,,,,,,,,
Peter Benson,5009,https://image.tmdb.org/t/p/w500/btcuZXvGZcO1AyCQXcAeWWLf0jI.jpg,4.3737,3,male,,,"Everything, Everything; Air; A Bride for Christmas",actor; romance; drama; sci-fi,,,,,,,,,,,
Joey Lawrence,51750,https://image.tmdb.org/t/p/w500/scmaFpaElhetPwubERvd1mdkERg.jpg,4.3695,3,male,,,Oliver & Company; A Goofy Movie; My Fake Fiance,actor; comedy; animation; family,,,,,,,,,,,
Keegan-Michael Key,298410,https://image.tmdb.org/t/p/w500/vAR5gVXRG2Cl6WskXT99wgkAoH8.jpg,4.3676,3,male,,,Toy Story 4; The Super Mario Bros. Movie; Wonka,actor; family; comedy; animation,,,,,,,,,,,
Ah Ri,1629943,https://image.tmdb.org/t/p/w500/8VbXDAHDuHbrOHIgUDDjIwrUidh.jpg,4.3659,3,female,,,Buddy's Mom; Young Mother 4; Real,actor; romance; drama; action,,,,,,,,,,,
Emily Alatalo,999449,https://image.tmdb.org/t/p/w500/u9Ir0RZ9czYik7luqZ8cn4YRs9Z.jpg,4.3654,3,female,,,Hunting Grounds; Christmas Catch; Spare Parts,actor; action; thriller; romance,,,,,,,,,,,
Daniel Kaluuya,206919,https://image.tmdb.org/t/p/w500/jj2kZqJobjom36wlhlYhc38nTwN.jpg,4.3644,3,male,,,Get Out; Nope; Black Panther,actor; horror; sci-fi; mystery,,,,,,,,,,,
Phoebe Dynevor,1232756,https://image.tmdb.org/t/p/w500/cviluUTn94TaPy9rlVSkHpgGxRR.jpg,4.3622,3,female,,,Bridgerton; Fair Play; Inheritance,actor; drama; thriller; romance,,,,,,,,,,,
James Caan,3085,https://image.tmdb.org/t/p/w500/v3flJtQEyczxENi29yJyvnN6LVt.jpg,4.3619,3,male,,,The Godfather; Misery; Elf,actor; drama; crime; thriller,,,,,,,,,,,
Jennifer Morrison,41421,https://image.tmdb.org/t/p/w500/i6dkHIME0BOPhbcPESHZND3vmtk.jpg,4.3612,3,female,,,Once Upon a Time; House; Warrior,actor; drama; action,,,,,,,,,,,
Leslie Nielsen,7633,https://image.tmdb.org/t/p/w500/u5vWl5dw69Nf89f905Qb5JqEVL3.jpg,4.3596,3,male,,,The Naked Gun: From the Files of Police Squad!; The Naked Gun 2½: The Smell of Fear; Naked Gun 33⅓: The Final Insult,actor; comedy; crime,,,,,,,,,,,
Tyler Scherer,3530763,https://image.tmdb.org/t/p/w500/tkreWjFOsLLUnuuTOO2WNLW9QFW.jpg,4.3571,3,male,,,"The Wrong Mother; Professor, I'm Addicted to You",actor; drama; thriller,,,,,,,,,,,
Scott Eastwood,928572,https://image.tmdb.org/t/p/w500/tKJEy1bFNxvIj7sivsB7Us2ThmY.jpg,4.3551,3,male,,,Pacific Rim: Uprising; Suicide Squad; The Longest Ride,actor; action; fantasy; adventure,,,,,,,,,,,
Yu Aoi,84028,https://image.tmdb.org/t/p/w500/9tU96Pp6fY8vh5f7OGFGJqHVH7b.jpg,4.3539,3,female,,,Space Pirate Captain Harlock; Redline; Rurouni Kenshin Part I: Origins,actor; animation; sci-fi; action,,,,,,,,,,,
Stephen Lang,32747,https://image.tmdb.org/t/p/w500/gnO5VfkDgA2fsHweD0622LUY3Hu.jpg,4.3534,3,male,,,Avatar; Don't Breathe; Avatar: The Way of Water,actor; action; adventure; sci-fi,,,,,,,,,,,
Anna Kendrick,84223,https://image.tmdb.org/t/p/w500/awWu2Wdd5C9KmG4hhs840QZWpLU.jpg,4.3499,3,female,,,Pitch Perfect; Pitch Perfect 2; A Simple Favor,actor; comedy; music; romance,,,,,,,,,,,
Santiago Segura,10847,https://image.tmdb.org/t/p/w500/w5gSHzLWoivAN2g4z2yaxCSFyTY.jpg,4.3498,3,male,,,Pacific Rim; Father There Is Only One; Father There Is Only One 2,actor; comedy; family; action,,,,,,,,,,,
Delroy Lindo,18792,https://image.tmdb.org/t/p/w500/kLwUBBmEIdchrLqwsYzgLB2B6q5.jpg,4.3491,3,male,,,Up; Da 5 Bloods; Gone in Sixty Seconds,actor; animation; comedy; family,,,,,,,,,,,
Eric Roberts,21315,https://image.tmdb.org/t/p/w500/NiWg1TaUcal7xn1ZQeyA2dLd5F.jpg,4.3464,3,male,,,The Dark Knight; The Expendables; Megaboa,actor; action; thriller; crime,,,,,,,,,,,
Nico Locco,2513207,https://image.tmdb.org/t/p/w500/5mWKE2MAhdzpX6haB8734z1sisl.jpg,4.1525,3,male,,,Metamorphosis; Foursome; TL,actor; drama; horror; thriller,,,,,,,,,,,
Caitríona Balfe,147056,https://image.tmdb.org/t/p/w500/4KQRDj74lKwU52Ewmzz7sVIakgn.jpg,4.1033,3,female,,,Outlander; Ford v Ferrari; Now You See Me,actor; drama; action; history,,,,,,,,,,,
Shin-ichiro Miki,62318,https://image.tmdb.org/t/p/w500/yL9Tx2HZgK7t5AssYl6oGE9bjdj.jpg,3.8278,3,male,,,Fullmetal Alchemist: Brotherhood; Pokémon; Dragon Ball Super,actor; animation; drama,,,,,,,,,,,
R. Madhavan,85519,https://image.tmdb.org/t/p/w500/gaDrAdXxIrbBRCd9cX8YvJDEuLb.jpg,4.9739,3,male,,,3 Idiots; Vikram Vedha; Tanu Weds Manu,actor; drama; comedy; action,,,,,,,,,,,
Peyton List,1254435,https://image.tmdb.org/t/p/w500/zRYSmQVNod3Py2FQ4IXvtv0EMvd.jpg,4.7442,3,female,,,Cobra Kai; Jessie; The Sorcerer's Apprentice,actor; drama; comedy; family,,,,,,,,,,,
Paul Rudd,22226,https://image.tmdb.org/t/p/w500/6jtwNOLKy0LdsRAKwZqgYMAfd5n.jpg,4.1771,3,male,,,Ant-Man; Ant-Man and the Wasp; Ant-Man and the Wasp: Quantumania,actor; sci-fi; adventure; action,,,,,,,,,,,
Azi Acosta,3904236,https://image.tmdb.org/t/p/w500/aB5zZ1O0O7GZPCki7wQv6PxHEMo.jpg,4.4145,3,female,,,Suki; Sex Games; Pamasahe,actor; drama,,,,,,,,,,,
Mike Epps,51944,https://image.tmdb.org/t/p/w500/zHWRTxUD3pqGoJkDwnBE5v7jfIr.jpg,4.6124,3,male,,,The Hangover; The Hangover Part III; Open Season 2,actor; comedy; adventure; animation,,,,,,,,,,,
Hayden Panettiere,17265,https://image.tmdb.org/t/p/w500/bhGkVHCFu8peC4rIXIUMWCQqZR7.jpg,4.8036,3,female,,,"A Bug's Life; Heroes; I Love You, Beth Cooper",actor; comedy; family; animation,,,,,,,,,,,
Saori Hayami,221773,https://image.tmdb.org/t/p/w500/gLv9lO7dlUbIsmyJUvgegqAAXki.jpg,3.7252,3,female,,,A Silent Voice: The Movie; Kakegurui; SPY x FAMILY,actor; animation; drama; romance,,,,,,,,,,,
Malachi Barton,1836114,https://image.tmdb.org/t/p/w500/lmV6ParCZkniV1OQO71xxfjFjaG.jpg,3.7922,3,male,,,Dora and the Lost City of Gold; Under Wraps; Under Wraps 2,actor; family; comedy; fantasy,,,,,,,,,,,
Seseri Shiraki,4623066,https://image.tmdb.org/t/p/w500/AnY3baRXfPkONgz5BFptNn5bk2J.jpg,3.8753,3,female,,,The Witch and the Beast,actor; animation; drama,,,,,,,,,,,
Tommy Lee Jones,2176,https://image.tmdb.org/t/p/w500/mCiZNRAzbnPojJEZwVZWLw9kzxR.jpg,4.4910,3,male,,,Men in Black; Men in Black II; No Country for Old Men,actor; action; comedy; sci-fi,,,,,,,,,,,
Claudia Salas,2030317,https://image.tmdb.org/t/p/w500/jfLi59P55yQeyjfD8UVf4DilXpt.jpg,3.8129,3,female,,,Elite; Elite Short Stories: Guzmán Caye Rebe; Piggy,actor; drama; crime; mystery,,,,,,,,,,,
Rajinikanth,91555,https://image.tmdb.org/t/p/w500/cQBcrXqcQPfXOQfNfgO3slJM2xi.jpg,3.4793,3,male,,,Enthiran; 2.0; Sivaji: The Boss,actor; action; sci-fi; adventure,,,,,,,,,,,
Mamitha Baiju,2191938,https://image.tmdb.org/t/p/w500/uQ5PhUbDPSaSzulViEzlWqphDPH.jpg,4.4081,3,female,,,Premalu; Dude; Super Sharanya,actor; romance; comedy; action,,,,,,,,,,,
Harry Styles,1052109,https://image.tmdb.org/t/p/w500/kCHF4vPX9PxjN0CaUt2G2k3fy3J.jpg,4.7227,3,male,,,Dunkirk; Don't Worry Darling; One Direction: This Is Us,actor; war; action; drama,,,,,,,,,,,
Dawn Olivieri,92614,https://image.tmdb.org/t/p/w500/tet7ZVbzhLWwT44m9j94folyl5N.jpg,4.8930,3,female,,,Bright; American Hustle; Den of Thieves,actor; action; thriller; crime,,,,,,,,,,,
Ji Eun-seo,1549899,https://image.tmdb.org/t/p/w500/2sc0qXUnBFCpAj7UfubDR3Gub9L.jpg,4.5313,3,female,,,V.I.P.; Mutual Relations; Purpose of Reunion 3,actor; romance; crime; thriller,,,,,,,,,,,
Kayadu Lohar,2578168,https://image.tmdb.org/t/p/w500/pHaMPnrfnWvTPZA4IOmZk8BHY0U.jpg,3.6007,3,female,,,Dragon; Pathonpatham Noottandu; Funky,actor; drama; romance; comedy,,,,,,,,,,,
Hiroshi Abe,66155,https://image.tmdb.org/t/p/w500/lJODJCQHCUxLqZzqr3iBlTKO8Nx.jpg,3.8385,3,male,,,Still Walking; After the Storm; Chocolate,actor; drama; family; action,,,,,,,,,,,
Raghava Lawrence,516473,https://image.tmdb.org/t/p/w500/eEY77s1tI9U4b3UCH7T3AZ4EI5K.jpg,4.0403,3,male,,,Jigarthanda DoubleX; Kanchana; Kanchana 2,actor; comedy; horror; action,,,,,,,,,,,
Bruno Ganz,2310,https://image.tmdb.org/t/p/w500/8bhS1PObqe8OOVcyIRxV5Rcdufd.jpg,4.1407,3,male,,,Downfall; The House That Jack Built; Wings of Desire,actor; drama; history; war,,,,,,,,,,,
Jonah Hill,21007,https://image.tmdb.org/t/p/w500/5aE4GgJADHzN1QsS6zkzElZSEYq.jpg,3.8064,3,male,,,The Wolf of Wall Street; 21 Jump Street; 22 Jump Street,actor; crime; comedy; action,,,,,,,,,,,
Michael J. Fox,521,https://image.tmdb.org/t/p/w500/2JB4FMgQmnhbBlQ4SxWFN9EIVDi.jpg,3.9754,3,male,,,Back to the Future; Back to the Future Part II; Back to the Future Part III,actor; adventure; comedy; sci-fi,,,,,,,,,,,
Paul Giamatti,13242,https://image.tmdb.org/t/p/w500/wbrVVJRr5TwhDZuvijBgOorzcAb.jpg,4.3151,3,male,,,The Truman Show; The Illusionist; The Holdovers,actor; drama; comedy; fantasy,,,,,,,,,,,
Sandra Oh,25540,https://image.tmdb.org/t/p/w500/zU8vjebHxcP60ESEL5Ok68KWZvj.jpg,4.4002,3,female,,,Grey's Anatomy; Turning Red; Invincible,actor; drama; animation; family,,,,,,,,,,,
Michelle Monaghan,11705,https://image.tmdb.org/t/p/w500/xpNSu7oCD81L3YxcVhqhInyI5JR.jpg,5.3659,3,female,,,Source Code; The Best of Me; Pixels,actor; sci-fi; thriller; mystery,,,,,,,,,,,
Cote De Pablo,297502,https://image.tmdb.org/t/p/w500/py0I61VEXUyTvjHwWffClwfl9yb.jpg,4.0123,3,female,,,NCIS; The 33; NCIS: Tony & Ziva,actor; drama; crime; history,,,,,,,,,,,
Jared Padalecki,49623,https://image.tmdb.org/t/p/w500/hQaqkzNEHoAk9YtWlim6dEdIdbj.jpg,4.2434,3,male,,,Supernatural; Friday the 13th; House of Wax,actor; mystery; horror; thriller,,,,,,,,,,,
Liu Yuning,2365187,https://image.tmdb.org/t/p/w500/6JvMALlglmZB5gutlheu4J5KjAI.jpg,4.2725,3,male,,,The Prisoner of Beauty; The Legend of Anle; The Long Ballad,actor; drama,,,,,,,,,,,
Amanda Righetti,74289,https://image.tmdb.org/t/p/w500/7kKpYggBan6rYKFumeRSm0eDGqA.jpg,3.9865,3,female,,,Friday the 13th; The Mentalist; Captain America: The First Avenger,actor; horror; thriller; crime,,,,,,,,,,,
Abigail Breslin,17140,https://image.tmdb.org/t/p/w500/1MQMfcb3fuN0lC1egdaOnHcTlm8.jpg,4.3945,3,female,,,Zombieland; Little Miss Sunshine; Zombieland: Double Tap,actor; comedy; horror; drama,,,,,,,,,,,
Chow Yun-Fat,1619,https://image.tmdb.org/t/p/w500/uDPYSiZrW7OZ79qgcgkWefALlXY.jpg,3.9224,3,male,,,"Crouching Tiger, Hidden Dragon; Dragonball Evolution; Bulletproof Monk",actor; action; adventure; fantasy,,,,,,,,,,,
Annabeth Gish,49425,https://image.tmdb.org/t/p/w500/wfUaE95xUJ3Kh5okDpUMZNmbcom.jpg,2.8044,3,female,,,The X-Files; Before I Wake; Double Jeopardy,actor; mystery; crime; thriller,,,,,,,,,,,
Hayley Atwell,39459,https://image.tmdb.org/t/p/w500/x57wXHexIjD2ywly9cRA4rov7cu.jpg,4.0587,3,female,,,Captain America: The First Avenger; Black Mirror; Mission: Impossible - Dead Reckoning Part One,actor; action; adventure; sci-fi,,,,,,,,,,,
Jaime Murray,1223059,https://image.tmdb.org/t/p/w500/viqfbECKPLI8nRO6sya8YFu8yc2.jpg,4.0463,3,female,,,Dexter; Spartacus; Castlevania,actor; drama; crime; mystery,,,,,,,,,,,
Satomi Ishihara,224664,https://image.tmdb.org/t/p/w500/gFBK1fHFLA8qJvSohrfXuuOflwu.jpg,3.8357,3,female,,,Shin Godzilla; Attack on Titan; Sadako 3D,actor; horror; action; sci-fi,,,,,,,,,,,
Fernando Lindez,2649290,https://image.tmdb.org/t/p/w500/quHSt84xNfEqCk9v5fv3qVxlbaX.jpg,4.1261,3,male,,,Elite; Tell Me Softly; SKAM España,actor; drama; crime; mystery,,,,,,,,,,,
Vanessa Kirby,556356,https://image.tmdb.org/t/p/w500/5fbvIkZ02RdcXfZHUUk4cQ9kILK.jpg,3.9715,3,female,,,Fast & Furious Presents: Hobbs & Shaw; The Fantastic 4: First Steps; Napoleon,actor; action; adventure; comedy,,,,,,,,,,,
Kam Shan,1361023,,4.2743,3,male,,,The Big Boss; Fist of Fury; As Tears Go By,actor; action; drama; thriller,,,,,,,,,,,
Robert Patrick,418,https://image.tmdb.org/t/p/w500/qRv2Es9rZoloullTbzss3I5j1Mp.jpg,4.2826,3,male,,,Terminator 2: Judgment Day; Bridge to Terabithia; The X-Files,actor; action; thriller; sci-fi,,,,,,,,,,,
Kanata Hongo,114725,https://image.tmdb.org/t/p/w500/5BUmrqD3nbER1XV3ASSwFZitwwv.jpg,2.5772,3,male,,,Attack on Titan; Btooom!; Gantz,actor; horror; action; sci-fi,,,,,,,,,,,
Russell Crowe,934,https://image.tmdb.org/t/p/w500/uxiXuVH4vNWrKlJMVVPG1sxAJFe.jpg,4.0938,3,male,,,Gladiator; A Beautiful Mind; The Nice Guys,actor; action; drama; adventure,,,,,,,,,,,
Jean Reno,1003,https://image.tmdb.org/t/p/w500/mw0EZJYz3kiFq9fNxsML773gotF.jpg,4.1776,3,male,,,Léon: The Professional; The Da Vinci Code; Godzilla,actor; action; thriller; crime,,,,,,,,,,,
Sung Yeon,2578379,https://image.tmdb.org/t/p/w500/3Axwq4OrAsYaRuaNuFPpnu07TMZ.jpg,4.2919,3,female,,,Rated 19 Secret Lesson; Dangerous Lesson; Head of Empty House,actor; drama; romance,,,,,,,,,,,
50 Cent,62644,https://image.tmdb.org/t/p/w500/7VfwFIwBxy7qBUErosWRDQOovl9.jpg,3.8728,3,male,,,Escape Plan; Southpaw; Get Rich or Die Tryin',actor; action; drama; thriller,,,,,,,,,,,
Raquel Welch,21462,https://image.tmdb.org/t/p/w500/UfsFJdj8vi9kHcY3HAzBS0zVKp.jpg,3.3290,3,female,,,Legally Blonde; Fantastic Voyage; One Million Years B.C.,actor; adventure; comedy; sci-fi,,,,,,,,,,,
Alison Brie,88029,https://image.tmdb.org/t/p/w500/uu16GiwYblS6IJV3o4qFSLWKXOC.jpg,3.6102,3,female,,,Promising Young Woman; The Lego Movie; Get Hard,actor; comedy; thriller; crime,,,,,,,,,,,
Leila George,1681867,https://image.tmdb.org/t/p/w500/oWzixzyiYc2mkxPSxe60BUICqfP.jpg,4.0781,3,female,,,Mortal Engines; The Kid; Animal Kingdom,actor; drama; adventure; sci-fi,,,,,,,,,,,
Phoebe Cates,16171,https://image.tmdb.org/t/p/w500/nh2jiRCFa7TQdGB87k557LG0PtY.jpg,4.1321,3,female,,,Gremlins; Gremlins 2: The New Batch; Drop Dead Fred,actor; fantasy; comedy; horror,,,,,,,,,,,
Susan Sarandon,4038,https://image.tmdb.org/t/p/w500/jR6l2EfvvGA8qCzZ7MB5FT9ZLkq.jpg,3.6901,3,female,,,Thelma & Louise; The Rocky Horror Picture Show; Dead Man Walking,actor; drama; crime; adventure,,,,,,,,,,,
Can Yaman,1705786,https://image.tmdb.org/t/p/w500/qjDCqpngema0dqF1DDEbOKrXC1Z.jpg,4.6456,3,male,,,Daydreamer; Mr. Wrong; Sandokan,actor; drama; comedy,,,,,,,,,,,
Simone Ashley,2223752,https://image.tmdb.org/t/p/w500/NoWUSMGBrQrX23XK7eVjHlfaqY.jpg,4.1544,3,female,,,Bridgerton; Pokémon Detective Pikachu; F1,actor; drama; action; adventure,,,,,,,,,,,
Diana Pang Dan,1081095,https://image.tmdb.org/t/p/w500/kRgljJpcaQAzOZpwWRj7x7PDOFj.jpg,3.4100,3,female,,,The Imp; Midnight Caller; The Six Devil Women,actor; thriller; horror; comedy,,,,,,,,,,,
Matt Bomer,66743,https://image.tmdb.org/t/p/w500/oxL27Z3XtjoABaOynKazZeg7qKM.jpg,4.2066,3,male,,,The Nice Guys; In Time; White Collar,actor; crime; action; comedy,,,,,,,,,,,
Stanley Tucci,2283,https://image.tmdb.org/t/p/w500/q4TanMDI5Rgsvw4SfyNbPBh4URr.jpg,3.6385,3,male,,,The Hunger Games; The Devil Wears Prada; Transformers: Age of Extinction,actor; sci-fi; adventure; action,,,,,,,,,,,
David Chiang Da-Wei,65986,https://image.tmdb.org/t/p/w500/7Wwna95s5U3g7T3z4s7uD51ZAXX.jpg,4.0896,3,male,,,The New One-Armed Swordsman; The Legend of the 7 Golden Vampires; Kung Fu Jungle,actor; action; drama; history,,,,,,,,,,,
Tatiana Maslany,61134,https://image.tmdb.org/t/p/w500/x8lBkm9CBJbIlLpqjEwkQydZ2or.jpg,3.9851,3,female,,,She-Hulk: Attorney at Law; Orphan Black; Stronger,actor; drama; comedy,,,,,,,,,,,
Austin Butler,86654,https://image.tmdb.org/t/p/w500/atdAs4pFGjUQ4m2W8kJYly7N6cC.jpg,3.7598,3,male,,,Elvis; Once Upon a Time... in Hollywood; Dune: Part Two,actor; drama; music; history,,,,,,,,,,,
François Arnaud,469462,https://image.tmdb.org/t/p/w500/2aPDGUGRcrBYmrQLc8AklEqp7xI.jpg,3.8665,3,male,,,"I Killed My Mother; Midnight, Texas; The Borgias",actor; drama; crime,,,,,,,,,,,
AJ Raval,2948828,https://image.tmdb.org/t/p/w500/2JMxcjkUc5SPrj8P9GCFQev4pbm.jpg,3.6674,3,female,,,Us X Her; Hugas; Kaliwaan,actor; thriller; drama; romance,,,,,,,,,,,
Tom Welling,11824,https://image.tmdb.org/t/p/w500/iLyXgCimAWNHSjkTXb7e5KgcMWh.jpg,4.2798,3,male,,,Smallville; Lucifer; The Fog,actor; drama; crime; horror,,,,,,,,,,,
Ayane Sakura,992869,https://image.tmdb.org/t/p/w500/yPbTmntASE9psPIMhNGU5oo6vIH.jpg,3.7069,3,female,,,My Hero Academia; Hotarubi no Mori e; Attack on Titan,actor; animation; romance; fantasy,,,,,,,,,,,
Katey Sagal,18980,https://image.tmdb.org/t/p/w500/jdnBWdXlQG2Q2F6v9MPJkaWQ9Vd.jpg,4.2212,3,female,,,Futurama; Sons of Anarchy; Married... with Children,actor; comedy; animation; crime,,,,,,,,,,,
Jeremy Irons,16940,https://image.tmdb.org/t/p/w500/w8Ct1q02Ht3sWdOSqfp3B85TzT.jpg,4.1273,3,male,,,Die Hard: With a Vengeance; The Lion King; Assassin's Creed,actor; action; adventure; thriller,,,,,,,,,,,
Jaya Prada,238016,https://image.tmdb.org/t/p/w500/jD3BDABDH36vYPaQrI3PFWM9KJ9.jpg,3.4063,3,female,,,Pranayam; Dasavatharam; Sagara Sangamam,actor; romance; drama; action,,,,,,,,,,,
Maanasa Chaudhary,3541242,https://image.tmdb.org/t/p/w500/9If2kbsV6ewbsUKviyvyYC5xJ2G.jpg,4.4860,3,female,,,Lucky Baskhar; Bubblegum; Aaryan,actor; thriller; crime; drama,,,,,,,,,,,
Rachel Brosnahan,993774,https://image.tmdb.org/t/p/w500/1f9NK43gWrXN2uMmYMlennB7jCC.jpg,3.9996,3,female,,,Superman; The Marvelous Mrs. Maisel; The Courier,actor; drama; sci-fi; adventure,,,,,,,,,,,
Eliza Dushku,13446,https://image.tmdb.org/t/p/w500/lvu4Vo9GL7uOjtU59MDiy3QDPAZ.jpg,3.8246,3,female,,,Wrong Turn; Bring It On; True Lies,actor; thriller; horror; comedy,,,,,,,,,,,
Liev Schreiber,23626,https://image.tmdb.org/t/p/w500/26G7QjSb5ZazgWb9XB2X6SwcILQ.jpg,3.8178,3,male,,,X-Men Origins: Wolverine; Salt; Spotlight,actor; action; adventure; sci-fi,,,,,,,,,,,
Timothy Dalton,10669,https://image.tmdb.org/t/p/w500/rKYQd6ihqWiOaCHEDrvgV2VPtAo.jpg,3.4917,3,male,,,Licence to Kill; The Living Daylights; The Tourist,actor; action; thriller; adventure,,,,,,,,,,,
Noah Centineo,1253353,https://image.tmdb.org/t/p/w500/p1bcst401RyxfDGykx2iQLI7CV5.jpg,4.7109,3,male,,,To All the Boys I've Loved Before; The Perfect Date; Black Adam,actor; comedy; romance; action,,,,,,,,,,,
Christian Slater,2224,https://image.tmdb.org/t/p/w500/6ww3uweEEXMlvtNjTlgBHxLErPF.jpg,4.2799,3,male,,,True Romance; Mr. Robot; The Name of the Rose,actor; crime; drama; action,,,,,,,,,,,
Evangeline Lilly,19034,https://image.tmdb.org/t/p/w500/pJHX2jd7ytre3NQbF9nlyWUqxH3.jpg,4.2036,3,female,,,Ant-Man and the Wasp; Ant-Man; The Hobbit: The Battle of the Five Armies,actor; action; adventure; sci-fi,,,,,,,,,,,
Harold Perrineau,6195,https://image.tmdb.org/t/p/w500/bVSLpGUaislREbujmknOqadrxYM.jpg,4.2015,3,male,,,FROM; The Matrix Reloaded; The Matrix Revolutions,actor; adventure; action; thriller,,,,,,,,,,,
Scott Speedman,100,https://image.tmdb.org/t/p/w500/tGgD96WOhmuQU4e6ZTU5IEx4W9E.jpg,4.2000,3,male,,,Underworld; Underworld: Evolution; The Strangers,actor; thriller; fantasy; action,,,,,,,,,,,
Walker Scobell,2867506,https://image.tmdb.org/t/p/w500/gfIZFH6SpwpOU8zc04e5MkeJcj2.jpg,4.1962,3,male,,,The Adam Project; Percy Jackson and the Olympians; Secret Headquarters,actor; adventure; sci-fi; comedy,,,,,,,,,,,
Blake Lively,59175,https://image.tmdb.org/t/p/w500/rkGVjd6wImtgjOCi0IpeffdEWtb.jpg,4.1958,3,female,,,The Age of Adaline; The Shallows; Green Lantern,actor; drama; thriller; romance,,,,,,,,,,,
IU,1252318,https://image.tmdb.org/t/p/w500/uNhKOO9lIAFXF11LM6gjCrX2CJz.jpg,4.1952,3,female,,,Hotel Del Luna; Scarlet Heart: Ryeo; When Life Gives You Tangerines,actor; drama; comedy,,,,,,,,,,,
Piper Perabo,15555,https://image.tmdb.org/t/p/w500/5XrzISDEox0KubRDzJU668Oxmxy.jpg,4.1932,3,female,,,The Prestige; Coyote Ugly; Looper,actor; drama; sci-fi; mystery,,,,,,,,,,,
Alexander Skarsgård,28846,https://image.tmdb.org/t/p/w500/6VNNddrSrIVgdzhXr4Zg89gmOzY.jpg,4.1925,3,male,,,Godzilla vs. Kong; The Legend of Tarzan; The Northman,actor; action; adventure; fantasy,,,,,,,,,,,
Mike Norris,51586,https://image.tmdb.org/t/p/w500/65Yuo0ACOp8kmTuf16buibpF0pY.jpg,4.1917,3,male,,,The Beverly Hillbillies; Born American; Death Ring,actor; action; comedy; family,,,,,,,,,,,
Jennifer Lopez,16866,https://image.tmdb.org/t/p/w500/iDiicDZ6CMib20QSCQYB55iynEk.jpg,4.1904,3,female,,,Anaconda; The Boy Next Door; Maid in Manhattan,actor; thriller; adventure; horror,,,,,,,,,,,
Kathryn Hahn,17696,https://image.tmdb.org/t/p/w500/anqFmiLIZ7rOI6gwtnxJLb8RVj0.jpg,4.1893,3,female,,,WandaVision; Glass Onion: A Knives Out Mystery; How to Lose a Guy in 10 Days,actor; mystery; comedy; drama,,,,,,,,,,,
Nicholas Galitzine,1425934,https://image.tmdb.org/t/p/w500/hG4rH7eBMs117746bBOd8fUa4PA.jpg,4.1873,3,male,,,"Purple Hearts; The Idea of You; Red, White & Royal Blue",actor; romance; drama; comedy,,,,,,,,,,,
Xu Kai,2091759,https://image.tmdb.org/t/p/w500/wEfatQWa3v9tNtmgr5LOOmFSSJj.jpg,4.1870,3,male,,,Falling Into Your Smile; Once Upon a Time in Lingjian Mountain; Wonderland of Love,actor; comedy; drama,,,,,,,,,,,
Franco Gasparri,556710,https://image.tmdb.org/t/p/w500/t9QoYoQW5OhIfSBjeViUPn4OVa.jpg,4.1826,3,male,,,"Blood, Sweat and Fear; Mark Shoots First; Mark Strikes Again",actor; crime; drama; action,,,,,,,,,,,
Michael Cera,39995,https://image.tmdb.org/t/p/w500/qjhNKsw0OLyZQgK4srhelBafcCf.jpg,4.1816,3,male,,,Scott Pilgrim vs. the World; Superbad; Juno,actor; comedy; romance; action,,,,,,,,,,,
Brie Larson,60073,https://image.tmdb.org/t/p/w500/xSGvMwNNJcEQvVcjiIUTyxyMfkZ.jpg,3.8914,3,female,,,Captain Marvel; Room; 21 Jump Street,actor; action; adventure; sci-fi,,,,,,,,,,,
Shahid Kapoor,78245,https://image.tmdb.org/t/p/w500/q5jqLRioZgIVjXpKS8XHx27ScDQ.jpg,4.3414,3,male,,,Jab We Met; Haider; Kabir Singh,actor; drama; romance; comedy,,,,,,,,,,,
Alba Baptista,1674769,https://image.tmdb.org/t/p/w500/gV5LYhN7BRc7xjySFek9gdm5tNA.jpg,3.4388,3,female,,,Warrior Nun; Mrs. Harris Goes to Paris; Amelia’s Children,actor; drama; comedy; history,,,,,,,,,,,
Kerry Condon,62105,https://image.tmdb.org/t/p/w500/8RO25vJxQSoNdhsVbiAHOsiGfvl.jpg,4.2179,3,female,,,"The Banshees of Inisherin; Three Billboards Outside Ebbing, Missouri; F1",actor; drama; comedy; crime,,,,,,,,,,,
Matthew Fox,28657,https://image.tmdb.org/t/p/w500/6VIfueb4j3GCsIhxnstsXlY5C3Y.jpg,4.1395,3,male,,,Lost; World War Z; Vantage Point,actor; drama; action; thriller,,,,,,,,,,,
Bai Lu,1879666,https://image.tmdb.org/t/p/w500/aRcUVDRO2wewQe0NXJ0RfzSgvUa.jpg,4.0602,3,female,,,Only for Love; Till The End of The Moon; Arsenal Military Academy,actor; drama; comedy,,,,,,,,,,,
Lizzy Caplan,51988,https://image.tmdb.org/t/p/w500/cHs9pPpjcEMpWrGmrAYAn0QOE78.jpg,4.1376,3,female,,,Cloverfield; Mean Girls; The Interview,actor; action; comedy; thriller,,,,,,,,,,,
Yoo Ji-hyun,3424435,https://image.tmdb.org/t/p/w500/8qBnfSVKcf742nRQk9NCgadqNPc.jpg,3.5735,3,female,,,Aunt; Dangerous Younger Cousin; My Girlfriend is an Erotic Actress,actor; romance; drama,,,,,,,,,,,
Cheena Dizon,5630018,https://image.tmdb.org/t/p/w500/aNZHynNSy2JBvBxsSEys9cXzALV.jpg,2.9767,3,,,,Ekis; Sex Trip; Madulas,actor; drama,,,,,,,,,,,
Kelsey Asbille,205976,https://image.tmdb.org/t/p/w500/8mXqxKaPc6FpAnLeZlPaaUaJHdC.jpg,4.1221,3,female,,,The Amazing Spider-Man; Don't Move; Wind River,actor; thriller; action; adventure,,,,,,,,,,,
Wang Yibo,1594612,https://image.tmdb.org/t/p/w500/5akr656RvJX8hl1pa1qZckfiQeF.jpg,3.6917,3,male,,,The Untamed; Born to Fly; Hidden Blade,actor; drama; mystery; action,,,,,,,,,,,
Taz Skylar,2498631,https://image.tmdb.org/t/p/w500/3EXMkfzB8EXn3ZJPJvK6OfPWLfz.jpg,4.1781,3,male,,,ONE PIECE; Cleaner; Boiling Point,actor; thriller; action; drama,,,,,,,,,,,
Ray Liotta,11477,https://image.tmdb.org/t/p/w500/rhaCUi04uEXDFvuPM5Drj1AprE6.jpg,4.1474,3,male,,,GoodFellas; Identity; Marriage Story,actor; drama; crime; mystery,,,,,,,,,,,
Cara Buono,20047,https://image.tmdb.org/t/p/w500/QQv5pitEXvrGR4sgECvNDLwhTG.jpg,4.1401,3,female,,,Stranger Things; Hulk; Paper Towns,actor; mystery; sci-fi; adventure,,,,,,,,,,,
Katherine Heigl,25541,https://image.tmdb.org/t/p/w500/hjtNdbdy1qn25y5SGl71y8nR0Kg.jpg,4.1324,3,female,,,The Ugly Truth; 27 Dresses; Life As We Know It,actor; comedy; romance; drama,,,,,,,,,,,
Bette Davis,3380,https://image.tmdb.org/t/p/w500/esPt0FAN8LnD3RPG1pEAh1fWE3x.jpg,4.1242,3,female,,,"All About Eve; What Ever Happened to Baby Jane?; Hush... Hush, Sweet Charlotte",actor; drama; horror; thriller,,,,,,,,,,,
Catherine Zeta-Jones,1922,https://image.tmdb.org/t/p/w500/bBZKAbjNCGS9VpDKaK6TWGsL3ws.jpg,4.1196,3,female,,,The Terminal; Entrapment; Ocean's Twelve,actor; drama; comedy; romance,,,,,,,,,,,
Malin Åkerman,50463,https://image.tmdb.org/t/p/w500/u38qRcCAiO3SZdFKJKx3fncDyef.jpg,4.1140,3,female,,,Watchmen; Rampage; The Proposal,actor; action; sci-fi; mystery,,,,,,,,,,,
Ming-Na Wen,21702,https://image.tmdb.org/t/p/w500/eqCzFF83It56cUdjpskzvg8jgq.jpg,4.1113,3,female,,,Mulan; Mulan II; Final Fantasy: The Spirits Within,actor; animation; family; adventure,,,,,,,,,,,
Asmaa Galal,2059012,https://image.tmdb.org/t/p/w500/7693taWWq3QkNjImgoZtt0idO1h.jpg,5.0921,3,female,,,House Duties; 122; Face to Face,actor; comedy; horror; thriller,,,,,,,,,,,
Michael Fassbender,17288,https://image.tmdb.org/t/p/w500/xvbnUiB2ZBR3QIt595OzNy657Vw.jpg,3.6244,3,male,,,Alien: Covenant; Assassin's Creed; X-Men: Apocalypse,actor; sci-fi; action; adventure,,,,,,,,,,,
Wagner Moura,52583,https://image.tmdb.org/t/p/w500/53IbAed4t1dOWxY3iygbRYZBBnm.jpg,3.7037,3,male,,,Narcos; Elite Squad; Puss in Boots: The Last Wish,actor; crime; drama; action,,,,,,,,,,,
Wunmi Mosaku,134774,https://image.tmdb.org/t/p/w500/mWDsVCo9sBcekrsjUTsoCFLhtYt.jpg,3.7005,3,female,,,Loki; Sinners; His House,actor; drama; horror; action,,,,,,,,,,,
Cole Hauser,6614,https://image.tmdb.org/t/p/w500/1SNoIDILoXtAUJu4f7nDCPVQH5j.jpg,4.3648,3,male,,,2 Fast 2 Furious; Good Will Hunting; Pitch Black,actor; action; thriller; crime,,,,,,,,,,,
Viviana Rodríguez,2119834,https://image.tmdb.org/t/p/w500/lnBDH9gc1BHmkXabsSxezuk0HP3.jpg,3.9669,3,female,,,Gun Shy; Talion; Decent People,actor; thriller; crime; action,,,,,,,,,,,
Zooey Deschanel,11664,https://image.tmdb.org/t/p/w500/oNnMSaLlPyieTc01ObJZb7ezgGq.jpg,4.5389,3,female,,,(500) Days of Summer; Yes Man; The Happening,actor; comedy; romance; drama,,,,,,,,,,,
Anne Heche,8256,https://image.tmdb.org/t/p/w500/65LVuA01bmKCmr8yqY2Ae3IgeC4.jpg,3.8350,3,female,,,Six Days Seven Nights; Volcano; Donnie Brasco,actor; action; drama; thriller,,,,,,,,,,,
John Leguizamo,5723,https://image.tmdb.org/t/p/w500/kwYCdxTlDh9zauUCg4mp2XTCQTw.jpg,4.1958,3,male,,,Ice Age; Ice Age: The Meltdown; Ice Age: Dawn of the Dinosaurs,actor; animation; comedy; family,,,,,,,,,,,
Diane Keaton,3092,https://image.tmdb.org/t/p/w500/A8B3BsFgbmw2WEmJuQX38qeU9eR.jpg,3.7772,3,female,,,The Godfather Part II; The Godfather; The Godfather Part III,actor; drama; crime; thriller,,,,,,,,,,,
Christina Ricci,6886,https://image.tmdb.org/t/p/w500/dzB58d6fNrTEi7nBAU1tySJc2at.jpg,4.1618,3,female,,,Casper; Sleepy Hollow; Penelope,actor; fantasy; comedy; family,,,,,,,,,,,
Andrew McCarthy,37041,https://image.tmdb.org/t/p/w500/swlewiX5zUjF5za9JOFXIVrL3kH.jpg,2.9728,3,male,,,Weekend at Bernie's; Mannequin; Pretty in Pink,actor; comedy; romance; crime,,,,,,,,,,,
Michael Keaton,2232,https://image.tmdb.org/t/p/w500/tYSja1KByFnZ4Hkp3stPqkKHnNL.jpg,3.9173,3,male,,,Birdman or (The Unexpected Virtue of Ignorance); Spider-Man: Homecoming; Batman,actor; action; drama; comedy,,,,,,,,,,,
Burak Özçivit,1424928,https://image.tmdb.org/t/p/w500/pF8EHDM2ETDT2X2Pwg3Ak0ZCPAY.jpg,4.2348,3,male,,,Endless Love; Kuruluş Osman; My Brother,actor; drama; comedy,,,,,,,,,,,
Jeff Kober,54865,https://image.tmdb.org/t/p/w500/rSHfqqDdNCBbia04NqxIB2U19wM.jpg,4.4176,3,male,,,Sully; Leave No Trace; The Hills Have Eyes 2,actor; drama; history; horror,,,,,,,,,,,
Owen Wilson,887,https://image.tmdb.org/t/p/w500/lFxHIlcywMlYpe6wkW39sfBrqag.jpg,4.0631,3,male,,,Cars; Midnight in Paris; Cars 3,actor; comedy; animation; adventure,,,,,,,,,,,
Alexa Davalos,28109,https://image.tmdb.org/t/p/w500/d5R2gsdPwXvWyPYpYT4O5EcIqbC.jpg,4.1798,3,female,,,Clash of the Titans; The Man in the High Castle; The Chronicles of Riddick,actor; action; adventure; fantasy,,,,,,,,,,,
Joaquin Phoenix,73421,https://image.tmdb.org/t/p/w500/u38k3hQBDwNX0VA22aQceDp9Iyv.jpg,3.9847,3,male,,,Joker; Her; Gladiator,actor; drama; crime; thriller,,,,,,,,,,,
Hugh Laurie,41419,https://image.tmdb.org/t/p/w500/akArncggHnusP5jxzMBKmJDRrMo.jpg,3.9599,3,male,,,House; Tomorrowland; Monsters vs Aliens,actor; adventure; family; sci-fi,,,,,,,,,,,
Jeremy Renner,17604,https://image.tmdb.org/t/p/w500/yB84D1neTYXfWBaV0QOE9RF2VCu.jpg,4.2342,3,male,,,Arrival; Hansel & Gretel: Witch Hunters; The Hurt Locker,actor; drama; sci-fi; mystery,,,,,,,,,,,
Tony Jaa,57207,https://image.tmdb.org/t/p/w500/wsGEaIscm7y0nvJK39rR6SnkuLr.jpg,3.6101,3,male,,,Ong-Bak; Monster Hunter; Furious 7,actor; action; crime; fantasy,,,,,,,,,,,
Amanda Bynes,29220,https://image.tmdb.org/t/p/w500/7bpm17KLd3e7pfEDUBdu8kKtc14.jpg,3.7183,3,female,,,She's the Man; Easy A; What a Girl Wants,actor; comedy; romance; drama,,,,,,,,,,,
Rhea Seehorn,62765,https://image.tmdb.org/t/p/w500/2Nd62yjvUy7vtZB8AaYTtvEwtSe.jpg,4.2739,3,female,,,Better Call Saul; Pluribus; Bad Boys: Ride or Die,actor; crime; drama; action,,,,,,,,,,,
Odeya Rush,1121786,https://image.tmdb.org/t/p/w500/arO1c4YzhjlYcZdHpu41haGQvpQ.jpg,4.7102,3,female,,,Goosebumps; Lady Bird; The Giver,actor; comedy; drama; adventure,,,,,,,,,,,
Chloë Sevigny,2838,https://image.tmdb.org/t/p/w500/eM7KGAMCmZCzYDFV8gaSfknN675.jpg,4.4889,3,female,,,American Psycho; Zodiac; The Act,actor; crime; thriller; drama,,,,,,,,,,,
Aaron Taylor-Johnson,27428,https://image.tmdb.org/t/p/w500/1DtNaGrRwnBhm0jVCtE1xOb61TK.jpg,3.6532,3,male,,,Kick-Ass; Godzilla; Kick-Ass 2,actor; action; crime; drama,,,,,,,,,,,
Danielle Panabaker,31838,https://image.tmdb.org/t/p/w500/faX0EDc44GL5ZcsEcxTOBcfWpCP.jpg,3.8103,3,female,,,The Flash; Friday the 13th; Time Lapse,actor; thriller; drama; horror,,,,,,,,,,,
Geoffrey Lewis,18071,https://image.tmdb.org/t/p/w500/codb8rrsNqnsq3e0MHkH3kAAJwg.jpg,4.3540,3,male,,,Double Impact; Maverick; The Devil's Rejects,actor; drama; action; crime,,,,,,,,,,,
Kader Khan,174606,https://image.tmdb.org/t/p/w500/gf0v2N4xKNGDfHN5lxk7yxUEYQ3.jpg,3.8451,3,male,,,Dulhe Raja; Coolie No. 1; Hero No. 1,actor; comedy; romance; drama,,,,,,,,,,,
Nick Nolte,1733,https://image.tmdb.org/t/p/w500/jpYzFBi6zfn8CHVaXmqgiOTas4V.jpg,5.0070,3,male,,,Cape Fear; 48 Hrs.; Warrior,actor; drama; crime; action,,,,,,,,,,,
John Goodman,1230,https://image.tmdb.org/t/p/w500/yyYqoyKHO7hE1zpgEV2XlqYWcNV.jpg,4.1955,3,male,,,"Monsters, Inc.; 10 Cloverfield Lane; The Big Lebowski",actor; comedy; animation; family,,,,,,,,,,,
Minnie Driver,6613,https://image.tmdb.org/t/p/w500/OskQBuriLtKWNiCnLTHjMqV1ga.jpg,4.2450,3,female,,,Tarzan; Good Will Hunting; Sleepers,actor; drama; family; adventure,,,,,,,,,,,
William Levy,972671,https://image.tmdb.org/t/p/w500/dqFP6DYo2tJhFpQ4dopdrltjNcd.jpg,4.1919,3,male,,,In the Arms of an Assassin; Resident Evil: The Final Chapter; Don't Mess with the Angel,actor; romance; thriller; action,,,,,,,,,,,
María Valverde,77122,https://image.tmdb.org/t/p/w500/8taDDUCiyggIWhq8wGy2v0b9Nt8.jpg,4.1987,3,female,,,Three Steps Above Heaven; I Want You; Melissa P.,actor; drama; romance,,,,,,,,,,,
Dennis Quaid,6065,https://image.tmdb.org/t/p/w500/lMaDAJHzsKH7U3dln2B3kY3rOhE.jpg,4.2422,3,male,,,The Day After Tomorrow; Movie 43; The Parent Trap,actor; comedy; sci-fi; thriller,,,,,,,,,,,
Christopher Walken,4690,https://image.tmdb.org/t/p/w500/ApgDL7nudR9T2GpjCG4vESgymO2.jpg,3.7376,3,male,,,Catch Me If You Can; Click; Pulp Fiction,actor; drama; crime; comedy,,,,,,,,,,,
Dietmar Mössmer,39589,,4.7747,3,male,,,Asterix and Obelix vs. Caesar; Men in the City 2; Flashback,actor; comedy; family; adventure,,,,,,,,,,,
Joseph Gordon-Levitt,24045,https://image.tmdb.org/t/p/w500/z2FA8js799xqtfiFjBTicFYdfk.jpg,3.6190,3,male,,,Inception; (500) Days of Summer; Looper,actor; action; sci-fi; adventure,,,,,,,,,,,
Kumail Nanjiani,466505,https://image.tmdb.org/t/p/w500/nUIuTKmB855tdWKTNaHrdiLNuyg.jpg,3.3622,3,male,,,The Big Sick; Migration; Eternals,actor; comedy; adventure; drama,,,,,,,,,,,
Danilee Kelly Norris,51584,,3.5489,3,,,,"Walker, Texas Ranger: Trial by Fire",actor; action; thriller; crime,,,,,,,,,,,
Cemre Baysel,2065258,https://image.tmdb.org/t/p/w500/c6ftdtt8o8NCp5o8v7rJmmhlQ3C.jpg,4.5364,3,female,,,Leyla; The Beauty Inside; Twist of Fate,actor; drama; comedy,,,,,,,,,,,
Micaella Raz,3582449,https://image.tmdb.org/t/p/w500/xJqsMSJT9D7ggk1LT9oVu2qcdcg.jpg,3.9965,3,female,,,Sabel Is Still Young; Bedspacer; Sex Hub,actor; thriller; drama; action,,,,,,,,,,,
Brandon Sklenar,1855143,https://image.tmdb.org/t/p/w500/qhTP1AyBLfVc8KjBRo5v0O0Fo8K.jpg,4.5586,3,male,,,The Housemaid; It Ends with Us; Drop,actor; mystery; thriller; drama,,,,,,,,,,,
Diego Luna,8688,https://image.tmdb.org/t/p/w500/qwbjcyDN37OHiln4a6P4LP31o7F.jpg,4.1491,3,male,,,Rogue One: A Star Wars Story; The Book of Life; Elysium,actor; action; adventure; sci-fi,,,,,,,,,,,
Anthony Mackie,53650,https://image.tmdb.org/t/p/w500/kfTwOYr3iUucmYz8kPjhYy07G2Z.jpg,4.0261,3,male,,,The Falcon and the Winter Soldier; Captain America: Civil War; Ant-Man,actor; adventure; action; sci-fi,,,,,,,,,,,
Ahn Hyo-seop,1571598,https://image.tmdb.org/t/p/w500/ynu1x6RQnpKvsOLTvB2WhDo26D9.jpg,3.9310,3,male,,,Business Proposal; KPop Demon Hunters; A Time Called You,actor; comedy; drama; fantasy,,,,,,,,,,,
Seo Won,1781425,https://image.tmdb.org/t/p/w500/o63ks1H6KPe7wejGHyRHTnQcqEw.jpg,3.9776,3,female,,,Beauty Salon: Special Service; A Female Employee's Taste; Adultery Alumni Association 3,actor; romance; drama,,,,,,,,,,,
Miku Ito,1530921,https://image.tmdb.org/t/p/w500/kP7JBvveQO9ucYpmOvUNcW5RLAp.jpg,3.7474,3,female,,,The Quintessential Quintuplets; Gleipnir; The Quintessential Quintuplets Movie,actor; animation; comedy; drama,,,,,,,,,,,
Bao Shangen,3590388,https://image.tmdb.org/t/p/w500/mXe5qctfPpNJZQT42ROW0KZFp1P.jpg,3.6023,3,female,,,Youthful Glory; Whispers of Fate; Generation to Generation,actor; drama; mystery,,,,,,,,,,,
Fung Fung,1191785,https://image.tmdb.org/t/p/w500/qXccBhTd11OQONsz09gC34mgCj2.jpg,4.1333,3,male,,,The Young Master; Dragon Lord; We're Going to Eat You,actor; action; comedy; horror,,,,,,,,,,,
Constance Zimmer,156204,https://image.tmdb.org/t/p/w500/6lnaGnzw6ZBwomgdjN1cGqp7HNq.jpg,4.0656,3,female,,,House of Cards; Entourage; Condor,actor; drama; comedy; crime,,,,,,,,,,,
Lisa Kudrow,14406,https://image.tmdb.org/t/p/w500/ziatnwJRiBJIcc8jlk6xoClhfOy.jpg,4.4484,3,female,,,Friends; The Boss Baby; P.S. I Love You,actor; comedy; animation; family,,,,,,,,,,,
Nick Swardson,32907,https://image.tmdb.org/t/p/w500/eyZkNQvpvNzYBg9oXh2IM6zOE5G.jpg,4.0246,3,male,,,Just Go with It; You Don't Mess with the Zohan; Bolt,actor; comedy; romance; action,,,,,,,,,,,
Norman Reedus,4886,https://image.tmdb.org/t/p/w500/ozHPdO5jAt7ozzdZUgyRAMNPSDW.jpg,4.0070,3,male,,,The Walking Dead; Blade II; The Boondock Saints,actor; action; thriller; drama,,,,,,,,,,,
Rupert Friend,36669,https://image.tmdb.org/t/p/w500/a3HeMHmlXnoRlHLX9h31ZdZgCXM.jpg,3.7580,3,male,,,Hitman: Agent 47; The Boy in the Striped Pyjamas; A Simple Favor,actor; thriller; action; crime,,,,,,,,,,,
Eddy Ko Hung,612216,https://image.tmdb.org/t/p/w500/1Zsn0zSmo5AS5p527XDaZvD0i3y.jpg,4.5080,3,male,,,The Martian; Lethal Weapon 4; Heroes Shed No Tears,actor; drama; action; sci-fi,,,,,,,,,,,
Takako Honda,79004,https://image.tmdb.org/t/p/w500/LekbnCX6TcabG3EjSOKOgIGrvJ.jpg,5.9189,3,female,,,Naruto Shippūden; Naruto the Movie: Legend of the Stone of Gelel; Bleach,actor; animation; adventure; fantasy,,,,,,,,,,,
Michelle Williams,1812,https://image.tmdb.org/t/p/w500/jn3BVMVbIptz2gc6Fhxo1qwJVvW.jpg,3.9659,3,female,,,Venom; Shutter Island; Venom: Let There Be Carnage,actor; sci-fi; action; drama,,,,,,,,,,,
Elisabeth Röhm,126932,https://image.tmdb.org/t/p/w500/hIlBBZD2Rou4to1OauI799jV1UH.jpg,3.6537,3,female,,,American Hustle; Joy; Abduction,actor; drama; crime; comedy,,,,,,,,,,,
Sterling K. Brown,1225953,https://image.tmdb.org/t/p/w500/vjFATaJfAyBie56J4Qv2DQ9Dyem.jpg,3.8028,3,male,,,Black Panther; Frozen II; The Predator,actor; action; adventure; sci-fi,,,,,,,,,,,
Amandla Stenberg,561869,https://image.tmdb.org/t/p/w500/dGqTcwLVoVOqU6Ckp8igV3wD0CW.jpg,4.1938,3,non-binary,,,"Everything, Everything; The Darkest Minds; The Hate U Give",actor; drama; romance; action,,,,,,,,,,,
Lee Jun-young,1904058,https://image.tmdb.org/t/p/w500/zH8kiGox6n3FD82MKEhUq79X6gj.jpg,4.0220,3,male,,,Badland Hunters; Love and Leashes; Brave Citizen,actor; action; comedy; adventure,,,,,,,,,,,
Mohamed Emam,227023,https://image.tmdb.org/t/p/w500/dYaBJi6ggVZnBbnycJ1IdDsfgR.jpg,4.0379,3,male,,,The Night of Hana and Sorour; The Thief of Baghdad; Their Uncle,actor; comedy; action; adventure,,,,,,,,,,,
Mara Venier,225550,https://image.tmdb.org/t/p/w500/offh2VeyKKGPBRhRVkehVT2e5Hv.jpg,3.8454,3,female,,,At the Sports Bar; Diamonds; Paparazzi,actor; comedy; drama,,,,,,,,,,,
Dave Franco,54697,https://image.tmdb.org/t/p/w500/d0I1BgNBAVvLJEDSfmyNVjYWPZE.jpg,3.9529,3,male,,,Now You See Me; The Disaster Artist; Nerve,actor; crime; thriller; comedy,,,,,,,,,,,
Rebecca De Mornay,28412,https://image.tmdb.org/t/p/w500/zC2RrrdZv4UKUtHgCfKD6bJY1Qy.jpg,3.9516,3,female,,,Flipped; Risky Business; The Hand That Rocks the Cradle,actor; drama; romance; comedy,,,,,,,,,,,
Luis Guzmán,40481,https://image.tmdb.org/t/p/w500/kSdxUckOJj9R5VKrLUnRy14YhNV.jpg,3.9503,3,male,,,Journey 2: The Mysterious Island; We're the Millers; Anger Management,actor; comedy; adventure; action,,,,,,,,,,,
Anthony Stewart Head,34257,https://image.tmdb.org/t/p/w500/eRfRWnoipu1Tx84fcuOEdfR87qb.jpg,3.4030,3,male,,,Percy Jackson: Sea of Monsters; Ghost Rider: Spirit of Vengeance; A Street Cat Named Bob,actor; family; fantasy; adventure,,,,,,,,,,,
Özge Törer,2462819,https://image.tmdb.org/t/p/w500/kHe6iJCGEgDuGl0Hdii9lzSIjOf.jpg,4.5574,3,female,,,Kuruluş Osman,actor; drama,,,,,,,,,,,
Yumiri Hanamori,1565358,https://image.tmdb.org/t/p/w500/zXVwGxsxwEvL1f6wxzTYtxytjDn.jpg,4.0037,3,female,,,Hell's Paradise; Kaguya-sama: Love Is War; RADIANT,actor; animation; comedy,,,,,,,,,,,
Christina Hendricks,110014,https://image.tmdb.org/t/p/w500/nwSh3NXQtUT3joHbCVwLvOoBxJG.jpg,4.0033,3,female,,,Drive; Toy Story 4; The Strangers: Prey at Night,actor; thriller; drama; crime,,,,,,,,,,,
Sophie Thompson,32990,https://image.tmdb.org/t/p/w500/tRPHovRBLwZTeWodLBqUD2arrlH.jpg,4.0024,3,female,,,Harry Potter and the Deathly Hallows: Part 1; Four Weddings and a Funeral; Emma,actor; comedy; drama; romance,,,,,,,,,,,
Kiefer Sutherland,2628,https://image.tmdb.org/t/p/w500/tK5zjdvao2NELns3bqT7PPqPeJI.jpg,4.0021,3,male,,,Phone Booth; Mirrors; 24,actor; crime; thriller; horror,,,,,,,,,,,
Bobby Cannavale,21127,https://image.tmdb.org/t/p/w500/wlp20ggyNI7x0xGUtTjC2Xl2XmD.jpg,4.0009,3,male,,,Ant-Man; Jumanji: Welcome to the Jungle; Ant-Man and the Wasp,actor; adventure; action; sci-fi,,,,,,,,,,,
Krsy Fox,2829463,https://image.tmdb.org/t/p/w500/6bRT5c4MoP7yP3yza5HFdV9ajra.jpg,3.9992,3,female,,,Terrifier 3; Underworld: Evolution; Little Bites,actor; horror; thriller; fantasy,,,,,,,,,,,
Toshiyuki Morikawa,9706,https://image.tmdb.org/t/p/w500/hrzGBe4nokgkBNFekNo5hlXB2Bv.jpg,3.9990,3,male,,,Road to Ninja: Naruto the Movie; Demon Slayer -Kimetsu no Yaiba- The Movie: Mugen Train; Naruto,actor; animation; fantasy; action,,,,,,,,,,,
Karl Malden,9857,https://image.tmdb.org/t/p/w500/njDua2jZ1X1f5SYLzpxDt0hIhYu.jpg,3.9989,3,male,,,Patton; On the Waterfront; A Streetcar Named Desire,actor; drama; war; history,,,,,,,,,,,
Hassie Harrison,1499908,https://image.tmdb.org/t/p/w500/cUu16UFtcmAJwyge5g5sbMstZCc.jpg,3.9985,3,female,,,Dangerous Animals; A-X-L; Southbound,actor; horror; thriller; sci-fi,,,,,,,,,,,
Ana Obregón,46422,https://image.tmdb.org/t/p/w500/patqH4jnE7DXInq5o7ljVe66tMX.jpg,3.9975,3,female,,,Bolero; Treasure of the Four Crowns; Ana y los 7,actor; drama; romance; adventure,,,,,,,,,,,
Craig Butta,1141413,https://image.tmdb.org/t/p/w500/5cLzJwLv2PZ8r1MfGGc24FHsoY7.jpg,3.9968,3,,,,Queen of Earth; Listen Up Philip; The Color Wheel,actor; drama; comedy; thriller,,,,,,,,,,,
Saoirse Ronan,36592,https://image.tmdb.org/t/p/w500/w88uhQ5f8CXw9pQx5HtDrDpzQ4x.jpg,3.9962,3,female,,,Lady Bird; Little Women; The Lovely Bones,actor; drama; comedy; romance,,,,,,,,,,,
Brendan Gleeson,2039,https://image.tmdb.org/t/p/w500/ctPPJu5ZYDZr1IPmzoNpezczrm0.jpg,3.9953,3,male,,,Harry Potter and the Goblet of Fire; Edge of Tomorrow; In Bruges,actor; adventure; fantasy; action,,,,,,,,,,,
Mahershala Ali,932967,https://image.tmdb.org/t/p/w500/9ZmSejm5lnUVY5IJ1iNx2QEjnHb.jpg,3.9950,3,male,,,Green Book; Spider-Man: Into the Spider-Verse; Alita: Battle Angel,actor; action; adventure; sci-fi,,,,,,,,,,,
Elspeth Ballantyne,77564,https://image.tmdb.org/t/p/w500/qo7dxyXyz11b0sY7RPT6C0P61RD.jpg,3.9941,3,female,,,Prisoner; Selkie; Boronia Boys,actor; drama; adventure; family,,,,,,,,,,,
Alia Bhatt,1108120,https://image.tmdb.org/t/p/w500/RBnTJPegPFLBS4VPsNLbf6iAoD.jpg,3.6588,3,female,,,Heart of Stone; Dear Zindagi; RRR,actor; action; drama; crime,,,,,,,,,,,
Yeon Woo,1875826,https://image.tmdb.org/t/p/w500/aXroCR7GA9DKnTxppJComTHrRvC.jpg,4.1160,3,female,,,Dali & Cocky Prince; The Golden Spoon; The Tale of Lady Ok,actor; drama; comedy; mystery,,,,,,,,,,,
Matthias Schweighöfer,16808,https://image.tmdb.org/t/p/w500/i4c5JjvC5EpecZbp4J96mFmtm0Z.jpg,3.8863,3,male,,,Army of Thieves; Army of the Dead; Brick,actor; action; crime; comedy,,,,,,,,,,,
Lisseth Chavez,1600095,https://image.tmdb.org/t/p/w500/fFnGQVFGAtTZcmLAr7XuUhvtjEW.jpg,3.7011,3,female,,,The Rookie; Chicago P.D.; DC's Legends of Tomorrow,actor; drama; crime; comedy,,,,,,,,,,,
Deborah Shelton,39574,https://image.tmdb.org/t/p/w500/xvdBc5dG1gseCG2Y9wGdriFU7La.jpg,4.6190,3,female,,,Body Double; Nemesis; Plughead Rewired: Circuitry Man II,actor; thriller; sci-fi; crime,,,,,,,,,,,
Ian McKellen,1327,https://image.tmdb.org/t/p/w500/coWjgMEYJjk2OrNddlXCBm8EIr3.jpg,3.9799,3,male,,,The Hobbit: The Battle of the Five Armies; The Hobbit: The Desolation of Smaug; The Lord of the Rings: The Fellowship of the Ring,actor; action; adventure; fantasy,,,,,,,,,,,
Rhona Mitra,25702,https://image.tmdb.org/t/p/w500/1YThpok3Wk3BBy0pcUTcpuZyOBB.jpg,4.0163,3,female,,,Underworld: Rise of the Lycans; Doomsday; Shooter,actor; action; thriller; fantasy,,,,,,,,,,,
Chiu Wai,2768148,https://image.tmdb.org/t/p/w500/9rNCTMsKScI4IuhSqyye22X2kpQ.jpg,3.9914,3,female,,,Daughter of Darkness; The Love That is Wrong; My Pale Lover,actor; thriller; comedy; horror,,,,,,,,,,,
Charles Dance,4391,https://image.tmdb.org/t/p/w500/3xHwq5lchAI6mfW0aGQOEijexv6.jpg,4.2847,3,male,,,Me Before You; The Imitation Game; Alien³,actor; drama; romance; history,,,,,,,,,,,
James McAvoy,5530,https://image.tmdb.org/t/p/w500/u4REKbm3zhFI2J5tVyqRovGRYUJ.jpg,3.5920,3,male,,,Split; X-Men: Apocalypse; X-Men: First Class,actor; action; adventure; sci-fi,,,,,,,,,,,
Jane Seymour,10223,https://image.tmdb.org/t/p/w500/5ATnv4BV9FZbL6hsqH40TijIINK.jpg,3.8215,3,female,,,"Wedding Crashers; Live and Let Die; Dr. Quinn, Medicine Woman",actor; comedy; romance; adventure,,,,,,,,,,,
Lily Rabe,4888,https://image.tmdb.org/t/p/w500/c8doPpVetR7wzEMvwsyDBRiVmF9.jpg,3.7753,3,female,,,Fractured; American Horror Story; Vice,actor; drama; thriller; mystery,,,,,,,,,,,
Atsuko Tanaka,34923,https://image.tmdb.org/t/p/w500/pacuup8TMK9SFsSJOY8jlbyzkFt.jpg,3.4901,3,female,,,Ghost in the Shell; Ghost in the Shell 2: Innocence; Ghost in the Shell 2.0,actor; animation; sci-fi; action,,,,,,,,,,,
Elizabeth Mitchell,31167,https://image.tmdb.org/t/p/w500/tpagVmiCbOQ8CPiRxF5MuZGfZGV.jpg,3.7238,3,female,,,The Purge: Election Year; V; The Santa Clause 3: The Escape Clause,actor; action; horror; thriller,,,,,,,,,,,
Kieran Culkin,18793,https://image.tmdb.org/t/p/w500/b5EC4nziLhBRX4GOcYx2BdS3FTt.jpg,3.5131,3,male,,,Scott Pilgrim vs. the World; Home Alone; A Real Pain,actor; comedy; action; romance,,,,,,,,,,,
Taylor Dearden,1731714,https://image.tmdb.org/t/p/w500/4oIL97ha0B4Gmp5tf4VUsqsWQUa.jpg,3.9635,3,female,,,The Pitt; Breaking Bad; Sweet/Vicious,actor; drama; crime; comedy,,,,,,,,,,,
Christian Convery,1721268,https://image.tmdb.org/t/p/w500/tOR2tSrvHPVDltE4jBDEva3GNqY.jpg,3.5823,3,male,,,Sweet Tooth; Beautiful Boy; The Monkey,actor; drama; horror; comedy,,,,,,,,,,,
Oluniké Adeliyi,1431050,https://image.tmdb.org/t/p/w500/mhyvUy5d9ZaEXfziSnKBEnDxJKh.jpg,4.1368,3,female,,,Saw 3D; The Prodigy; She Never Died,actor; horror; crime; thriller,,,,,,,,,,,
Mike Krüger,38841,https://image.tmdb.org/t/p/w500/AbI5VbB7jiCqdbQPRk8f57mpza1.jpg,4.1934,3,male,,,Die Supernasen; Zwei Nasen tanken Super; Piratensender Powerplay,actor; comedy,,,,,,,,,,,
Fritz Weaver,6839,https://image.tmdb.org/t/p/w500/gjudPIeWyMJaxDvkRgx0HoTf2zG.jpg,4.2486,3,male,,,Creepshow; Marathon Man; Fail Safe,actor; thriller; drama; horror,,,,,,,,,,,
Jackie Hoffman,5385,https://image.tmdb.org/t/p/w500/jtvytvZxpRwGlJQxVMkvYRLjGWo.jpg,4.1064,3,female,,,Glass Onion: A Knives Out Mystery; Birdman or (The Unexpected Virtue of Ignorance); Garden State,actor; comedy; drama; crime,,,,,,,,,,,
Jamie Campbell Bower,83356,https://image.tmdb.org/t/p/w500/jVAkrPb3lNHZLerfzVxTzh170L7.jpg,3.2744,3,male,,,The Mortal Instruments: City of Bones; Stranger Things; Sweeney Todd: The Demon Barber of Fleet Street,actor; mystery; fantasy; action,,,,,,,,,,,
Basil Joseph,1501875,https://image.tmdb.org/t/p/w500/u4I4GJRgYtWWrkhYH9aeawjfKeO.jpg,4.0968,3,male,,,Ponman; Falimy; Jan-e-Man,actor; drama; comedy; thriller,,,,,,,,,,,
Jin Si-ah,2112856,https://image.tmdb.org/t/p/w500/mttWtilYzrmYuX92WZvJYXTwcOF.jpg,3.8057,3,female,,,Young Mother: The Original; Secret Love: My Friend's Mom; Stepmom 2019,actor; romance; drama,,,,,,,,,,,
Judy Pace,101948,https://image.tmdb.org/t/p/w500/hs5ifVyquDq2gTepS1BtiStF4sE.jpg,2.7332,3,female,,,Frogs; The Thomas Crown Affair; The Fortune Cookie,actor; crime; horror; romance,,,,,,,,,,,
Isabelle Mergault,64534,https://image.tmdb.org/t/p/w500/xYjD8jxdUbtWH2rQzJF101IjyVE.jpg,4.0241,3,female,,,Accidental Family; Diva; P.R.O.F.S.,actor; drama; comedy; action,,,,,,,,,,,
Kei Fubuki,4620053,,3.6818,3,female,,,"Shape of My Heart; 18 Years Old, Spinning Together; Musou",actor; romance; drama; documentary,,,,,,,,,,,
Andie MacDowell,1533,https://image.tmdb.org/t/p/w500/9cHkxsdcsO7dmKLtsJhK3c0mnNy.jpg,3.9988,3,female,,,Groundhog Day; Four Weddings and a Funeral; Ready or Not,actor; comedy; romance; fantasy,,,,,,,,,,,
Aaron Paul,84497,https://image.tmdb.org/t/p/w500/8Ac9uuoYwZoYVAIJfRLzzLsGGJn.jpg,3.4717,3,male,,,Breaking Bad; El Camino: A Breaking Bad Movie; Need for Speed,actor; drama; crime; thriller,,,,,,,,,,,
Brendan Fraser,18269,https://image.tmdb.org/t/p/w500/tFj5PaWWQbb8rHBBhu1EHklznph.jpg,3.7599,3,male,,,The Mummy; The Mummy Returns; Journey to the Center of the Earth,actor; adventure; action; fantasy,,,,,,,,,,,
Kıvanç Tatlıtuğ,1078769,https://image.tmdb.org/t/p/w500/rs7Z3PKa82UhKGQLrBNAy0JAWV5.jpg,3.9175,3,male,,,The Butterfly's Dream; Yakamoz S-245; Chokehold,actor; drama; history; thriller,,,,,,,,,,,
Dhanush,550165,https://image.tmdb.org/t/p/w500/7bI9oy1BXIk58hsOK8WfN5g0i1P.jpg,4.1734,3,male,,,The Gray Man; The Extraordinary Journey of the Fakir; Raanjhanaa,actor; drama; action; thriller,,,,,,,,,,,
Matthew Macfadyen,15576,https://image.tmdb.org/t/p/w500/sFaIfkykJdftwrc3BdEfpdg2mYW.jpg,3.4896,3,male,,,Pride & Prejudice; Deadpool & Wolverine; Death at a Funeral,actor; drama; comedy; romance,,,,,,,,,,,
Christopher Lloyd,1062,https://image.tmdb.org/t/p/w500/nxVjpyb3UrfbPZnEyDNlQVlFAs5.jpg,4.3032,3,male,,,Back to the Future; Back to the Future Part II; Back to the Future Part III,actor; adventure; comedy; sci-fi,,,,,,,,,,,
Aldis Hodge,83860,https://image.tmdb.org/t/p/w500/enDU0pemco1mFxxdLKUzWakC6sk.jpg,3.5359,3,male,,,Black Adam; The Invisible Man; Jack Reacher: Never Go Back,actor; action; sci-fi; thriller,,,,,,,,,,,
Gerran Howell,1234583,https://image.tmdb.org/t/p/w500/ssyzz4yiGtbHOghoSYZIqQBEh4d.jpg,3.8248,3,male,,,1917; The Pitt; Emerald City,actor; drama; war; history,,,,,,,,,,,
Jerry O'Connell,3035,https://image.tmdb.org/t/p/w500/p2zcFeDIKUrPrbT5ODqoLifdN3Q.jpg,3.4372,3,male,,,Stand by Me; The Death and Return of Superman; Piranha 3D,actor; crime; drama; sci-fi,,,,,,,,,,,
Arulnithi,1124584,https://image.tmdb.org/t/p/w500/qPPpqRFXnyfnd7JytR7NOLNyGCQ.jpg,3.9103,3,male,,,Demonte Colony; Demonte Colony 2; Iravukku Aayiram Kangal,actor; horror; thriller; action,,,,,,,,,,,
Helena Law Lan,548053,https://image.tmdb.org/t/p/w500/fRKqfqmZgjfMdxoSQl5zZLsr4Bd.jpg,3.7419,3,female,,,Flash Point; Cook Up a Storm; The Heroine,actor; action; comedy; drama,,,,,,,,,,,
Martin Henderson,26291,https://image.tmdb.org/t/p/w500/avJFARzEPaB24rKQUYLinGQqilL.jpg,3.5555,3,male,,,The Ring; X; Torque,actor; horror; mystery; thriller,,,,,,,,,,,
Patrick Wilson,17178,https://image.tmdb.org/t/p/w500/oym6H2QD9esk4yABjCHaUoNAOa8.jpg,3.3249,3,male,,,Insidious; The Conjuring; Watchmen,actor; horror; thriller; mystery,,,,,,,,,,,
Zach Galifianakis,58225,https://image.tmdb.org/t/p/w500/ncBSLoNUufKpg7vzx1gCtjhst8i.jpg,3.6829,3,male,,,The Hangover; Birdman or (The Unexpected Virtue of Ignorance); The Hangover Part II,actor; comedy; drama,,,,,,,,,,,
Barış Arduç,1397246,https://image.tmdb.org/t/p/w500/dmBfLOO1Rp1zakhi8iVUzKQp84.jpg,4.0914,3,male,,,The Club; Love for Rent; Chasing the Wind,actor; drama; comedy; romance,,,,,,,,,,,
Pardis Ahmadieh,1751973,https://image.tmdb.org/t/p/w500/lFsK2mDPJpvlSntb22B9jHHNIhK.jpg,3.6724,3,female,,,Red Nail Polish; No Choice; Asphyxia,actor; drama; crime,,,,,,,,,,,
Tom Skerritt,4139,https://image.tmdb.org/t/p/w500/oWFCyBLm1lsbsbT5Nmx3SPMaqFZ.jpg,3.8962,3,male,,,Alien; Top Gun; Contact,actor; sci-fi; drama; horror,,,,,,,,,,,
Ren Hao,3148767,https://image.tmdb.org/t/p/w500/4oJ4aeawiuuFy0JCIB6jTSr5GQv.jpg,3.6486,3,male,,,A Date With the Future; A Female Student Arrives at the Imperial College; Everlasting Longing,actor; drama; mystery; comedy,,,,,,,,,,,
Jenna Dewan,20381,https://image.tmdb.org/t/p/w500/8zZkN1ewGxN8MHiqB8lRmBle8yf.jpg,3.9479,3,female,,,Step Up; 10 Years; Tamara,actor; drama; music; romance,,,,,,,,,,,
Alokananda Guha,3618290,https://image.tmdb.org/t/p/w500/feXUlxIUgNU5tcXpP5W7UC4Be6n.jpg,4.2509,3,female,,,Lawho Gouranger Naam Rey; Aay Tobe Sohochori,actor; drama; history,,,,,,,,,,,
Michael C. Hall,53820,https://image.tmdb.org/t/p/w500/7zUMGoujuev5PUwwv4Gl6ikB50k.jpg,3.8657,3,male,,,Dexter; Dexter: New Blood; Gamer,actor; crime; drama; mystery,,,,,,,,,,,
Zhai Xiaowen,3133673,https://image.tmdb.org/t/p/w500/sX4Fhh35IZxJwultxPSilG8C8Ng.jpg,3.6318,3,male,,,Falling Into Your Smile; The First Frost; Always Home,actor; drama; comedy,,,,,,,,,,,
Crystle Stewart,1229605,https://image.tmdb.org/t/p/w500/oSjX5e50fzbKs2erutpYsR152r4.jpg,6.1515,3,female,,,Acrimony; Beauty in Black; Tyler Perry's For Better or Worse,actor; drama; thriller; comedy,,,,,,,,,,,
Damson Idris,1837297,https://image.tmdb.org/t/p/w500/y0dcRs4GF6Xx23OxDr1ytc8thlL.jpg,3.8376,3,male,,,F1; Outside the Wire; Snowfall,actor; action; drama; thriller,,,,,,,,,,,
Asami Kanno,1260846,https://image.tmdb.org/t/p/w500/apZNhSmx2EeJyN6sXAttvKQYOzy.jpg,3.3483,3,female,,,New Golden Lotus; New Golden Lotus III; Devil Angel,actor; drama; crime; romance,,,,,,,,,,,
Noah Jupe,1590759,https://image.tmdb.org/t/p/w500/cBhJisZrIsZzamiUCVjOZODcqOK.jpg,4.1978,3,male,,,A Quiet Place; A Quiet Place Part II; Wonder,actor; horror; drama; sci-fi,,,,,,,,,,,
Sung Dong-il,1020859,https://image.tmdb.org/t/p/w500/9VLRIvOyQSHkpJaeaBcmHzcEUQn.jpg,3.4426,3,male,,,200 Pounds Beauty; Metamorphosis; Midnight Runners,actor; comedy; drama; romance,,,,,,,,,,,
Jon Favreau,15277,https://image.tmdb.org/t/p/w500/tnx7iMVydPQXGOoLsxXl84PXtbA.jpg,4.0874,3,male,,,Spider-Man: Homecoming; Spider-Man: No Way Home; Iron Man 3,actor; action; adventure; sci-fi,,,,,,,,,,,
Christina Applegate,18979,https://image.tmdb.org/t/p/w500/ncWS3iguCMCQ53ewacGpMGA6MHv.jpg,3.7954,3,female,,,Anchorman: The Legend of Ron Burgundy; Vacation; Bad Moms,actor; comedy; adventure,,,,,,,,,,,
Bahar Şahin,2022593,https://image.tmdb.org/t/p/w500/wmKThS670NeTYlAcQ6nryga2BRL.jpg,2.3834,3,female,,,My Travel Buddy 2; My Travel Buddy; Oha Diyorum,actor; comedy; family,,,,,,,,,,,
Vivek,85523,https://image.tmdb.org/t/p/w500/z4fZ22hnBz6W8mBNDvhtFbJErmK.jpg,3.2317,3,male,,,Sivaji: The Boss; Anniyan; Vellai Pookal,actor; drama; action; thriller,,,,,,,,,,,
Sasha Alexander,64154,https://image.tmdb.org/t/p/w500/2K3v9aG4JYJtsvZK6MeIhPU7t47.jpg,3.8147,3,female,,,Yes Man; Mission: Impossible III; NCIS,actor; comedy; romance; adventure,,,,,,,,,,,
Annette Bening,516,https://image.tmdb.org/t/p/w500/sBiiRwAVXd0FCRZ87m0I89qGBvy.jpg,3.7326,3,female,,,American Beauty; Captain Marvel; Mars Attacks!,actor; sci-fi; drama; action,,,,,,,,,,,
Simon Yam,20519,https://image.tmdb.org/t/p/w500/eilxjMhfobctnzZ0kBcFmnqtFyd.jpg,3.6740,3,male,,,Ip Man; Lara Croft: Tomb Raider - The Cradle of Life; Ip Man 2,actor; action; drama; history,,,,,,,,,,,
Joe Anoa'i,1170011,https://image.tmdb.org/t/p/w500/6BKc77eAUBQdL9MmgBorBc4SMdE.jpg,3.8807,3,male,,,Fast & Furious Presents: Hobbs & Shaw; WWE Friday Night SmackDown; Zootopia 2,actor; adventure; comedy; action,,,,,,,,,,,
Kyoka Suzuki,82898,https://image.tmdb.org/t/p/w500/pVyxm3k1wGnje020iZdXQOLwv7C.jpg,3.4473,3,female,,,Zebraman; Burn the House Down; Bullet Ballet,actor; drama; comedy; action,,,,,,,,,,,
Venkatesh,88166,https://image.tmdb.org/t/p/w500/t5PWjy177ZTUM6wdjaVjqp5FLJq.jpg,3.8810,3,male,,,Seethamma Vakitlo Sirimalle Chettu; F2: Fun and Frustration; Nuvvu Naaku Nachav,actor; family; drama; comedy,,,,,,,,,,,
Brooke Shields,15110,https://image.tmdb.org/t/p/w500/qpLcTp5D6t0S0TtNK85VOYwDmTL.jpg,3.9339,3,female,,,The Blue Lagoon; The Midnight Meat Train; Pretty Baby,actor; drama; adventure; romance,,,,,,,,,,,
Linda Hamilton,2713,https://image.tmdb.org/t/p/w500/7FNn9Z5xkRS9EFbGL2tpmpph9xV.jpg,3.6011,3,female,,,Terminator 2: Judgment Day; Terminator: Dark Fate; The Terminator,actor; action; thriller; sci-fi,,,,,,,,,,,
Jesse Eisenberg,44735,https://image.tmdb.org/t/p/w500/yYhwWRcxDHTn63gSEF1vnDAD7cD.jpg,3.3325,3,male,,,Now You See Me; Zombieland; The Social Network,actor; thriller; crime; comedy,,,,,,,,,,,
Linda Darnell,30289,https://image.tmdb.org/t/p/w500/x7AhKFIhDfBrzFGf4HIKoUCQH1y.jpg,2.4315,3,female,,,My Darling Clementine; The Mark of Zorro; A Letter to Three Wives,actor; romance; drama; western,,,,,,,,,,,
Wesley Snipes,10814,https://image.tmdb.org/t/p/w500/iDmPuZXAGheRMbMyB80acMWYJ2s.jpg,3.5754,3,male,,,Blade; Blade II; Blade: Trinity,actor; horror; action; fantasy,,,,,,,,,,,
Seann William Scott,57599,https://image.tmdb.org/t/p/w500/mKc2YXdh8d4U2jYDwpLWaOY6Jwg.jpg,3.5628,3,male,,,American Wedding; Role Models; Ice Age: The Meltdown,actor; comedy; romance; animation,,,,,,,,,,,
Joseph Quinn,1597365,https://image.tmdb.org/t/p/w500/zshhuioZaH8S5ZKdMcojzWi1ntl.jpg,3.8633,3,male,,,A Quiet Place: Day One; Gladiator II; The Fantastic 4: First Steps,actor; sci-fi; action; adventure,,,,,,,,,,,
Simon Pegg,11108,https://image.tmdb.org/t/p/w500/jw8bEEoTOithyNf0qxu4Zt1yaKp.jpg,4.0107,3,male,,,Shaun of the Dead; Hot Fuzz; Paul,actor; comedy; horror; crime,,,,,,,,,,,
Yen Renee Durano,3775927,https://image.tmdb.org/t/p/w500/15rjYCmWsc4oFfr6lrk05SrIw7x.jpg,3.4971,3,female,,,Litsoneras; Summer; Ganti-Ganti,actor; drama; romance; thriller,,,,,,,,,,,
Alaina Pollack,4905567,,3.4028,3,female,,,The Madison; The Surrender; On Call,actor; drama; western; horror,,,,,,,,,,,
Mary McDonnell,1581,https://image.tmdb.org/t/p/w500/qqdaaFLEPXbB8thVJJkYJ4WoAuj.jpg,3.6412,3,female,,,Independence Day; Dances with Wolves; Donnie Darko,actor; adventure; drama; action,,,,,,,,,,,
Takehito Koyasu,84508,https://image.tmdb.org/t/p/w500/8uBkNDKPNmp9JWgMUI02NVyfhi1.jpg,4.0674,3,male,,,Attack on Titan; BAKI; Sword Art Online,actor; animation; crime; drama,,,,,,,,,,,
Lochlyn Munro,58058,https://image.tmdb.org/t/p/w500/bOJ03k0oe2R6snRgzV8M4Qtoo4O.jpg,3.2220,3,male,,,Scary Movie; White Chicks; Freddy vs. Jason,actor; comedy; crime; horror,,,,,,,,,,,
Laurence Fishburne,2975,https://image.tmdb.org/t/p/w500/2GbXERENPpl5MmlqOLlPVaVtifD.jpg,4.0821,3,male,,,The Matrix; The Matrix Reloaded; The Matrix Revolutions,actor; action; sci-fi; adventure,,,,,,,,,,,
Natalie Wood,2769,https://image.tmdb.org/t/p/w500/6me9oS7GV1VjejWV61XD6y7fVA1.jpg,3.0257,3,female,,,West Side Story; Rebel Without a Cause; The Searchers,actor; drama; crime; romance,,,,,,,,,,,
Jonathan Banks,783,https://image.tmdb.org/t/p/w500/bswk26L13PvY4iMTwUTAsepXCLv.jpg,3.5553,3,male,,,Better Call Saul; Breaking Bad; The Commuter,actor; crime; drama; action,,,,,,,,,,,
Emily Deschanel,25933,https://image.tmdb.org/t/p/w500/lU6NK06ZLfNSA8pV5flxOp4YBXN.jpg,3.9848,3,female,,,Bones; Spider-Man 2; Boogeyman,actor; drama; crime; action,,,,,,,,,,,
James Le Gros,6474,https://image.tmdb.org/t/p/w500/q7AgI7xjFDSQPlilkT17YddAc93.jpg,3.4893,3,male,,,Zodiac; Point Break; Phantasm II,actor; thriller; crime; action,,,,,,,,,,,
Freddie Highmore,1281,https://image.tmdb.org/t/p/w500/9larfGVg8ALIVFkr7cZzv4Emh1F.jpg,3.8370,3,male,,,The Good Doctor; Charlie and the Chocolate Factory; Arthur and the Invisibles,actor; adventure; family; fantasy,,,,,,,,,,,
Yerin Ha,2611199,https://image.tmdb.org/t/p/w500/8U1zgiMjp7Ilglmu9NggwvDc6xe.jpg,3.4826,3,female,,,Bridgerton; Halo; The Survivors,actor; drama; mystery,,,,,,,,,,,
Mia Wasikowska,76070,https://image.tmdb.org/t/p/w500/xOYlAZsLwFZ0gNHLnt1Hzuo2yqN.jpg,3.5862,3,female,,,Alice in Wonderland; Alice Through the Looking Glass; Crimson Peak,actor; family; fantasy; adventure,,,,,,,,,,,
Vadivelu,91549,https://image.tmdb.org/t/p/w500/sgrnhPeUBocXnFVdCx0NJ5QCOFb.jpg,4.0077,3,male,,,Naai Sekar Returns; Maamannan; Maareesan,actor; drama; thriller; comedy,,,,,,,,,,,
Park Min-young,1234603,https://image.tmdb.org/t/p/w500/5Op0Gx0DULFLHtGdWVdqnYdwkAS.jpg,3.1974,3,female,,,Marry My Husband; What's Wrong with Secretary Kim; Forecasting Love and Weather,actor; drama; comedy,,,,,,,,,,,
Helen Hunt,9994,https://image.tmdb.org/t/p/w500/bdhW2Ra84cJG3B5RDzUO6niUTO7.jpg,3.7295,3,female,,,Cast Away; Twister; What Women Want,actor; adventure; drama; action,,,,,,,,,,,
Bo Derek,37995,https://image.tmdb.org/t/p/w500/mmCo56529hEkYZ2KV9ilWS8HXRX.jpg,3.7372,3,female,,,Tommy Boy; Orca; Tarzan the Ape Man,actor; comedy; horror; thriller,,,,,,,,,,,
Benjamin Bratt,4589,https://image.tmdb.org/t/p/w500/hBenHPT4iJEG2kt5z2TOGnkRZwh.jpg,3.4683,3,male,,,Coco; Despicable Me 2; Doctor Strange,actor; family; animation; adventure,,,,,,,,,,,
Ellen Pompeo,9280,https://image.tmdb.org/t/p/w500/yPd4G2RcjXQPNWkKUPbWh5v1flC.jpg,3.5101,3,female,,,Grey's Anatomy; Catch Me If You Can; Daredevil,actor; drama; crime; fantasy,,,,,,,,,,,
He Changxi,2864044,https://image.tmdb.org/t/p/w500/rUv6sbT9t4KQ2l2l9y7FACpPatG.jpg,3.2690,3,male,,,Blend Feelings; Painted Skin; Wuliang,actor; fantasy; drama; thriller,,,,,,,,,,,
Dunja Lock,1414796,,4.0123,3,female,,,A Bit of Everything; Der Alte; Phoenix on the Corner,actor; drama; comedy; crime,,,,,,,,,,,
Tim Curry,13472,https://image.tmdb.org/t/p/w500/8ZsGg3N3OZgxshqLOtA2kl5ckOP.jpg,3.3578,3,male,,,It; The Rocky Horror Picture Show; Clue,actor; mystery; comedy; drama,,,,,,,,,,,
David Dastmalchian,83854,https://image.tmdb.org/t/p/w500/nER1Vzhk51pGHb60KBF1Ja5tEXA.jpg,3.8279,3,male,,,Ant-Man; Late Night with the Devil; The Suicide Squad,actor; adventure; action; sci-fi,,,,,,,,,,,
Dileep,930728,https://image.tmdb.org/t/p/w500/5DirIZGTvLfBJOt2zOfBlb0bIsz.jpg,3.7860,3,male,,,2 Countries; C.I.D. Moosa; My Boss,actor; comedy; romance; action,,,,,,,,,,,
Ding Yuxi,2493492,https://image.tmdb.org/t/p/w500/ellcOuCs2mo1Oh9zO2Qhb0OoZ4d.jpg,3.4767,3,male,,,Melody of Golden Age; Love Game in Eastern Fantasy; The Romance of Tiger and Rose,actor; drama; mystery; comedy,,,,,,,,,,,
Shelley Long,56881,https://image.tmdb.org/t/p/w500/mJuDa3tiF1d34phattCVWVrFKIq.jpg,3.3779,3,female,,,The Money Pit; The Brady Bunch Movie; Cheers,actor; comedy; romance; family,,,,,,,,,,,
Kelsey Grammer,7090,https://image.tmdb.org/t/p/w500/5zik4VJim6YTSWDjC7tkp13wxUp.jpg,4.1971,3,male,,,Toy Story 2; Transformers: Age of Extinction; Anastasia,actor; animation; family; adventure,,,,,,,,,,,
Eliana De Santis,297300,https://image.tmdb.org/t/p/w500/1HWfYi8sofJ81RCtmxVt9gOB3z3.jpg,2.3153,3,female,,,Wedding in Blood; While There's War There's Hope; The Monk,actor; drama; crime; thriller,,,,,,,,,,,
Toni Salgado,2278286,https://image.tmdb.org/t/p/w500/8ZqdEwtAwzjcOsslOmy4AeX4wYi.jpg,3.2838,3,male,,,Money Heist; Bitter Daisies; Valle salvaje,actor; drama; crime,,,,,,,,,,,
Ranbir Kapoor,85034,https://image.tmdb.org/t/p/w500/a5xWgKh7f4XofIl7ZwisxOi616K.jpg,3.6414,3,male,,,Barfi!; Yeh Jawaani Hai Deewani; Tu Jhoothi Main Makkaar,actor; romance; comedy; drama,,,,,,,,,,,
Patrick Warburton,9657,https://image.tmdb.org/t/p/w500/nDoOii5HaGwPxYa28xFC2sDkF8y.jpg,3.7732,3,male,,,Ted; The Emperor's New Groove; Kronk's New Groove,actor; comedy; fantasy; animation,,,,,,,,,,,
Abigail Spencer,123725,https://image.tmdb.org/t/p/w500/uf96FDHVoFMwoiP5He4SPLCmwri.jpg,3.9310,3,female,,,Timeless; Oz the Great and Powerful; This Means War,actor; drama; fantasy; adventure,,,,,,,,,,,
Pan Chunchun,1320545,https://image.tmdb.org/t/p/w500/6JgBmreX9LHZt3ORn2s39NGaain.jpg,3.6989,3,female,,,Chasing Love Time Machine; The Dragon Nine; Unusual Deal,actor; drama; romance; crime,,,,,,,,,,,
Skeet Ulrich,22108,https://image.tmdb.org/t/p/w500/moyTBJUTl82PaAhm8aHGwlvKr7r.jpg,3.7670,3,male,,,Scream; Riverdale; Jericho,actor; mystery; crime; drama,,,,,,,,,,,
Parker Posey,7489,https://image.tmdb.org/t/p/w500/yoFt75JfGUqQ6EV8qN6fckQuElk.jpg,3.7665,3,female,,,Superman Returns; You've Got Mail; Blade: Trinity,actor; sci-fi; action; adventure,,,,,,,,,,,
Miki Takakura,553325,https://image.tmdb.org/t/p/w500/2bXHWy82SzgMCFIuxVRKvDtw8Q6.jpg,3.1702,3,female,,,Nun in Rope Hell; Beauty in Rope Hell; Mishima: A Life in Four Chapters,actor; drama; horror,,,,,,,,,,,
Ariana Grande,226001,https://image.tmdb.org/t/p/w500/r32wWnx7CKW9SgRKaQ4qAgja5QK.jpg,3.5509,3,female,,,Wicked; Don't Look Up; Wicked: For Good,actor; drama; romance; fantasy,,,,,,,,,,,
Andy On Chi-Kit,63585,https://image.tmdb.org/t/p/w500/zbH0l4V3QJdvkLKPhBr5EB5JWnB.jpg,3.9584,3,male,,,Blackhat; New Police Story; Outcast,actor; action; crime; thriller,,,,,,,,,,,
Sam Heughan,209326,https://image.tmdb.org/t/p/w500/toBZ2mxZ2AbYYBfFV3Xvwm2QR4I.jpg,3.8875,3,male,,,Bloodshot; Outlander; The Spy Who Dumped Me,actor; action; adventure; sci-fi,,,,,,,,,,,
Gary Majchrazak,3344896,,2.4440,3,male,,,True Blood; Pretty Kill; Tales from the Darkside,actor; drama; action; horror,,,,,,,,,,,
Wilbert Ross,1909698,https://image.tmdb.org/t/p/w500/uboxvkoki8yY80jX245uspyhXjo.jpg,3.8892,3,male,,,"5 in 1; Boy Bastos; Hello, Love, Goodbye",actor; comedy; romance; drama,,,,,,,,,,,
Whoopi Goldberg,2395,https://image.tmdb.org/t/p/w500/wZKI7qcEIVgiHxeFtk3NuKt8URQ.jpg,3.7552,3,female,,,Sister Act; Ghost; Sister Act 2: Back in the Habit,actor; music; comedy; fantasy,,,,,,,,,,,
Ulaş Tuna Astepe,1893116,https://image.tmdb.org/t/p/w500/p6UodbXEtavHrFzRb7rouwUiNHm.jpg,3.4805,3,male,,,Sen Anlat Karadeniz; The Gulf; Barbaroslar,actor; drama,,,,,,,,,,,
Edward James Olmos,587,https://image.tmdb.org/t/p/w500/mXnilUrQBIMLHSQkPjQk99mX70x.jpg,3.8076,3,male,,,Blade Runner; Battlestar Galactica; Coco,actor; drama; sci-fi; thriller,,,,,,,,,,,
Val Kilmer,5576,https://image.tmdb.org/t/p/w500/sWH9jTD0bC5gWhhceUlzfNiNup0.jpg,3.8065,3,male,,,Batman Forever; Top Gun: Maverick; The Prince of Egypt,actor; action; drama; crime,,,,,,,,,,,
James Remar,1736,https://image.tmdb.org/t/p/w500/56LwfMaMge2LmWYI46O6R2Wm0YX.jpg,3.8022,3,male,,,Django Unchained; Ratatouille; 2 Fast 2 Furious,actor; drama; western; animation,,,,,,,,,,,
Diane Kruger,9824,https://image.tmdb.org/t/p/w500/o5gVowcjVw4ThYi0L3883Y4X7kH.jpg,3.7995,3,female,,,Inglourious Basterds; National Treasure; National Treasure: Book of Secrets,actor; thriller; adventure; action,,,,,,,,,,,
Xiao Zhan,2084790,https://image.tmdb.org/t/p/w500/468n73j2sSJIbfZvsIZvDpvUaS8.jpg,3.7980,3,male,,,The Untamed; Legends of the Condor Heroes: The Gallants; Jade Dynasty,actor; drama; mystery; action,,,,,,,,,,,
Preity Zinta,35745,https://image.tmdb.org/t/p/w500/uaY2M3goYsp0QpNenharmIqnMvy.jpg,3.7973,3,female,,,Kal Ho Naa Ho; Veer-Zaara; Koi... Mil Gaya,actor; drama; romance; comedy,,,,,,,,,,,
Bai Jingting,1672869,https://image.tmdb.org/t/p/w500/b3kmtLVQtgywB1QKWYHoNLsdqSO.jpg,3.7971,3,male,,,You Are My Hero; The First Frost; Reset,actor; drama; mystery,,,,,,,,,,,
Ice Cube,9778,https://image.tmdb.org/t/p/w500/9EghwabQ1wIQT4oN69qtPlzqGn4.jpg,3.7967,3,male,,,Ride Along; xXx: State of the Union; Friday,actor; action; comedy; adventure,,,,,,,,,,,
Daniel Vegas,5598110,https://image.tmdb.org/t/p/w500/t9AFZX1rpTt59npITX2GY3JgySd.jpg,3.7966,3,male,,,Your Heart Will Be Broken,actor; romance; drama,,,,,,,,,,,
Arun,541344,https://image.tmdb.org/t/p/w500/eCeMZszcSFwCvyacaB6Stfj6gZZ.jpg,3.7964,3,male,,,4 The People; Driving Licence; Anjaam Pathiraa,actor; crime; thriller; action,,,,,,,,,,,
Tom Felton,10993,https://image.tmdb.org/t/p/w500/etmtUBzJ1i1XJTLS6MkotJFE1se.jpg,3.7963,3,male,,,Harry Potter and the Philosopher's Stone; Harry Potter and the Half-Blood Prince; Harry Potter and the Chamber of Secrets,actor; adventure; fantasy,,,,,,,,,,,
Sophie Nélisse,1008607,https://image.tmdb.org/t/p/w500/1ScgAuQ4XFslWxjvHN6TGlg5ql9.jpg,3.7929,3,female,,,The Book Thief; 47 Meters Down: Uncaged; Close,actor; thriller; drama; horror,,,,,,,,,,,
Rachel Drance,1767464,https://image.tmdb.org/t/p/w500/s6b2xvapzNqTyQ4THPwkZz51mEu.jpg,3.7904,3,female,,,Barbie: A Perfect Christmas; Salvation; Barbie in Rock 'N Royals,actor; animation; family; drama,,,,,,,,,,,
Boran Kuzum,1884900,https://image.tmdb.org/t/p/w500/fglvct2Iwq7evJJvOHHEidJcdXV.jpg,3.7903,3,male,,,The Protector; Bihter: A Forbidden Passion; Doom of Love,actor; drama; romance,,,,,,,,,,,
Kim In-ae,1846846,https://image.tmdb.org/t/p/w500/9zPxshEaEuiZneMtbvFHhRMjDBC.jpg,3.7891,3,female,,,Step-Brother 2; Young Sister-in-Law 3; Goddess Eowoodong,actor; romance; drama; history,,,,,,,,,,,
Reina Ueda,1452028,https://image.tmdb.org/t/p/w500/2WV61uVU7y6XGYqNHLMpP0sApdu.jpg,3.7876,3,female,,,Solo Leveling; Chainsaw Man - The Movie: Reze Arc; My Happy Marriage,actor; animation; action; romance,,,,,,,,,,,
Park Bo-gum,587634,https://image.tmdb.org/t/p/w500/lITY3WsJOFjlHkP1bJ3PwYhuNnD.jpg,3.7873,3,male,,,When Life Gives You Tangerines; Record of Youth; Good Boy,actor; drama; crime; comedy,,,,,,,,,,,
Patrick Dempsey,18352,https://image.tmdb.org/t/p/w500/2PpaYtXdaDmNi3jap4qPIdyVesL.jpg,3.7859,3,male,,,Enchanted; Grey's Anatomy; Made of Honor,actor; comedy; romance; family,,,,,,,,,,,
Armin Mueller-Stahl,12647,https://image.tmdb.org/t/p/w500/yDT9hMg3osAbiWl5YZXTYG4SmGj.jpg,3.7859,3,male,,,Angels & Demons; Eastern Promises; The Game,actor; thriller; mystery; crime,,,,,,,,,,,
Taishi Takemoto,1417727,https://image.tmdb.org/t/p/w500/jbzwsZb6StflMlve3wIBJg6r5TG.jpg,3.7840,3,male,,,Girl Hell; The Shortest Distance Is Round; Kyōkai-sen no mukō-gawa,actor; horror; drama; romance,,,,,,,,,,,
Zhou Yiran,3067811,https://image.tmdb.org/t/p/w500/3KU8cdAC94SuyqwEfnyLQ7FA2h6.jpg,3.7838,3,male,,,When I Fly Towards You; Falling Into Your Smile; You Are Desire,actor; drama; comedy,,,,,,,,,,,
Siddharth,108216,https://image.tmdb.org/t/p/w500/9XrTuJp9lnB1rsBPzTaoXdp1ig8.jpg,3.7824,3,male,,,Rang De Basanti; Jigarthanda; Boys,actor; comedy; drama; romance,,,,,,,,,,,
Sacha Baron Cohen,6730,https://image.tmdb.org/t/p/w500/irirhgOX0siCyqvMrt2hoJpXfOG.jpg,3.7821,3,male,,,The Dictator; Borat: Cultural Learnings of America for Make Benefit Glorious Nation of Kazakhstan; Borat Subsequent Moviefilm,actor; comedy,,,,,,,,,,,
Lewis Pullman,1700685,https://image.tmdb.org/t/p/w500/ws3WR1F2DfjtLLbK8XOGHEZbX1A.jpg,3.7818,3,male,,,Bad Times at the El Royale; Top Gun: Maverick; Thunderbolts*,actor; action; thriller; mystery,,,,,,,,,,,
Shiena Yu,3646314,https://image.tmdb.org/t/p/w500/k3cJcK0bco3paIvtwPYkr61u1AM.jpg,3.7810,3,female,,,Room Service; Pamasahe; Wanted: Girlfriend,actor; drama; romance,,,,,,,,,,,
Haruka Tomatsu,1248340,https://image.tmdb.org/t/p/w500/geVvuA2zMGE5xzfc20aDelJSelu.jpg,3.7810,3,female,,,Horimiya; Sword Art Online; DARLING in the FRANXX,actor; animation; comedy; drama,,,,,,,,,,,
Jenjira Pongpas,120258,https://image.tmdb.org/t/p/w500/2ky0Ma8V198NQlHobOoOorrpDnl.jpg,3.7807,3,female,,,Uncle Boonmee Who Can Recall His Past Lives; Cemetery of Splendor; Mekong Hotel,actor; drama; fantasy,,,,,,,,,,,
Laura Linney,350,https://image.tmdb.org/t/p/w500/yIopIq7l7eIvjoQqnZJkpdQEvds.jpg,3.7805,3,female,,,The Truman Show; The Exorcism of Emily Rose; Primal Fear,actor; drama; crime; thriller,,,,,,,,,,,
Lynda Carter,44935,https://image.tmdb.org/t/p/w500/qZJgjBKEL4ioZywSGzYzxldEAvf.jpg,3.7801,3,female,,,Wonder Woman; Sky High; Supergirl,actor; drama; adventure; comedy,,,,,,,,,,,
Yang Pengcheng,5144645,https://image.tmdb.org/t/p/w500/wUukWVAyqPzRi2rinXZt9APo9we.jpg,3.7788,3,male,,,Tamed by Temptation; 跟闺蜜跑路后，傅总他破防了; Summer Love Letter,actor; drama; comedy,,,,,,,,,,,
Aaron Eckhart,6383,https://image.tmdb.org/t/p/w500/u5JjnRMr9zKEVvOP7k3F6gdcwT6.jpg,3.7706,3,male,,,The Dark Knight; Sully; Battle: Los Angeles,actor; action; crime; thriller,,,,,,,,,,,
Zhang Jingyi,2631253,https://image.tmdb.org/t/p/w500/yWGNWknWP8pJmfLr3o0AMz5QTzi.jpg,3.7704,3,female,,,Legend of Zang Hai; Lighter and Princess; Love Will Tear Us Apart,actor; drama; romance,,,,,,,,,,,
Ko Shibasaki,58593,https://image.tmdb.org/t/p/w500/eEBNceN1MsDFibWVV3VIcEHygUW.jpg,3.7652,3,female,,,47 Ronin; The Boy and the Heron; Battle Royale,actor; drama; action; fantasy,,,,,,,,,,,
Tara Strong,15762,https://image.tmdb.org/t/p/w500/y9S3QzI3L5aARP8GYYO86rREKxU.jpg,3.1287,3,female,,,Loki; Ben 10; The Fairly OddParents,actor; animation; comedy; drama,,,,,,,,,,,
Emma Roberts,34847,https://image.tmdb.org/t/p/w500/utggW2yIufP3A5CGdT8H5mXyGLs.jpg,4.0313,3,female,,,Nerve; We're the Millers; Holidate,actor; crime; comedy; mystery,,,,,,,,,,,
Christopher Plummer,290,https://image.tmdb.org/t/p/w500/u0YBwss0ebEUp8sjRtQKnK2wZdR.jpg,3.5515,3,male,,,Up; The Imaginarium of Doctor Parnassus; The Girl with the Dragon Tattoo,actor; adventure; mystery; animation,,,,,,,,,,,
Claire Forlani,4174,https://image.tmdb.org/t/p/w500/tKVunk7XoOWPTS0toajbE3EjNdy.jpg,3.6174,3,female,,,Meet Joe Black; Five Feet Apart; Green Street Hooligans,actor; drama; romance; fantasy,,,,,,,,,,,
Bridget Regan,1222298,https://image.tmdb.org/t/p/w500/ri1kEBkWa9ShTYbV2iJAFa0V4VU.jpg,3.4574,3,female,,,John Wick; Marvel's Agent Carter; Legend of the Seeker,actor; drama; action; thriller,,,,,,,,,,,
Lorena Schuett,4262171,https://image.tmdb.org/t/p/w500/s8beLxatnCieCuy8jgDizhfH1OL.jpg,4.2011,3,female,,,My Safe Zone; Devil In Law; Chum Phae,actor; drama; crime,,,,,,,,,,,
Liu Haocun,2682877,https://image.tmdb.org/t/p/w500/8fU6kUBKPVUfu9mGZngMFUOfVcM.jpg,3.5518,3,female,,,Ride On; One Second; Derailment,actor; drama; action; comedy,,,,,,,,,,,
Michael Jordan,23678,https://image.tmdb.org/t/p/w500/ffwq9sh7213MuPojsjc3x86QGOQ.jpg,3.1432,3,male,,,Space Jam; The Last Dance; He Got Game,actor; comedy; animation; family,,,,,,,,,,,
Awkwafina,1625558,https://image.tmdb.org/t/p/w500/l5AKkg3H1QhMuXmTTmq1EyjyiRb.jpg,3.6133,3,female,,,Raya and the Last Dragon; Shang-Chi and the Legend of the Ten Rings; Jumanji: The Next Level,actor; fantasy; adventure; action,,,,,,,,,,,
Jaimie Alexander,59817,https://image.tmdb.org/t/p/w500/21IQHPAXNUHiqPrpIYr4X8h2wmf.jpg,3.2470,3,female,,,Thor: The Dark World; Blindspot; Thor,actor; action; adventure; fantasy,,,,,,,,,,,
Reham Abdelghafour,140895,https://image.tmdb.org/t/p/w500/nLYYmE7KYZT4yVgr4dnoCRlFdfZ.jpg,3.3833,3,female,,,She Made Me a Criminal; The Cell; A Friend Indeed,actor; comedy; romance; adventure,,,,,,,,,,,
Dichen Lachman,94797,https://image.tmdb.org/t/p/w500/ySRHqthzU1gcEhV5rt7awZCzcwd.jpg,3.8534,3,female,,,Raya and the Last Dragon; Jurassic World Dominion; Severance,actor; action; adventure; animation,,,,,,,,,,,
Camila Queiroz,1475549,https://image.tmdb.org/t/p/w500/vI7soPfMSHoPokcB4VNfrdjH9UN.jpg,3.3877,3,female,,,Hidden Truths; Perfect Love; Proof of Love,actor; drama; comedy; romance,,,,,,,,,,,
Guy Pearce,529,https://image.tmdb.org/t/p/w500/vTqk6Nh3WgqPubkS23eOlMAwmwa.jpg,3.7045,3,male,,,Memento; Iron Man 3; Prometheus,actor; mystery; sci-fi; thriller,,,,,,,,,,,
Kenichi Ogata,142704,https://image.tmdb.org/t/p/w500/iQLEawIP2593yrGy22GzLSpnfgl.jpg,3.7247,3,male,,,InuYasha; Memories; Detective Conan,actor; animation; fantasy; sci-fi,,,,,,,,,,,
Demián Castro,1494513,https://image.tmdb.org/t/p/w500/ddUS8OUqbaeesEEsy1P0ezy3AqF.jpg,3.2027,3,male,,,Five Feet Apart; The Idea of You; Arkansas,actor; romance; drama; comedy,,,,,,,,,,,
Park Hee-soon,93999,https://image.tmdb.org/t/p/w500/s2SSzvlsSfCPP5EXhCoWUr8970F.jpg,3.1356,3,male,,,Squid Game; My Name; No Other Choice,actor; mystery; drama; crime,,,,,,,,,,,
Olivia Colman,39187,https://image.tmdb.org/t/p/w500/lawJUdbLb1YW0niaYjiVGR9IBG8.jpg,3.9384,3,female,,,The Favourite; The Lobster; The Father,actor; drama; comedy; history,,,,,,,,,,,
Michelle Trachtenberg,49961,https://image.tmdb.org/t/p/w500/8eb8ts6E7gM5SgEFn8VcXfGc39r.jpg,3.5920,3,female,,,17 Again; EuroTrip; Ice Princess,actor; comedy; drama; fantasy,,,,,,,,,,,
Julie Bowen,31171,https://image.tmdb.org/t/p/w500/5ewqnbPAY0EzZObGHIKU4VsCanD.jpg,3.5232,3,female,,,Happy Gilmore; Modern Family; Horrible Bosses,actor; comedy; crime,,,,,,,,,,,
Orlando Bloom,114,https://image.tmdb.org/t/p/w500/lwQoA0qJTCZ6l2FH6PjmhRQjiaB.jpg,3.7312,3,male,,,Pirates of the Caribbean: Dead Man's Chest; Pirates of the Caribbean: The Curse of the Black Pearl; Troy,actor; action; adventure; fantasy,,,,,,,,,,,
Yu Rongguang,120725,https://image.tmdb.org/t/p/w500/qRPhrqPLYvca6Wdv9lMxwEm7ZD6.jpg,3.3357,3,male,,,The Karate Kid; Shanghai Noon; Iron Monkey,actor; action; adventure; drama,,,,,,,,,,,
Ryan Phillippe,11864,https://image.tmdb.org/t/p/w500/lDqc0Tl5PrXbXYBxhA11MRLlbfG.jpg,3.5935,3,male,,,Flags of Our Fathers; The Lincoln Lawyer; Cruel Intentions,actor; drama; war; history,,,,,,,,,,,
Vivian Chow,146624,https://image.tmdb.org/t/p/w500/mejpx1shZduknSiB395pa4eR0mz.jpg,3.0460,3,female,,,Café. Waiting. Love; All About Love; The Unmatchable Match,actor; comedy; romance; fantasy,,,,,,,,,,,
Amy Bailey,973717,https://image.tmdb.org/t/p/w500/mPUBxceWoU4DPVzz4kF97nwUbkm.jpg,2.4376,3,female,,,Alice in Wonderland; Nine; Supercollider,actor; adventure; drama; family,,,,,,,,,,,
Gaten Matarazzo,1653291,https://image.tmdb.org/t/p/w500/alVT7oDp8N5G9WLIApI9jqeuqHq.jpg,3.5215,3,male,,,Stranger Things; Honor Society; Prank Encounters,actor; comedy; mystery,,,,,,,,,,,
Arden Cho,144279,https://image.tmdb.org/t/p/w500/uPtfAFoEYeNGRl6n0GdxLPxdM9u.jpg,3.0607,3,female,,,KPop Demon Hunters; Teen Wolf; KPop Demon Hunters Lyric Videos,actor; comedy; animation; fantasy,,,,,,,,,,,
Thandiwe Newton,9030,https://image.tmdb.org/t/p/w500/hZQLvxj7nV7pBrRyWTvWVz1CDi8.jpg,3.5868,3,female,,,The Pursuit of Happyness; 2012; Mission: Impossible II,actor; action; adventure; drama,,,,,,,,,,,
Kerry Washington,11703,https://image.tmdb.org/t/p/w500/yufNCkn9YuYei9ThzSgApczUe4K.jpg,3.4871,3,female,,,Django Unchained; Mr. & Mrs. Smith; Fantastic Four,actor; drama; action; western,,,,,,,,,,,
Dermot Mulroney,20212,https://image.tmdb.org/t/p/w500/zemTC606JcuMgIGbJMYAocrS5Gm.jpg,3.6219,3,male,,,The Grey; My Best Friend's Wedding; Zodiac,actor; thriller; action; adventure,,,,,,,,,,,
Kang Min-woo,1907998,https://image.tmdb.org/t/p/w500/pIrr35CLdzsL5Gt7nGgP8lumv9a.jpg,3.7163,3,male,,,Adultery Alumni Association 2; Beauty Salon: Special Service 3; Beauty Salon: Special Service,actor; romance; drama,,,,,,,,,,,
Matthew Broderick,4756,https://image.tmdb.org/t/p/w500/2Pq8pwOX5ZFfT2p5pNLGfvUi9Pp.jpg,3.7138,3,male,,,The Lion King; Ferris Bueller's Day Off; The Lion King II: Simba's Pride,actor; family; animation; drama,,,,,,,,,,,
John Layfield,1170013,https://image.tmdb.org/t/p/w500/qFWPIv07g6qdnHJRhGOALijgD8x.jpg,3.7130,3,male,,,Undertaker: The Last Ride; WWE WrestleMania 21; Fighting with My Family,actor; drama; documentary; action,,,,,,,,,,,
Yuichi Nakamura,1221114,https://image.tmdb.org/t/p/w500/wb8behVKjBHX9XXrEydvNINCYwH.jpg,3.7125,3,male,,,One-Punch Man; Jujutsu Kaisen 0; Clannad,actor; animation; comedy; action,,,,,,,,,,,
Michael Sheen,3968,https://image.tmdb.org/t/p/w500/nGxIcIcfJjdPN3k8zFabtA1gRqL.jpg,3.7115,3,male,,,Passengers; Good Omens; Underworld,actor; drama; romance; sci-fi,,,,,,,,,,,
Rainn Wilson,11678,https://image.tmdb.org/t/p/w500/yRTElSeC3q9nBqBuleI6OODlDMS.jpg,3.7094,3,male,,,The Meg; The Office; Super,actor; action; comedy; sci-fi,,,,,,,,,,,
Atsuko Maeda,1029275,https://image.tmdb.org/t/p/w500/7wyv9IXhBk4RI6VshP1QcHgPx9m.jpg,3.7092,3,female,,,The Complex; To the Ends of the Earth; As the Gods Will,actor; horror; drama; thriller,,,,,,,,,,,
Ahmed Mekky,226423,https://image.tmdb.org/t/p/w500/9uK9EhWwhB2mepg73CB3wN64DlU.jpg,3.7091,3,male,,,El Kebeer Awi; Fly Out; H Dabbour,actor; comedy; romance; family,,,,,,,,,,,
Ineko Arima,213492,https://image.tmdb.org/t/p/w500/5mgUhLZMpC4w8NaDD34bANXUmeV.jpg,3.7087,3,female,,,Tokyo Twilight; The Human Condition I: No Greater Love; Equinox Flower,actor; drama; war; history,,,,,,,,,,,
Werner Braunschädel,1536888,,3.7074,3,male,,,Fly; The Gap; Schlechte Helden oder ein Lama namens Beethoven,actor; drama; music; romance,,,,,,,,,,,
Elisabeth Shue,1951,https://image.tmdb.org/t/p/w500/1pmjDSLvOuqKW1P2KRPlpFMeUFe.jpg,3.7074,3,female,,,Back to the Future Part II; Piranha 3D; Back to the Future Part III,actor; comedy; adventure; sci-fi,,,,,,,,,,,
Gaite Jansen,234235,https://image.tmdb.org/t/p/w500/9qv1Ocy9I1FLXVo3UeJqBzfu58V.jpg,3.7070,3,female,,,Babygirl; Happy Ending; Line of Duty,actor; romance; thriller; comedy,,,,,,,,,,,
David Harbour,35029,https://image.tmdb.org/t/p/w500/qMFtMWlYVtFVyBoBhX5IoA5sN5a.jpg,3.7058,3,male,,,Stranger Things; Hellboy; Black Widow,actor; action; adventure; mystery,,,,,,,,,,,
Imogen Poots,17606,https://image.tmdb.org/t/p/w500/7uMFX0ecPZT2tc8L5DFFNbUckc9.jpg,3.7054,3,female,,,Vivarium; Need for Speed; Green Room,actor; thriller; horror; crime,,,,,,,,,,,
Judi Dench,5309,https://image.tmdb.org/t/p/w500/cpna5VGvAxuKuC31xJPBKy9zbnv.jpg,3.7048,3,female,,,Skyfall; Casino Royale; Miss Peregrine's Home for Peculiar Children,actor; adventure; action; thriller,,,,,,,,,,,
Ariana Greenblatt,1767250,https://image.tmdb.org/t/p/w500/bg9ysIhsdygPpVx2rnKDtzylfRv.jpg,3.6003,3,female,,,Barbie; 65; Love and Monsters,actor; adventure; comedy; sci-fi,,,,,,,,,,,
Eamonn Walker,19299,https://image.tmdb.org/t/p/w500/mJ2pENrcO4uRy2TNVUzg5cEI9b3.jpg,3.8053,3,male,,,Unbreakable; Lord of War; Tears of the Sun,actor; drama; thriller; mystery,,,,,,,,,,,
Khushboo,82078,https://image.tmdb.org/t/p/w500/cu6ABz6a7iR1hLlCvBUzDSM2vag.jpg,3.4025,3,female,,,Michael Madana Kama Rajan; Annamalai; Pranchiyettan & The Saint,actor; comedy; drama; romance,,,,,,,,,,,
Jenna Coleman,1080542,https://image.tmdb.org/t/p/w500/9W77ENR6EAFbg8UjgeAl3F43rFy.jpg,3.2605,3,female,,,Me Before You; The Sandman; Captain America: The First Avenger,actor; drama; romance; action,,,,,,,,,,,
Jonathan Solofa Fatu,1202674,https://image.tmdb.org/t/p/w500/uU9uM2TiKPvZrDOJomOnXTuJtf7.jpg,3.6980,3,male,,,WWE Friday Night SmackDown; WrestleMania 39: Saturday; WWE WrestleMania 36: Part 1,actor; action; drama,,,,,,,,,,,
Frank Welker,15831,https://image.tmdb.org/t/p/w500/xXODQ5AX6pG4my8ieeEIuiAREXs.jpg,3.1518,3,male,,,Aladdin; Transformers: Age of Extinction; The Lion King,actor; adventure; animation; family,,,,,,,,,,,
Debora Caprioglio,147590,https://image.tmdb.org/t/p/w500/6LphVHv5z7EnsaaqbWfABsVwhHG.jpg,3.6177,3,female,,,Paprika; The Smile of the Fox; Lightning Strike,actor; drama; thriller; comedy,,,,,,,,,,,
Eriko Nakamura,1982635,https://image.tmdb.org/t/p/w500/ufkdH422lqSpH2UklDJTnTlyZAl.jpg,3.1048,3,female,,,Kakera: A Piece of Our Life; Love's Whirlpool; You & Me,actor; drama; romance,,,,,,,,,,,
Christine Nguyen,97906,https://image.tmdb.org/t/p/w500/sZZCXlV98Tu1xmlCwvgMNscusas.jpg,2.9574,3,female,,,Attack of the Killer Donuts; Cinderella's Hot Night; Kaboom,actor; comedy; horror; fantasy,,,,,,,,,,,
Jaina Lee Ortiz,1338902,https://image.tmdb.org/t/p/w500/ikGhIZ1vXkkr2ocZO2xWjWEex5D.jpg,3.5848,3,female,,,Station 19; Girls Trip; Rosewood,actor; drama; comedy; romance,,,,,,,,,,,
Ozan Akbaba,1541893,https://image.tmdb.org/t/p/w500/uWddtN58lK4QjmfaMIW8smLXfr8.jpg,3.8200,3,male,,,Far Away; The Town Doctor; Frenzy,actor; drama; family; crime,,,,,,,,,,,
Brigitte Bardot,3783,https://image.tmdb.org/t/p/w500/xitdKLPSsavii74yGJ73cwMzBOC.jpg,2.5881,3,female,,,Contempt; ...And God Created Woman; The Truth,actor; drama; romance,,,,,,,,,,,
Kaera Uehara,237236,https://image.tmdb.org/t/p/w500/pSWlbBZZPixgWOUXmnloovpYvtB.jpg,3.7731,3,female,,,"The Forbidden Legend: Sex & Chopsticks; The Forbidden Legend: Sex & Chopsticks 2; Ebisu Muscats Murder Case ~Singing, Dancing and Getting Killed~ the 1st STAGE",actor; comedy; drama; romance,,,,,,,,,,,
Serena Grandi,41163,https://image.tmdb.org/t/p/w500/tEj8FyPTgmiNKtcs8Xz4ma6gn9w.jpg,3.7307,3,female,,,Exploits of a Young Don Juan; Miranda; The Great Beauty,actor; comedy; drama; romance,,,,,,,,,,,
Adamari López,1244151,https://image.tmdb.org/t/p/w500/71lr7u5duqinoe9bsB2Q01KPiE3.jpg,3.6540,3,female,,,Amigas y rivales; Bajo las Riendas del Amor; Mujer de Madera,actor; drama; family,,,,,,,,,,,
Sarah Hyland,91351,https://image.tmdb.org/t/p/w500/sjwIiQWLMyBQOLhARj1Ww3imDcL.jpg,3.3263,3,female,,,Geek Charming; XOXO; Modern Family,actor; comedy; drama; family,,,,,,,,,,,
Néstor Cantillana,66901,https://image.tmdb.org/t/p/w500/1wtd7uBC6w3MlJiIhSDCbXpiqcW.jpg,2.9279,3,male,,,No; A Fantastic Woman; Profugos,actor; drama; history; crime,,,,,,,,,,,
Amélie Hoeferle,2333351,https://image.tmdb.org/t/p/w500/7As5CmmphS4xXVkoIkVApFlxzXV.jpg,3.3410,3,female,,,Night Swim; The Hunger Games: The Ballad of Songbirds & Snakes; Eddington,actor; horror; mystery; sci-fi,,,,,,,,,,,
Tom Ellis,192944,https://image.tmdb.org/t/p/w500/zhjIyqpk5bsYgxsh5bSeS6VZtHm.jpg,3.8893,3,male,,,Lucifer; Isn't It Romantic; Rush,actor; crime; comedy; fantasy,,,,,,,,,,,
Alden Richards,1128305,https://image.tmdb.org/t/p/w500/1Q3xHo1uuGWGOBZgaj2861zyhHf.jpg,3.6803,3,male,,,"Hello, Love, Goodbye; Pulang Araw; Hello, Love, Again",actor; drama; romance; family,,,,,,,,,,,
Ruby Rose,1246972,https://image.tmdb.org/t/p/w500/djhT0A2hZxpYKPnCeRtim8qUdPi.jpg,3.8232,3,non-binary,,,xXx: Return of Xander Cage; John Wick: Chapter 2; The Meg,actor; action; crime; adventure,,,,,,,,,,,
Alona Tal,203096,https://image.tmdb.org/t/p/w500/kYRu965Jt11NWWbJ9XtSUOhTkUx.jpg,3.3224,3,female,,,Broken City; Cross; Grimcutty,actor; crime; drama; thriller,,,,,,,,,,,
Daniel Day-Lewis,11856,https://image.tmdb.org/t/p/w500/3kNA9VcmymoEwT0btQ4bvMYxzcP.jpg,3.7507,3,male,,,There Will Be Blood; Lincoln; Phantom Thread,actor; drama; history; romance,,,,,,,,,,,
Eugene Levy,26510,https://image.tmdb.org/t/p/w500/u0QzUh5Iw2K8L9AOyl0pIQrojNM.jpg,3.3229,3,male,,,Finding Dory; Cheaper by the Dozen 2; American Pie,actor; adventure; family; comedy,,,,,,,,,,,
Ma Dong-seok,1024395,https://image.tmdb.org/t/p/w500/xqnARIEzfyr3BalhFBWHmCusLKH.jpg,3.6719,3,male,,,"Train to Busan; The Gangster, the Cop, the Devil; Eternals",actor; action; thriller; adventure,,,,,,,,,,,
Kazuhiko Inoue,89968,https://image.tmdb.org/t/p/w500/3BpYtYRiLAmTNbCm2LXlXnkMRit.jpg,3.0065,3,male,,,Naruto Shippūden; Naruto; Your Name.,actor; animation; romance; drama,,,,,,,,,,,
Çağatay Ulusoy,1252061,https://image.tmdb.org/t/p/w500/6anWOhuVKq64zoL2YCEN043B3SP.jpg,3.7897,3,male,,,The Protector; Paper Lives; Delibal,actor; drama; romance,,,,,,,,,,,
Wandisa Guida,101555,https://image.tmdb.org/t/p/w500/ymLAiE7ZIEr0PuYys0mPw6nZ6Dr.jpg,2.0918,3,female,,,Lust of the Vampire; Maciste In King Solomon's Mines; Lightning Bolt,actor; action; horror; mystery,,,,,,,,,,,
Jason Isaacs,11355,https://image.tmdb.org/t/p/w500/s6XRFjqUsrDJfDQuXPOoExAYPmb.jpg,3.6070,3,male,,,Harry Potter and the Chamber of Secrets; A Cure for Wellness; Harry Potter and the Order of the Phoenix,actor; adventure; fantasy; horror,,,,,,,,,,,
Camila Morrone,1932304,https://image.tmdb.org/t/p/w500/3ugYphdHMAYVB1DmH09hQtcLhJ4.jpg,3.6365,3,female,,,Death Wish; The Night Manager; Daisy Jones & the Six,actor; drama; crime; action,,,,,,,,,,,
Isabelle Huppert,17882,https://image.tmdb.org/t/p/w500/wGG9v1Uci3sfrbjt0bRXkLrTqjY.jpg,3.4861,3,female,,,Elle; The Piano Teacher; Greta,actor; drama; thriller; romance,,,,,,,,,,,
Constance  Talmadge,1167757,https://image.tmdb.org/t/p/w500/ns0qHdjv8WRgsL5wNe3I5HAc1Uq.jpg,3.6610,3,female,,,Seven Chances; Her Night of Romance; Intolerance: Love's Struggle Throughout the Ages,actor; comedy; romance; drama,,,,,,,,,,,
Saori Mizuno,1498064,https://image.tmdb.org/t/p/w500/j1mjokE4Gn3M8OGmPkAztQSqrd3.jpg,3.6568,3,female,,,Beautiful Teacher in Torture Hell; Welcome to the Ogenki Clinic: Feel Good All Over Again; Kanjô saserareta onna,actor; drama; thriller; horror,,,,,,,,,,,
Apu Biswas,2090557,https://image.tmdb.org/t/p/w500/zTzVUDrrawAJmav0ffF1oUndUSm.jpg,3.8542,3,female,,,Ajker Shortcut; Samraat; Ke Apon Ke Por,actor; action; thriller; romance,,,,,,,,,,,
Mao Ichimichi,1161472,https://image.tmdb.org/t/p/w500/a3cflYtrlFK0LXfWODgLDO7E7CP.jpg,3.6540,3,female,,,GANTZ:O; Horimiya; Fire Force,actor; animation; comedy; sci-fi,,,,,,,,,,,
Kamal Haasan,93193,https://image.tmdb.org/t/p/w500/lKzmFToG07dhOZpb5inh0nUsRUZ.jpg,3.7969,3,male,,,Vikram; Vishwaroopam; Nayakan,actor; action; crime; thriller,,,,,,,,,,,
Julia Stiles,12041,https://image.tmdb.org/t/p/w500/okcblz7pqeapHorLvxtxd3iNNic.jpg,3.4390,3,female,,,10 Things I Hate About You; The Bourne Ultimatum; Dexter,actor; drama; mystery; comedy,,,,,,,,,,,
Javiera Acevedo,1196578,https://image.tmdb.org/t/p/w500/mSMciLGI0NvLzuEqHQ40Ollfh6Q.jpg,5.4864,3,female,,,El Babysitter; Stefan vs. Kramer; Mamá Ya Crecí,actor; comedy; romance,,,,,,,,,,,
Eileen Heckart,40618,https://image.tmdb.org/t/p/w500/7bXAy2ItipHc72pAwVDj4mercoF.jpg,3.8176,3,female,,,Heartbreak Ridge; The Bad Seed; The First Wives Club,actor; drama; war; thriller,,,,,,,,,,,
Vincent Spano,147119,https://image.tmdb.org/t/p/w500/ani7dv9xRTwgvbRUl6llciyh48K.jpg,2.0752,3,male,,,Alive; Oscar; Rumble Fish,actor; drama; adventure; history,,,,,,,,,,,
Louis Koo,78875,https://image.tmdb.org/t/p/w500/yQuDBTzm7xWlJICNvl20OmcJP80.jpg,3.1992,3,male,,,Warriors of Future; Rob-B-Hood; Drug War,actor; drama; action; sci-fi,,,,,,,,,,,
Justine Lupe,1689289,https://image.tmdb.org/t/p/w500/9lHrHYBUJPXX1rnxczFIcBZLXw8.jpg,3.5236,3,female,,,Frances Ha; Luckiest Girl Alive; Succession,actor; drama; comedy; thriller,,,,,,,,,,,
Pawan Kalyan,237048,https://image.tmdb.org/t/p/w500/5vbrrJgkH79UV4PSQupwc8TFw8i.jpg,4.6142,3,male,,,Atharintiki Daaredi; They Call Him OG; Gabbar Singh,actor; action; comedy; drama,,,,,,,,,,,
Suresh,584479,https://image.tmdb.org/t/p/w500/jT78sxmRMh37YEFvZiz2Qfyri1N.jpg,4.0058,3,male,,,Aval; Thalaivaa; Janatha Garage,actor; thriller; action; drama,,,,,,,,,,,
Molly Parker,27125,https://image.tmdb.org/t/p/w500/yxDfAinBmVkx8HHzRlJz4KvSnf8.jpg,3.2093,3,female,,,1922; Lost in Space; The Road,actor; drama; horror; crime,,,,,,,,,,,
Lin Yun,1574909,https://image.tmdb.org/t/p/w500/9ZxXUlMAH6gylhswGHOGO1YAQPJ.jpg,3.5691,3,female,,,The Mermaid; Fall in Love at First Kiss; L.O.R.D: Legend of Ravaging Dynasties,actor; comedy; fantasy; romance,,,,,,,,,,,
Season Ma,566033,https://image.tmdb.org/t/p/w500/rrrMTCBuW5ME6WlAJCYHRMYW3NZ.jpg,3.4668,3,female,,,"Boat People; Twinkle, Twinkle Lucky Stars; Silent Love",actor; drama; action; comedy,,,,,,,,,,,
Chris Rock,2632,https://image.tmdb.org/t/p/w500/cqI8yQ00GNDV3PAAz5UeLj7vOX0.jpg,3.8092,3,male,,,Madagascar; Madagascar: Escape 2 Africa; Madagascar 3: Europe's Most Wanted,actor; family; animation; adventure,,,,,,,,,,,
Juliana Paes,228059,https://image.tmdb.org/t/p/w500/eDj36IQIhgONQ2G4uC9cdZYE42s.jpg,3.3763,3,female,,,India: A Love Story; Just Short of Perfect; Dona Flor e Seus Dois Maridos,actor; comedy; drama; romance,,,,,,,,,,,
Michael Imperioli,11486,https://image.tmdb.org/t/p/w500/jfoEHR6BRMg8emtujXdM3G4JHIm.jpg,3.4142,3,male,,,The Lovely Bones; Shark Tale; The Sopranos,actor; drama; fantasy; animation,,,,,,,,,,,
Zoë Steiner,3724996,https://image.tmdb.org/t/p/w500/35Q3QzPHwV1brW8Vi5tvs90Al0B.jpg,3.0820,3,female,,,Star Trek: Starfleet Academy; Significant Others; I Like You,actor; drama,,,,,,,,,,,
Alexander Ludwig,23498,https://image.tmdb.org/t/p/w500/jXixkOwQ62hpsCr8xhWS9rik8SE.jpg,3.9726,3,male,,,Bad Boys for Life; The Hunger Games; Bad Boys: Ride or Die,actor; action; thriller; crime,,,,,,,,,,,
Angela Lansbury,14730,https://image.tmdb.org/t/p/w500/gGAWbfMqhJnXzC8dRLeOSXOo9vO.jpg,3.0658,3,female,,,Beauty and the Beast; Mr. Popper's Penguins; Bedknobs and Broomsticks,actor; family; animation; fantasy,,,,,,,,,,,
Jane Fonda,6352,https://image.tmdb.org/t/p/w500/5Yb3nmRWXXZAxNhfhEuOMdfyVNN.jpg,3.5036,3,female,,,Monster-in-Law; Barbarella; Luck,actor; comedy; adventure; romance,,,,,,,,,,,
Satya,1638503,https://image.tmdb.org/t/p/w500/fWHqfjiqnORU6R2fqwiJnowujdP.jpg,3.3824,3,male,,,Mathu Vadalara; Rangasthalam; Chalo,actor; comedy; action; crime,,,,,,,,,,,
Aimee Garcia,56457,https://image.tmdb.org/t/p/w500/4z3mkoa8jHpqjzfbhzYMeKe2Mf7.jpg,3.3363,3,female,,,Lucifer; Dexter; RoboCop,actor; crime; drama; mystery,,,,,,,,,,,
Jennifer Beals,3130,https://image.tmdb.org/t/p/w500/tu1CjyjoUoV7rGPyvwvH9b0MlbW.jpg,3.2162,3,female,,,Flashdance; Four Rooms; The Book of Eli,actor; drama; romance; comedy,,,,,,,,,,,
Danny DeVito,518,https://image.tmdb.org/t/p/w500/6kO4IN7ndoIGw2JhyhAQN3SFmdx.jpg,3.3900,3,male,,,The Lorax; Batman Returns; One Flew Over the Cuckoo's Nest,actor; animation; family; action,,,,,,,,,,,
Bill Glass,1416393,https://image.tmdb.org/t/p/w500/aID8nAnPpm1J3qoB5rQp20DyovU.jpg,2.6014,3,male,,,Queenpins; The Last Word; Justified,actor; comedy; crime; drama,,,,,,,,,,,
Pradeep Ranganathan,2274937,https://image.tmdb.org/t/p/w500/yfATc50b77UwlNxz9OrokPYnwRj.jpg,3.1479,3,male,,,Love Today; Dragon; Dude,actor; comedy; romance; drama,,,,,,,,,,,
Claudia Doumit,1443420,https://image.tmdb.org/t/p/w500/jDhB6TMuD6PdJvRKBA55HMPqA9v.jpg,3.5473,3,female,,,The Boys; Timeless; Dude,actor; drama; comedy,,,,,,,,,,,
Robby Benson,15048,https://image.tmdb.org/t/p/w500/rYcDiM9LrStdlcb80N3WAR2CsHX.jpg,3.7579,3,male,,,Beauty and the Beast; Beauty and the Beast: The Enchanted Christmas; Belle's Magical World,actor; family; animation; fantasy,,,,,,,,,,,
Meagan Good,22122,https://image.tmdb.org/t/p/w500/iwSNBQKKDhEbtNe8I4ROYoYmWqE.jpg,3.5809,3,female,,,Shazam!; Saw V; Monster Hunter,actor; action; fantasy; comedy,,,,,,,,,,,
Rebecca Hall,15556,https://image.tmdb.org/t/p/w500/coC58ANiDbqRIyle5zEl9QDektf.jpg,3.6784,3,female,,,Godzilla vs. Kong; Iron Man 3; Godzilla x Kong: The New Empire,actor; action; sci-fi; adventure,,,,,,,,,,,
Risa Shimizu,1255760,https://image.tmdb.org/t/p/w500/mFU3a5Po6dBS70fgVLXSS5w3r9F.jpg,3.3239,3,female,,,Rage of Bahamut; Attack on Titan: The Roar of Awakening; Napping Princess,actor; animation; adventure; fantasy,,,,,,,,,,,
Asami,76164,https://image.tmdb.org/t/p/w500/qHWRewySoNrswmTYzrrPtTkZJVZ.jpg,3.3158,3,female,,,Gun Woman; Rape Zombie: Lust of the Dead; The Machine Girl,actor; thriller; action; comedy,,,,,,,,,,,
Shen Yue,1922808,https://image.tmdb.org/t/p/w500/za5X2mJ8Q38jjo07ON0l3bP96AR.jpg,3.4800,3,female,,,Meteor Garden; One Week Friends; A Love So Beautiful,actor; drama; family; comedy,,,,,,,,,,,
Paul Mescal,2326151,https://image.tmdb.org/t/p/w500/vrzZ41TGNAFgfmZjC2sOJySzBLd.jpg,3.2492,3,male,,,Gladiator II; Aftersun; Normal People,actor; drama; action; adventure,,,,,,,,,,,
Michelle Rodriguez,17647,https://image.tmdb.org/t/p/w500/wVcbrae4eRqGMFZz8Eh52Dl1biP.jpg,3.5859,3,female,,,Avatar; F9; The Fast and the Furious,actor; action; adventure; crime,,,,,,,,,,,
Lucy Lawless,20584,https://image.tmdb.org/t/p/w500/7fYfVk6jtdCWuJEo9pEqc6O2JkD.jpg,3.5190,3,female,,,Xena: Warrior Princess; Bedtime Stories; Minions: The Rise of Gru,actor; fantasy; comedy; family,,,,,,,,,,,
Jena Malone,20089,https://image.tmdb.org/t/p/w500/kGwV9iLmfUxJ6a73ehr0QvAnc8C.jpg,3.5226,3,female,,,Donnie Darko; Into the Wild; Sucker Punch,actor; fantasy; drama; mystery,,,,,,,,,,,
Kim Go-eun,1067849,https://image.tmdb.org/t/p/w500/9IiR3lsMK0BkBJGeQFTeBoLxEQl.jpg,3.7176,3,female,,,Guardian: The Lonely and Great God; The King: Eternal Monarch; Exhuma,actor; drama; comedy; mystery,,,,,,,,,,,
Zhao Liying,1260868,https://image.tmdb.org/t/p/w500/lDkliS0cwOFO0QA7epHYZJWNttG.jpg,3.3625,3,female,,,Princess Agents; The Story of Ming Lan; The Legend of ShenLi,actor; drama,,,,,,,,,,,
Denyse Roland,38114,https://image.tmdb.org/t/p/w500/jLy29oF2yOGHyrVykr9OYctGfWR.jpg,3.5768,3,female,,,House of 1000 Pleasures; The Dirty Girls; Dirty Lovers,actor; drama,,,,,,,,,,,
Keith Carradine,30613,https://image.tmdb.org/t/p/w500/5gayZWGqjTAVJXr1bXovk3oqOxW.jpg,3.5766,3,male,,,Cowboys & Aliens; The Duellists; The Power of the Dog,actor; western; drama; action,,,,,,,,,,,
Natasha O'Keeffe,1167897,https://image.tmdb.org/t/p/w500/tOX10C02tSFnOSra8a8rGuA6QZ5.jpg,3.6547,3,female,,,Peaky Blinders; The Wheel of Time; Sherlock: The Abominable Bride,actor; drama; crime; mystery,,,,,,,,,,,
Rosario Dawson,5916,https://image.tmdb.org/t/p/w500/1mm7JGHIUX3GRRGXEV9QCzsI0ao.jpg,3.5748,3,female,,,Seven Pounds; Death Proof; The Lego Batman Movie,actor; action; drama; thriller,,,,,,,,,,,
Chen Haoyu,2111474,https://image.tmdb.org/t/p/w500/dIKAkRHWnxiAKhj3lu8p0kcPKEy.jpg,3.5579,3,female,,,I Don't Want to Be Friends with You; Home Coming; A Journey to Love,actor; drama; comedy; war,,,,,,,,,,,
Alyssa Diaz,134180,https://image.tmdb.org/t/p/w500/ihLNjM4E1Fjx5h4l8EL6r3iDRTa.jpg,3.2741,3,female,,,The Rookie; Red Dawn; Narcos: Mexico,actor; crime; drama; comedy,,,,,,,,,,,
Ayça Ayşin Turan,1439922,https://image.tmdb.org/t/p/w500/2ilINzaNM61FLCh0pGhYoyySJEQ.jpg,3.8250,3,female,,,The Protector; Make Me Believe; Love in 39 Degrees,actor; romance; comedy; drama,,,,,,,,,,,
Kate Williams,164903,https://image.tmdb.org/t/p/w500/2wvVIbJXKDwQ1QchS0mk6FF9cJO.jpg,2.8091,3,female,,,Quadrophenia; Poor Cow; Holiday on the Buses,actor; drama; music; comedy,,,,,,,,,,,
Masayoshi Nogami,225578,https://image.tmdb.org/t/p/w500/n71pGsnsFbzLjQkqblhiMmAC0gn.jpg,3.2455,3,male,,,Flower and Snake 4: White Uniform Rope Slave; Stacy: Attack of the Schoolgirl Zombies; Naked Pursuit,actor; drama; horror; thriller,,,,,,,,,,,
Colin Hanks,3492,https://image.tmdb.org/t/p/w500/zi7f3V39eyEeSaxvYAq8zaXMjok.jpg,3.5690,3,male,,,King Kong; The House Bunny; Jumanji: The Next Level,actor; adventure; comedy; drama,,,,,,,,,,,
Miley Cyrus,76594,https://image.tmdb.org/t/p/w500/7slnMlDLR1O65U3Hr8gcOmxDlZz.jpg,3.4232,3,female,,,The Last Song; Bolt; LOL,actor; drama; family; romance,,,,,,,,,,,
Ezra Miller,132157,https://image.tmdb.org/t/p/w500/hLtxNK8eeWZkFSeaAASFWm15Qv0.jpg,3.4996,3,non-binary,,,The Flash; The Perks of Being a Wallflower; Justice League,actor; action; sci-fi; adventure,,,,,,,,,,,
Paul Dano,17142,https://image.tmdb.org/t/p/w500/kwxJ98dHuFOZNAZuri5I9cMEX7q.jpg,3.5641,3,male,,,Swiss Army Man; There Will Be Blood; Looper,actor; drama; comedy; romance,,,,,,,,,,,
Jody Thompson,1024312,https://image.tmdb.org/t/p/w500/qSpaiLA33uRcQPioSXUJnaaEQo5.jpg,3.5854,3,male,,,Instant Family; The Blind Side; The Founder,actor; drama; comedy; history,,,,,,,,,,,
Regina Hall,35705,https://image.tmdb.org/t/p/w500/jiFZ4xNrvUUZLBHnJu71CvdN4kj.jpg,3.4152,3,female,,,Scary Movie; Scary Movie 2; Scary Movie 3,actor; comedy,,,,,,,,,,,
Bruce Greenwood,21089,https://image.tmdb.org/t/p/w500/AmfylDaijUHq8cHMq002xfkW7Vk.jpg,3.6279,3,male,,,"I, Robot; Star Trek; Gerald's Game",actor; action; sci-fi; adventure,,,,,,,,,,,
Damian Lewis,20186,https://image.tmdb.org/t/p/w500/puOXtVatFnAxoOmsFO8z7KTfyJW.jpg,3.4757,3,male,,,Homeland; Once Upon a Time... in Hollywood; Band of Brothers,actor; drama; crime; comedy,,,,,,,,,,,
Walo Lüönd,50205,https://image.tmdb.org/t/p/w500/grXU7GTBbMZqTNgfR5P4cVYaK8k.jpg,4.4551,3,male,,,The Swissmakers; Non-Stop Trouble With the Experts; The Consequence,actor; comedy; romance; drama,,,,,,,,,,,
Beau Bridges,2222,https://image.tmdb.org/t/p/w500/Aiezvt0Uj2Ka9QVW3GvuRLkNS2V.jpg,3.0979,3,male,,,Max Payne; The Mountain Between Us; The Descendants,actor; drama; crime; action,,,,,,,,,,,
Devadarshini,237689,https://image.tmdb.org/t/p/w500/gSq4nM6z82LfI4yjL116P1RDkb0.jpg,3.5165,3,female,,,Enthiran; Eega; 96,actor; action; sci-fi; adventure,,,,,,,,,,,
Emily Watson,1639,https://image.tmdb.org/t/p/w500/bd0qiJXHoLNpkCqABsh67AKRtjC.jpg,3.5348,3,female,,,Corpse Bride; The Theory of Everything; Chernobyl,actor; romance; drama; fantasy,,,,,,,,,,,
Showtaro Morikubo,9714,https://image.tmdb.org/t/p/w500/mSTqMg8fls9pJO3Qwe47nawJ4vX.jpg,3.2234,3,male,,,Naruto Shippūden; Naruto; The Last: Naruto the Movie,actor; animation; action; romance,,,,,,,,,,,
Amitabh Bachchan,35780,https://image.tmdb.org/t/p/w500/u69PvpWqGkywSm0YjFiw77j9eqS.jpg,3.4073,3,male,,,The Great Gatsby; Kabhi Khushi Kabhie Gham; Mohabbatein,actor; drama; romance; comedy,,,,,,,,,,,
M. Emmet Walsh,588,https://image.tmdb.org/t/p/w500/fVWvBxvwyk4aTA9vKZOV9qHRNNk.jpg,3.6606,3,male,,,Blade Runner; Knives Out; Wild Wild West,actor; sci-fi; comedy; drama,,,,,,,,,,,
Ariadna Welter,177785,https://image.tmdb.org/t/p/w500/uhohL1OshjJi7xsRwX84fky5OvC.jpg,3.3980,3,female,,,The Criminal Life of Archibaldo de la Cruz; The Brainiac; The Vampire,actor; horror; comedy; drama,,,,,,,,,,,
Kim Seon-ho,1863349,https://image.tmdb.org/t/p/w500/qG8QeXHCn3iAJxeUCsPswM3Zw5l.jpg,3.3093,3,male,,,Hometown Cha-Cha-Cha; The Childe; Start-Up,actor; drama; comedy; action,,,,,,,,,,,
Meng Ziyi,2128468,https://image.tmdb.org/t/p/w500/R1cfuT9TQ2Xc7hsQHWzbzN0sbA.jpg,3.6007,3,female,,,The Untamed; Blossom; Immortal Samsara,actor; drama; mystery,,,,,,,,,,,
Kelli Berglund,1254396,https://image.tmdb.org/t/p/w500/mWltuVJirQWk4INKIUdiRvyzGQ0.jpg,3.3588,3,female,,,How to Build a Better Boy; Raising the Bar; Going for Gold,actor; family; drama; sci-fi,,,,,,,,,,,
Kevin James,32895,https://image.tmdb.org/t/p/w500/3WPW5duZyQcjveefxwLULgIyhM0.jpg,3.2359,3,male,,,Pixels; Grown Ups; Paul Blart: Mall Cop,actor; comedy; action; sci-fi,,,,,,,,,,,
Burcu Cavrar,3347707,https://image.tmdb.org/t/p/w500/zBL6ukUOX6AYbCx9jhn8Rm3NGqD.jpg,2.9909,3,female,,,Price Of Passion; Abandoned Man; The Festival of Troubadours,actor; drama,,,,,,,,,,,
Kang Hanna,1311803,https://image.tmdb.org/t/p/w500/fXydO3AV3arjm3mMPhIxbf26l6a.jpg,3.5511,3,female,,,"Start-Up; Bon Appétit, Your Majesty; Scarlet Heart: Ryeo",actor; drama; comedy,,,,,,,,,,,
Sophie Marceau,1957,https://image.tmdb.org/t/p/w500/fnETHvczvqpmG0TxrSxeUUKR8Z.jpg,4.0508,3,female,,,Braveheart; The World Is Not Enough; LOL (Laughing Out Loud),actor; action; drama; history,,,,,,,,,,,
James Brolin,9274,https://image.tmdb.org/t/p/w500/mdkmgcWySHNNQRJcPhtKqH9hCIE.jpg,3.3914,3,male,,,Catch Me If You Can; The Amityville Horror; Lightyear,actor; drama; crime; horror,,,,,,,,,,,
Amy Acker,81133,https://image.tmdb.org/t/p/w500/9lpLwfscOoG4jyYIH761SRnm09U.jpg,3.6328,3,female,,,The Cabin in the Woods; The Gifted; Angel,actor; drama; horror; mystery,,,,,,,,,,,
Ally Sheedy,12851,https://image.tmdb.org/t/p/w500/dV6eGZm2HNEN2sfa4abTa2QtwOH.jpg,3.3084,3,female,,,The Breakfast Club; Short Circuit; WarGames,actor; comedy; drama; sci-fi,,,,,,,,,,,
Gina Gershon,11150,https://image.tmdb.org/t/p/w500/tpx72NUZwxZlcUgqWRxwbpvJjYo.jpg,3.5283,3,female,,,Face/Off; Bound; P.S. I Love You,actor; crime; drama; action,,,,,,,,,,,
Marcie Barkin,102453,https://image.tmdb.org/t/p/w500/wBbF1GKPz2acASwvmuXhSvECQiK.jpg,1.9011,3,female,,,She's Out of Control; Fade to Black; The Van,actor; comedy; romance; drama,,,,,,,,,,,
Eleanor Matsuura,62976,https://image.tmdb.org/t/p/w500/8PTKH2LHXVxoxPm4kULlQ0OdwTg.jpg,3.4918,3,female,,,The Walking Dead; Wonder Woman; The Day of the Jackal,actor; drama; action; adventure,,,,,,,,,,,
Julia Louis-Dreyfus,15886,https://image.tmdb.org/t/p/w500/iEfHQNrVbVFesDPjdySom9nqsFg.jpg,3.5596,3,female,,,A Bug's Life; Onward; Thunderbolts*,actor; adventure; family; animation,,,,,,,,,,,
Raymond Lam Fung,89409,https://image.tmdb.org/t/p/w500/Ak40P6TWthdQ9diRki5RIcJ6r95.jpg,2.9843,3,male,,,Twilight of the Warriors: Walled In; The Sorcerer and the White Snake; Detective vs. Sleuths,actor; action; crime; thriller,,,,,,,,,,,
Tina Majorino,53930,https://image.tmdb.org/t/p/w500/2sOAKJHk38fsZPtM7L13KjqA8hR.jpg,3.3904,3,female,,,Waterworld; Napoleon Dynamite; Alice in Wonderland,actor; adventure; action; sci-fi,,,,,,,,,,,
Tom Hollander,2441,https://image.tmdb.org/t/p/w500/cqZiJsImFZ6TaeShRRg49AZ9TyT.jpg,3.5998,3,male,,,About Time; Bohemian Rhapsody; Pirates of the Caribbean: Dead Man's Chest,actor; drama; fantasy; romance,,,,,,,,,,,
James Van Der Beek,19210,https://image.tmdb.org/t/p/w500/romoF6aNi4v9UcUqRSElfeDvBuJ.jpg,3.5438,3,male,,,Dawson's Creek; The Rules of Attraction; Varsity Blues,actor; drama; romance; comedy,,,,,,,,,,,
Cameron Monaghan,37089,https://image.tmdb.org/t/p/w500/u2nxAlWiFcc8qIjpTppFazl13CR.jpg,3.5420,3,male,,,The Giver; Amityville: The Awakening; Click,actor; drama; sci-fi; horror,,,,,,,,,,,
Natsuki Hanae,1256603,https://image.tmdb.org/t/p/w500/alTb0DlcPIbcwM08WSmxFai58sd.jpg,3.5411,3,male,,,Demon Slayer: Kimetsu no Yaiba; Demon Slayer -Kimetsu no Yaiba- The Movie: Mugen Train; Tokyo Ghoul,actor; animation; action; fantasy,,,,,,,,,,,
Katsuyuki Konishi,24647,https://image.tmdb.org/t/p/w500/nYM5cH6U7cp4x9dIzW0enmEKmeV.jpg,3.5407,3,male,,,Demon Slayer: Kimetsu no Yaiba; Demon Slayer -Kimetsu no Yaiba- The Movie: Mugen Train; Gurren Lagann,actor; animation; action; fantasy,,,,,,,,,,,
Michael Shannon,335,https://image.tmdb.org/t/p/w500/6mMczfjM8CiS1WuBOgo5Xom1TcR.jpg,3.5400,3,male,,,The Shape of Water; Man of Steel; Knives Out,actor; drama; fantasy; romance,,,,,,,,,,,
Felicity Huffman,7427,https://image.tmdb.org/t/p/w500/ufX7jWbF3IldRbuw4aN3I0lBfqo.jpg,3.5390,3,female,,,Desperate Housewives; Transamerica; Georgia Rule,actor; drama; comedy; mystery,,,,,,,,,,,
Vito Fornari,1409579,,3.5389,3,male,,,The Inglorious Bastards; The New Barbarians; The Humanoid,actor; action; sci-fi; war,,,,,,,,,,,
Mandy Patinkin,25503,https://image.tmdb.org/t/p/w500/1PeZ6roZvkcoyZZbvoSIWTgGe3a.jpg,3.5389,3,male,,,Criminal Minds; The Princess Bride; Wonder,actor; drama; family; crime,,,,,,,,,,,
Huang Xiaoming,109434,https://image.tmdb.org/t/p/w500/pnSbq1pNDb0uLkzGOJ8zy7piBvb.jpg,3.5362,3,male,,,Ip Man 2; Escape Plan 2: Hades; American Dreams in China,actor; action; drama; history,,,,,,,,,,,
Wen Zhicheng,4026744,https://image.tmdb.org/t/p/w500/mazbkLQYYOQ0xcLbaijzuT4i8CH.jpg,3.5354,3,male,,,闺蜜穿书成妯娌，双双孕肚藏不住; The Bitter; Triplets Tame the Cold CEO,actor; drama,,,,,,,,,,,
Luke Evans,114019,https://image.tmdb.org/t/p/w500/kI5B6iwoTlHkpGuwhpj4VDMnBZl.jpg,3.5334,3,male,,,Dracula Untold; Beauty and the Beast; The Hobbit: The Battle of the Five Armies,actor; fantasy; action; horror,,,,,,,,,,,
Sophia Loren,16757,https://image.tmdb.org/t/p/w500/lxhkn933v8EuBHvfTWSS5SQQnJ4.jpg,3.5333,3,female,,,A Special Day; The Life Ahead; Two Women,actor; drama; romance; war,,,,,,,,,,,
Rogelio Guerra,975020,https://image.tmdb.org/t/p/w500/knrkttJSx0wP9hWv3cRQXLa9Qwm.jpg,3.5329,3,male,,,Tomorrow is forever; El padrecito; Los ricos también lloran,actor; drama; comedy,,,,,,,,,,,
Tia Carrere,13445,https://image.tmdb.org/t/p/w500/oAIyl8U6bMvID8gJKskeKmLB1cA.jpg,3.5315,3,female,,,Lilo & Stitch; True Lies; Wayne's World,actor; comedy; animation; family,,,,,,,,,,,
Kris Kristofferson,10823,https://image.tmdb.org/t/p/w500/fWZCpnXT7sLOdc96Bm66QTOjnXZ.jpg,3.5301,3,male,,,Blade II; Blade; Blade: Trinity,actor; horror; action; fantasy,,,,,,,,,,,
Jake Weber,4177,https://image.tmdb.org/t/p/w500/z1RTh4qvyMFha8nKd5Uw1dKwkZz.jpg,3.5283,3,male,,,Dawn of the Dead; Meet Joe Black; White House Down,actor; action; drama; horror,,,,,,,,,,,
Fan Zhixin,2533329,https://image.tmdb.org/t/p/w500/1TowSJzOOeKvWzpWpPO6RzI3cf0.jpg,3.5238,3,male,,,Our Secret; My Lethal Man; Be Your Knight,actor; drama; mystery,,,,,,,,,,,
Mark Eydelshteyn,3051936,https://image.tmdb.org/t/p/w500/1M4zBlIRCdsQtJfi9Yn6uStGtsK.jpg,3.5235,3,male,,,Anora; Mr. & Mrs. Smith; Guest from the Future,actor; drama; comedy; romance,,,,,,,,,,,
Josh Duhamel,19536,https://image.tmdb.org/t/p/w500/5Rp9aeWdN2S623KCjwfii9MhDK1.jpg,3.5235,3,male,,,"Love, Simon; Transformers; Life As We Know It",actor; comedy; drama; romance,,,,,,,,,,,
Martin Lawrence,78029,https://image.tmdb.org/t/p/w500/y3SQzIPUPJpdueb1DkbTYph68nk.jpg,3.5235,3,male,,,Bad Boys II; Bad Boys for Life; Bad Boys,actor; action; crime; comedy,,,,,,,,,,,
Lee Je-hoon,531736,https://image.tmdb.org/t/p/w500/tcG6IT9WMG21hQ1S6ngW583ROpy.jpg,3.5229,3,male,,,Move to Heaven; Time to Hunt; Signal,actor; drama; action; thriller,,,,,,,,,,,
Bill Camp,121718,https://image.tmdb.org/t/p/w500/wxYyJSltCHwU0MTg838SllOlvNT.jpg,3.5221,3,male,,,Joker; Sound of Freedom; 12 Years a Slave,actor; drama; crime; thriller,,,,,,,,,,,
Nao Saejima,1167972,https://image.tmdb.org/t/p/w500/88BgPNVi0WTU5bR38GERUSpsCEP.jpg,3.5202,3,female,,,Meet Me in the Dream: Wonderland; Erotic Ghost Story: Female Ghost in Heat; Abnormal Excitement: Nao Saejima,actor; fantasy; drama; horror,,,,,,,,,,,
Daisy Ridley,1315036,https://image.tmdb.org/t/p/w500/iVboQmgPC3tYFjezBjrVECJRS8n.jpg,3.5161,3,female,,,Star Wars: The Force Awakens; Star Wars: The Last Jedi; Star Wars: The Rise of Skywalker,actor; adventure; action; sci-fi,,,,,,,,,,,
Dustin Hoffman,4483,https://image.tmdb.org/t/p/w500/yxNGnTiou25c3zjppT5dW2eWAve.jpg,3.5133,3,male,,,Rain Man; Hook; Kung Fu Panda,actor; drama; comedy; family,,,,,,,,,,,
Martin Freeman,7060,https://image.tmdb.org/t/p/w500/nrO54AzrxiNgCjBUOSz6ebyxDZY.jpg,3.5130,3,male,,,The Hobbit: An Unexpected Journey; The Hobbit: The Battle of the Five Armies; The Hobbit: The Desolation of Smaug,actor; adventure; fantasy; action,,,,,,,,,,,
Hou Minghao,1844511,https://image.tmdb.org/t/p/w500/cKFIKmHNPtAdeaWozo3MZkirojC.jpg,3.5125,3,male,,,Hidden Strike; Love in the Clouds; Think Like a Dog,actor; comedy; drama; action,,,,,,,,,,,
Ashton Kutcher,18976,https://image.tmdb.org/t/p/w500/qJlM29jTncF9GpmE0PPVwbp5iPB.jpg,3.5125,3,male,,,The Butterfly Effect; Two and a Half Men; Valentine's Day,actor; comedy; sci-fi; thriller,,,,,,,,,,,
Steve Larkin,1671234,https://image.tmdb.org/t/p/w500/fKWXYuuPscZnuOI0YDZ5fgiOfw0.jpg,3.5100,3,male,,,Christmas at Pemberley Manor; Beneath the Darkness; Help for the Holidays,actor; romance; thriller; horror,,,,,,,,,,,
Vijayashanti,584259,https://image.tmdb.org/t/p/w500/tUzNRk8vqyEXgi1gE6JCTZcEOHD.jpg,3.5100,3,female,,,Sarileru Neekevvaru; Mannan; Padamati Sandhya Ragam,actor; action; drama; romance,,,,,,,,,,,
Chris Pine,62064,https://image.tmdb.org/t/p/w500/d8hGMH1igEFnpNFEEFdP3yFHV3U.jpg,3.5100,3,male,,,Wonder Woman; Star Trek; Star Trek Into Darkness,actor; action; adventure; sci-fi,,,,,,,,,,,
Krista Allen,21858,https://image.tmdb.org/t/p/w500/AfPWJ6Dg5C1gH51dOSB1fqKHuTX.jpg,3.5098,3,female,,,Liar Liar; The Final Destination; Anger Management,actor; comedy; horror; mystery,,,,,,,,,,,
Bolo Yeung,58123,https://image.tmdb.org/t/p/w500/nLB34sDxed0Gbf646q9iaziaIk.jpg,3.5085,3,male,,,Bloodsport; Double Impact; Enter the Dragon,actor; action; thriller; drama,,,,,,,,,,,
Zoë Kravitz,37153,https://image.tmdb.org/t/p/w500/hJKmhbuzDjmfw2nPBDWGbLagj16.jpg,3.5079,3,female,,,The Batman; Divergent; Mad Max: Fury Road,actor; action; adventure; sci-fi,,,,,,,,,,,
Brett Gelman,224197,https://image.tmdb.org/t/p/w500/ub2IuMWFNQGYghHTPq0lpmn2Ue0.jpg,3.5065,3,male,,,Stranger Things; Tom Clancy's Without Remorse; Inside Job,actor; mystery; action; thriller,,,,,,,,,,,
Peter Linz,360193,https://image.tmdb.org/t/p/w500/hQZzWLqAK1sf45ddLCMh6Yuiaai.jpg,3.5046,3,male,,,The Muppets; Muppets Most Wanted; Muppets Haunted Mansion,actor; family; comedy; adventure,,,,,,,,,,,
Inna Pölkki,3176153,,3.5033,3,,,,Latch,actor; drama,,,,,,,,,,,
Makoto Furukawa,1319218,https://image.tmdb.org/t/p/w500/inLmBZhrqXeE9wlViyK28ocKJSw.jpg,3.5028,3,male,,,One-Punch Man; Kaguya-sama: Love Is War; Dr. STONE,actor; animation; comedy,,,,,,,,,,,
Jordan Peele,291263,https://image.tmdb.org/t/p/w500/kFUKn5g3ebpyZ3CSZZZo2HFWRNQ.jpg,3.5026,3,male,,,Toy Story 4; Keanu; Get Out,actor; comedy; family; animation,,,,,,,,,,,
Karunakaran,1187406,https://image.tmdb.org/t/p/w500/3unnOmeQ0r4GhAY1EDbZaCdt1N.jpg,3.5022,3,male,,,Jigarthanda; Pizza; Soodhu Kavvum,actor; comedy; thriller; crime,,,,,,,,,,,
Bella Ramsey,1668004,https://image.tmdb.org/t/p/w500/ewHtHS5fuMQq0wcSOIXY87lttFy.jpg,3.5018,3,non-binary,,,The Last of Us; Game of Thrones; Chicken Run: Dawn of the Nugget,actor; drama; family; animation,,,,,,,,,,,
Debbie Reynolds,8857,https://image.tmdb.org/t/p/w500/9Z9DQqNztKlinANGGgD5dQODtlr.jpg,3.5007,3,female,,,Singin' in the Rain; Halloweentown; Charlotte's Web,actor; comedy; family; romance,,,,,,,,,,,
Akio Otsuka,40451,https://image.tmdb.org/t/p/w500/uH9oiqOOgrsz2zNnouVZ1qPzDyb.jpg,3.4992,3,male,,,Ghost in the Shell; Howl's Moving Castle; Porco Rosso,actor; animation; fantasy; adventure,,,,,,,,,,,
Shraddha Kapoor,130991,https://image.tmdb.org/t/p/w500/70y8OBg29SUUY659UfQ4FquCyOe.jpg,3.4982,3,female,,,Tu Jhoothi Main Makkaar; Aashiqui 2; Stree,actor; comedy; romance; family,,,,,,,,,,,
Anthony Anderson,18471,https://image.tmdb.org/t/p/w500/reO1OjwFdtXmiO4LMDaBj6eatzK.jpg,3.4982,3,male,,,"The Departed; Me, Myself & Irene; Transformers",actor; drama; thriller; crime,,,,,,,,,,,
Antonia Santa María,1142175,https://image.tmdb.org/t/p/w500/dvCkc3MrkiKWWewjZOa8nrNm4z7.jpg,3.4975,3,female,,,Gloria; Piedad: una roca va al psiquiatra; Dime quién fue,actor; drama; comedy; family,,,,,,,,,,,
Shizuka Itoh,571993,https://image.tmdb.org/t/p/w500/n47YvFPlJzl8HnsoDBtM8SUqG8q.jpg,3.4948,3,female,,,High School DxD; The Way of the Househusband; xxxHOLiC,actor; animation; comedy,,,,,,,,,,,
Kaori Asada,4937303,https://image.tmdb.org/t/p/w500/A4X6FiG7d97izRL47jiBzA4ZXch.jpg,3.4946,3,female,,,搭乗日誌 スチュワーデスの危ない報告; Resume behind the confession; Over the Night,actor; crime; drama,,,,,,,,,,,
Eddie Redmayne,37632,https://image.tmdb.org/t/p/w500/fSvG7qzoBBnJUmgtIuMgrK3EQPN.jpg,3.4941,3,male,,,Fantastic Beasts and Where to Find Them; Fantastic Beasts: The Crimes of Grindelwald; The Theory of Everything,actor; fantasy; adventure; drama,,,,,,,,,,,
Maggie Smith,10978,https://image.tmdb.org/t/p/w500/i7vcF4KzJTgH6kO0TqURuEEfoU3.jpg,3.4925,3,female,,,Harry Potter and the Philosopher's Stone; Sister Act; Harry Potter and the Prisoner of Azkaban,actor; adventure; fantasy; music,,,,,,,,,,,
Bruce Leung Siu-Lung,83491,https://image.tmdb.org/t/p/w500/thgf1TvGZu8Zmpd2enLaPWsqcXb.jpg,3.4914,3,male,,,Kung Fu Hustle; The Grandmaster; Tai Chi Zero,actor; action; drama; comedy,,,,,,,,,,,
Christopher Lee,113,https://image.tmdb.org/t/p/w500/dA26fBr3t7mKqjn3OYW6kbD1LXM.jpg,3.4904,3,male,,,The Lord of the Rings: The Fellowship of the Ring; Star Wars: Episode II - Attack of the Clones; The Lord of the Rings: The Two Towers,actor; adventure; action; fantasy,,,,,,,,,,,
Robert Knepper,17343,https://image.tmdb.org/t/p/w500/w40AttR4OPQvjYyTVanq5Rm5iOb.jpg,3.4903,3,male,,,Transporter 3; Hitman; The Hunger Games: Mockingjay - Part 1,actor; thriller; action; crime,,,,,,,,,,,
Gavin Casalegno,1086527,https://image.tmdb.org/t/p/w500/snYCYm31OniXr024HUcomunYpjV.jpg,3.4899,3,male,,,Noah; The Summer I Turned Pretty; The Iceman,actor; drama; adventure; thriller,,,,,,,,,,,
Toby Jones,13014,https://image.tmdb.org/t/p/w500/1qNisdp4f1KstdfvAgYXMdrhwfk.jpg,3.4833,3,male,,,Harry Potter and the Deathly Hallows: Part 1; Harry Potter and the Chamber of Secrets; The Hunger Games,actor; adventure; fantasy; sci-fi,,,,,,,,,,,
Takashi Shimura,7453,https://image.tmdb.org/t/p/w500/ydyAm2vyBbEPZRICIMqqjDm0NM9.jpg,3.4828,3,male,,,Seven Samurai; Ikiru; Rashomon,actor; drama; action; crime,,,,,,,,,,,
Novak Đoković,1231873,https://image.tmdb.org/t/p/w500/gg7hoMwmSVC15rdvS0JAEy5wlRr.jpg,3.2767,3,male,,,The Expendables 2; Federer: Twelve Final Days; Untold: Breaking Point,actor; documentary; action; adventure,,,,,,,,,,,
Manuel Garcia-Rulfo,1168097,https://image.tmdb.org/t/p/w500/54Rk1hKfNdNKGHQMnONDGmNtUv3.jpg,3.2609,3,male,,,6 Underground; The Magnificent Seven; Murder on the Orient Express,actor; action; comedy; thriller,,,,,,,,,,,
Wang Haozhen,2398805,https://image.tmdb.org/t/p/w500/nzi0X3wpz5ISXRWnVmn2D0W9a2Y.jpg,3.7756,3,male,,,My Girlfriend is an Alien; Sisters' Heist; My National Husband,actor; drama; comedy,,,,,,,,,,,
Benedict Wong,30082,https://image.tmdb.org/t/p/w500/yYfLyrC2CE6vBWSJfkpuVKL2POM.jpg,3.4773,3,male,,,Doctor Strange; Spider-Man: No Way Home; Doctor Strange in the Multiverse of Madness,actor; adventure; action; fantasy,,,,,,,,,,,
Amanda Plummer,99,https://image.tmdb.org/t/p/w500/wEwyajjePFVVn2wFdH1NH7z9Qn5.jpg,3.4753,3,female,,,Pulp Fiction; The Hunger Games: Catching Fire; Hercules,actor; comedy; adventure; thriller,,,,,,,,,,,
Louise Stratten,95979,https://image.tmdb.org/t/p/w500/8RHuUmaw9xS7mlUAF0REWudWiQJ.jpg,3.4748,3,female,,,Django Unchained; It Chapter Two; Noises Off...,actor; drama; western; horror,,,,,,,,,,,
Masiela Lusha,281985,https://image.tmdb.org/t/p/w500/xkXvuHjydPXRgwbXS1SxHVeiaX7.jpg,3.4742,3,female,,,Sharknado 5: Global Swarming; Sharknado 4: The 4th Awakens; Dragonfyre,actor; action; comedy; sci-fi,,,,,,,,,,,
Jörundur Ragnarsson,118345,https://image.tmdb.org/t/p/w500/ujI7fC6g0kyjM0W2sbCKdUR3qTe.jpg,3.4738,3,male,,,Woman at War; Rams; Reykjavik-Rotterdam,actor; drama; thriller; comedy,,,,,,,,,,,
Hitomi Shiraishi,1108938,https://image.tmdb.org/t/p/w500/8BaCscwFhk8QXnimbZqxDkC2pBt.jpg,3.6999,3,female,,,Night of Body's Model; Tokyo Decameron; The Bondage Master,actor; horror; mystery; drama,,,,,,,,,,,
Yoko Hikasa,1072774,https://image.tmdb.org/t/p/w500/mP3bj0s1gqJ6tCKFLhu4b1CkJj7.jpg,3.3875,3,female,,,"High School DxD; No Game, No Life: Zero; SHAMAN KING",actor; animation; comedy; adventure,,,,,,,,,,,
Caleb Landry Jones,572541,https://image.tmdb.org/t/p/w500/8M5lPHrERwAIfWK56RkH30FOjhV.jpg,3.4696,3,male,,,"Get Out; Finch; Three Billboards Outside Ebbing, Missouri",actor; drama; mystery; thriller,,,,,,,,,,,
Miranda Cosgrove,17743,https://image.tmdb.org/t/p/w500/qIGeoyXEVu1LxTH34TWx1YSHyQr.jpg,3.4666,3,female,,,Despicable Me; Despicable Me 2; Despicable Me 3,actor; family; comedy; animation,,,,,,,,,,,
Kara Hui Ying-Hung,84205,https://image.tmdb.org/t/p/w500/usUroq18HASSFlTh9NFfdWqQmwn.jpg,3.4665,3,female,,,"Return to the 36th Chamber; The Bold, the Corrupt and the Beautiful; Rigor Mortis",actor; action; drama; comedy,,,,,,,,,,,
Sophie Ross,96463,https://image.tmdb.org/t/p/w500/i65VevO3ZfqcmObHRcvyWyMctH7.jpg,3.4653,3,female,,,Criminal; Station 19; Sucker,actor; action; crime; sci-fi,,,,,,,,,,,
Will Ferrell,23659,https://image.tmdb.org/t/p/w500/yjGbyQzVjpQl8xFkFGa7JxKZWQb.jpg,3.4643,3,male,,,Megamind; Anchorman: The Legend of Ron Burgundy; The Other Guys,actor; comedy; action; animation,,,,,,,,,,,
May Hong,1948606,https://image.tmdb.org/t/p/w500/aJh1EKFeqDJeLt5CI5D05c19VRM.jpg,2.0046,3,female,,,KPop Demon Hunters; KPop Demon Hunters Lyric Videos; Tales of the City,actor; animation; fantasy; music,,,,,,,,,,,
Kristen Wiig,41091,https://image.tmdb.org/t/p/w500/oddvykQHx71hEZlvKinCzB3Vcfh.jpg,3.4621,3,female,,,The Martian; Ghostbusters; Despicable Me 2,actor; comedy; sci-fi; drama,,,,,,,,,,,
John Turturro,1241,https://image.tmdb.org/t/p/w500/wmcWO1WS0DCQrisECrcjYLIR8V4.jpg,3.4621,3,male,,,"O Brother, Where Art Thou?; The Batman; Secret Window",actor; crime; mystery; thriller,,,,,,,,,,,
Chiara Ferrara,3533199,https://image.tmdb.org/t/p/w500/A7fOWvmyA6tDDcqTrRPsW8PGPUm.jpg,1.6487,3,female,,,Another End; Reginetta; Zvanì - Il romanzo famigliare di Giovanni Pascoli,actor; drama; history; sci-fi,,,,,,,,,,,
Hwang In-yeop,2333298,https://image.tmdb.org/t/p/w500/rT7XAbJJZTBqsNng42DuBKSt9RR.jpg,3.0914,3,male,,,True Beauty; Family by Choice; The Sound of Magic,actor; drama; comedy; family,,,,,,,,,,,
Wang Zhi,1985026,https://image.tmdb.org/t/p/w500/q9KQAA8587VmYH6pxfd6DfVTFmj.jpg,2.0914,3,female,,,The Wandering Earth II; The Wandering Earth; Goodbye Mr. Loser,actor; sci-fi; action; adventure,,,,,,,,,,,
Yasmin Abdulaziz,140879,https://image.tmdb.org/t/p/w500/6WevW0u4fa47n5NSSps18leaPep.jpg,3.4572,3,female,,,Zaki Chan; Nanny Doody; Ms. Mammy,actor; comedy; crime; romance,,,,,,,,,,,
Zhang Ruonan,2174697,https://image.tmdb.org/t/p/w500/7qFHUBL4qUusjOb4aCACYBKcb6C.jpg,3.4543,3,female,,,The First Frost; My Love; Love Life Light,actor; drama; romance; mystery,,,,,,,,,,,
Michael Rapaport,4688,https://image.tmdb.org/t/p/w500/nWD2kufgy6lPyFVCPr9A3e7FMMn.jpg,3.4507,3,male,,,The 6th Day; The Heat; Hitch,actor; action; drama; comedy,,,,,,,,,,,
Corey Feldman,3034,https://image.tmdb.org/t/p/w500/kpxdR2EsA0T36Scjiq9NRNCNJGY.jpg,3.4505,3,male,,,Stand by Me; The Goonies; Gremlins,actor; comedy; crime; drama,,,,,,,,,,,
Cynthia Erivo,1765068,https://image.tmdb.org/t/p/w500/gIAXqZwZCBqkh2ppfAV4xcnMxki.jpg,3.5163,3,female,,,Wicked; Bad Times at the El Royale; Harriet,actor; drama; romance; fantasy,,,,,,,,,,,
Camila Mendes,1721740,https://image.tmdb.org/t/p/w500/pZAWRHdJtJlDcWuQHlgIwX12s02.jpg,3.6580,3,female,,,Riverdale; Upgraded; Do Revenge,actor; romance; comedy; crime,,,,,,,,,,,
Michaela McManus,210126,https://image.tmdb.org/t/p/w500/4BfCVZlnaGeMUNO9WeRMyZjX45x.jpg,3.4461,3,female,,,Law & Order: Special Victims Unit; The Orville; The Block Island Sound,actor; drama; mystery; crime,,,,,,,,,,,
Brian Tee,116278,https://image.tmdb.org/t/p/w500/ieqbktfBwcHkeikMfNDW94Yffzp.jpg,3.4454,3,male,,,Jurassic World; The Fast and the Furious: Tokyo Drift; The Wolverine,actor; action; adventure; sci-fi,,,,,,,,,,,
Laura Gemser,41127,https://image.tmdb.org/t/p/w500/zObMWYEHJkPEhmFsyW8uFCVRgfo.jpg,3.4452,3,female,,,Emmanuelle: Queen of Sados; Emanuelle and the Last Cannibals; Black Emanuelle,actor; drama; adventure; crime,,,,,,,,,,,
Meghann Fahy,1028899,https://image.tmdb.org/t/p/w500/vn1JwgdLoFerqqgzcg61tgCJ0ZE.jpg,3.4426,3,female,,,Drop; Miss Sloane; Sirens,actor; thriller; drama; mystery,,,,,,,,,,,
Lacey Chabert,22082,https://image.tmdb.org/t/p/w500/1q9Xe7QVi5oayhPMEiRPgd6FFKG.jpg,3.4362,3,female,,,Mean Girls; Ghosts of Girlfriends Past; The Lion King II: Simba's Pride,actor; drama; comedy; romance,,,,,,,,,,,
Ashwin Dhar,1137399,https://image.tmdb.org/t/p/w500/xuQSif47bN6GwSfSuRG7QMkOpab.jpg,2.7301,3,,,,Padmaavat; Dhurandhar; Happy Hardy And Heer,actor; romance; drama; history,,,,,,,,,,,
Keiko Kitagawa,120923,https://image.tmdb.org/t/p/w500/hbFxLjMvFnbdPA81RnJ5F9Pdi91.jpg,3.4331,3,female,,,The Fast and the Furious: Tokyo Drift; Paradise Kiss; Stolen Identity,actor; crime; drama; action,,,,,,,,,,,
Tom Kenny,78798,https://image.tmdb.org/t/p/w500/dKOxpGnRkIMaPkZSHKIns99WxQa.jpg,3.4329,3,male,,,SpongeBob SquarePants; The SpongeBob SquarePants Movie; The SpongeBob Movie: Sponge on the Run,actor; animation; comedy; family,,,,,,,,,,,
Katee Sackhoff,51798,https://image.tmdb.org/t/p/w500/kzcwfDDrgXnVgyTfcpG0obOn7Qk.jpg,3.4325,3,female,,,The Mandalorian; Riddick; Oculus,actor; sci-fi; action; thriller,,,,,,,,,,,
Jonathan Brandis,27773,https://image.tmdb.org/t/p/w500/bMrxtkLdUiEefMlwSWStFBy30Xr.jpg,3.4313,3,male,,,The NeverEnding Story II: The Next Chapter; It; Sidekicks,actor; drama; family; adventure,,,,,,,,,,,
Xie Miao,83487,https://image.tmdb.org/t/p/w500/8bwYSkseRMrwZxD9pS9mQlS0bDR.jpg,3.6580,3,male,,,Ip Man: The Awakening; The Enforcer; Legend of the Red Dragon,actor; action; thriller; adventure,,,,,,,,,,,
Cho Yeo-jeong,556435,https://image.tmdb.org/t/p/w500/5MgWM8pkUiYkj9MEaEpO0Ir1FD9.jpg,3.1740,3,female,,,Parasite; The Concubine; Hidden Face,actor; thriller; drama; comedy,,,,,,,,,,,
Ludwika Paleta,947296,https://image.tmdb.org/t/p/w500/dcozq8kwFH1XEu547PZ6OpJcznz.jpg,3.4955,3,female,,,Daughter from Another Mother; ¿Quieres ser mi hijo?; La Querida del Centauro,actor; comedy; drama; romance,,,,,,,,,,,
Samantha Allen,2044106,https://image.tmdb.org/t/p/w500/y7E5hF0wmPiESozOq1lUdrowwg6.jpg,3.4249,3,female,,,Fighting with My Family; EVE 131: Multiverse Rumble; PROGRESS Chapter 79: One Big Neck With Sausage Hands,actor; comedy; action; drama,,,,,,,,,,,
Matt Green,1901586,,1.7301,3,male,,,Blackball; Cinderella: After Ever After; Garth Marenghi's Darkplace,actor; comedy; fantasy; mystery,,,,,,,,,,,
Ben Schnetzer,224167,https://image.tmdb.org/t/p/w500/drpFFDyWj2jeoX5I1D1WhUfcCCx.jpg,3.4234,3,male,,,Warcraft; The Book Thief; Pride,actor; drama; action; adventure,,,,,,,,,,,
Wendie Malick,61980,https://image.tmdb.org/t/p/w500/4yDh5iu4Qyib35aXfo7SStFpnNC.jpg,3.5788,3,female,,,The Emperor's New Groove; The Owl House; Alvin and the Chipmunks: The Squeakquel,actor; animation; comedy; family,,,,,,,,,,,
Rob Lowe,2879,https://image.tmdb.org/t/p/w500/77decDyKXB34i9A1FnMM1suI5cA.jpg,3.4203,3,male,,,9-1-1: Lone Star; Sex Tape; Wayne's World,actor; comedy; drama; crime,,,,,,,,,,,
Afra Saraçoğlu,1955840,https://image.tmdb.org/t/p/w500/m4TXmHtDjtdFTRJPYVberQM1H6T.jpg,3.2334,3,female,,,Golden Boy; Is This Love?; Bad Boy,actor; drama; romance; family,,,,,,,,,,,
Davina Karamoy,2431308,https://image.tmdb.org/t/p/w500/48jVYXs79gWKtmd1X2ytGMQQfLy.jpg,3.8848,3,female,,,Ipar Adalah Maut; Perewangan; The Third Eye 2,actor; horror; mystery; thriller,,,,,,,,,,,
Alyssa Milano,24967,https://image.tmdb.org/t/p/w500/q5RAaX57dLvlpigAhbX3lCb2dkZ.jpg,3.4131,3,female,,,Charmed; Lady and the Tramp II: Scamp's Adventure; Commando,actor; adventure; comedy; drama,,,,,,,,,,,
River Phoenix,741,https://image.tmdb.org/t/p/w500/m6fAk9U6ws76aWCBanu2cj2Lgh0.jpg,3.4123,3,male,,,Stand by Me; Indiana Jones and the Last Crusade; My Own Private Idaho,actor; drama; crime; adventure,,,,,,,,,,,
Keerthy Suresh,1295762,https://image.tmdb.org/t/p/w500/fTdgSinsAitdujBBEUEA72GY0pv.jpg,3.3418,3,female,,,Mahanati; Sarkar; Bairavaa,actor; drama; action,,,,,,,,,,,
Alicia Witt,3128,https://image.tmdb.org/t/p/w500/vQ2McAjHjY3A7oDrPMx6aLSsvkW.jpg,3.4308,3,female,,,Urban Legend; Longlegs; 88 Minutes,actor; mystery; horror; crime,,,,,,,,,,,
Matthew Modine,8654,https://image.tmdb.org/t/p/w500/z974QEHL12qUvLyk6hlWGAmDgom.jpg,3.4304,3,male,,,Full Metal Jacket; The Dark Knight Rises; Stranger Things,actor; drama; war; action,,,,,,,,,,,
Michael Kelly,50217,https://image.tmdb.org/t/p/w500/6MI8HhX1GWbcrWG8DiHffzmqaVm.jpg,3.4215,3,male,,,Now You See Me; Chronicle; Changeling,actor; thriller; crime; drama,,,,,,,,,,,
Charlie Sheen,6952,https://image.tmdb.org/t/p/w500/sxoSLhXPEL1Hp1yaTpejTLfd1As.jpg,3.4197,3,male,,,Platoon; Hot Shots!; Hot Shots! Part Deux,actor; war; action; comedy,,,,,,,,,,,
Elyas M'Barek,25409,https://image.tmdb.org/t/p/w500/3MnTQczEaDsUOXaojXre6mOjxZi.jpg,3.4179,3,male,,,Suck Me Shakespeer; Suck Me Shakespeer 2; Who Am I,actor; comedy; thriller,,,,,,,,,,,
Polly Walker,6416,https://image.tmdb.org/t/p/w500/eE8dtdlAwnMeramd1pA6eOQzhky.jpg,3.4178,3,female,,,Clash of the Titans; John Carter; D-Tox,actor; adventure; action; fantasy,,,,,,,,,,,
Natasha Richardson,20162,https://image.tmdb.org/t/p/w500/eQNhOUDQY4NZD2cbaUpltLxrcG.jpg,3.4155,3,female,,,The Parent Trap; Maid in Manhattan; Wild Child,actor; comedy; romance; drama,,,,,,,,,,,
John Cleese,8930,https://image.tmdb.org/t/p/w500/nQpBf77cStmR35V0XOinm2zZMWG.jpg,3.4142,3,male,,,Monty Python and the Holy Grail; Life of Brian; Shrek 2,actor; comedy; fantasy; adventure,,,,,,,,,,,
Felicity Devonshire,101589,https://image.tmdb.org/t/p/w500/bntz8aQJV9S7BnRI4BvOYy25E6a.jpg,3.4107,3,female,,,Annie; Intimate Games; What's Up Nurse,actor; comedy; drama,,,,,,,,,,,
Robin Wright,32,https://image.tmdb.org/t/p/w500/d3rIv0y2p0jMsQ7ViR7O1606NZa.jpg,3.4098,3,female,,,Forrest Gump; Wonder Woman; Unbreakable,actor; drama; comedy; romance,,,,,,,,,,,
Helen McCrory,15737,https://image.tmdb.org/t/p/w500/3FyO7Z8WigeCQsUpW4B1x3qfmFx.jpg,3.4095,3,female,,,Peaky Blinders; Skyfall; Harry Potter and the Deathly Hallows: Part 2,actor; adventure; drama; crime,,,,,,,,,,,
Dylan Sprouse,95686,https://image.tmdb.org/t/p/w500/1kAWq60C8NpEkDsUMz4dVUo5YTH.jpg,3.4081,3,male,,,After We Collided; Big Daddy; Beautiful Disaster,actor; drama; romance; comedy,,,,,,,,,,,
Kenta Miyake,225603,https://image.tmdb.org/t/p/w500/7YL8vM2KYzPMeQqTpHWmNj6s1AP.jpg,3.1985,3,male,,,My Hero Academia; My Hero Academia: Two Heroes; The First Slam Dunk,actor; animation; action; adventure,,,,,,,,,,,
Tullio Kezich,354606,https://image.tmdb.org/t/p/w500/4r9Zk1qTZwQrx4ZCCM4J7FUXKTL.jpg,4.3090,3,male,,,Il Posto; The White Line; Vittorio D.,actor; drama; documentary,,,,,,,,,,,
Owain Yeoman,61527,https://image.tmdb.org/t/p/w500/ubPMiDbNwgNhhAlDa4mIzuVZmXJ.jpg,3.1501,3,male,,,Brahms: The Boy II; Troy; American Sniper,actor; war; action; horror,,,,,,,,,,,
Palito Ortega,1031891,https://image.tmdb.org/t/p/w500/guUYTBh7ql9zqaQcfjdBuyJAXzw.jpg,2.1437,3,male,,,Amor en el aire; Yo tengo fe; Los muchachos de mi barrio,actor; comedy; music; romance,,,,,,,,,,,
Sridevi,109549,https://image.tmdb.org/t/p/w500/6wxquADm0CMYMon04uEI48ZiBBf.jpg,3.0735,3,female,,,English Vinglish; Mom; Mr. India,actor; drama; comedy; family,,,,,,,,,,,
Elçin Zehra Irem,3889933,https://image.tmdb.org/t/p/w500/kW3RCS7mEmWfA9aKsQ1952QeVEa.jpg,3.6537,3,female,,,Boundless Love; Hicran; The Doors of Time,actor; drama; crime,,,,,,,,,,,
Ami Koshimizu,1220947,https://image.tmdb.org/t/p/w500/e5sU0stGjTMtFoj0jjHH7OFUqYC.jpg,2.9920,3,female,,,Kill la Kill; Code Geass: Lelouch of the Rebellion; AIKa ZERO,actor; animation; comedy; drama,,,,,,,,,,,
Roselyn Sánchez,41901,https://image.tmdb.org/t/p/w500/srU7Oi0P5F3IuEEk14gKZwzzMWu.jpg,3.3869,3,female,,,Act of Valor; Rush Hour 2; The Game Plan,actor; action; comedy; thriller,,,,,,,,,,,
Bryant Wood,4275791,https://image.tmdb.org/t/p/w500/oT6OqSsjg3dptQqWOFbSbDuWQVE.jpg,3.0275,3,male,,,M.F.A.; Brampton's Own; American Violence,actor; thriller; drama; crime,,,,,,,,,,,
Warren William,76974,https://image.tmdb.org/t/p/w500/w2M7yW9iUSTric3qppRadXzbf7W.jpg,2.1646,3,male,,,Gold Diggers of 1933; The Wolf Man; Lady for a Day,actor; drama; comedy; horror,,,,,,,,,,,
Johnny Massaro,1469693,https://image.tmdb.org/t/p/w500/gPwKUHWiUpQAyITlCQZ0aCngiHJ.jpg,3.3857,3,male,,,"The Movie of My Life; All the Reasons to Forget; Turn It Up, It's Rock 'n' Roll",actor; drama; comedy; romance,,,,,,,,,,,
Liu Yifei,122503,https://image.tmdb.org/t/p/w500/lucEre1rrypvclDkO4nFDKY1O9A.jpg,3.1491,3,female,,,Mulan; The Forbidden Kingdom; The Chinese Widow,actor; adventure; fantasy; action,,,,,,,,,,,
Suriya,85720,https://image.tmdb.org/t/p/w500/hIFXv3gIjlNS78gJmaguEOxvfPH.jpg,3.3199,3,male,,,Jai Bhim; 24; Soorarai Pottru,actor; drama; action; crime,,,,,,,,,,,
Mike Myers,12073,https://image.tmdb.org/t/p/w500/gjfDl52Kk02MPgUYFjs9bOy33OY.jpg,3.3847,3,male,,,Shrek; Shrek 2; Shrek the Third,actor; animation; comedy; fantasy,,,,,,,,,,,
Jeremy Allen White,206905,https://image.tmdb.org/t/p/w500/zKk4vmDeUexdevtt6wm8WdMQ1TG.jpg,3.3768,3,male,,,The Bear; Shameless; The Iron Claw,actor; drama; comedy; history,,,,,,,,,,,
Iain Glen,20508,https://image.tmdb.org/t/p/w500/d9CKAAiV1HvSnzzmpDzD0mC0HlX.jpg,2.9133,3,male,,,Lara Croft: Tomb Raider; Game of Thrones; Resident Evil: The Final Chapter,actor; action; adventure; fantasy,,,,,,,,,,,
Eddie Marsan,1665,https://image.tmdb.org/t/p/w500/9atfOgIxhfOKvv2be8HEp6SzOct.jpg,3.0129,3,male,,,Sherlock Holmes; Atomic Blonde; Hancock,actor; action; adventure; crime,,,,,,,,,,,
Don Johnson,25129,https://image.tmdb.org/t/p/w500/6s6oav541p7xspCG6PvXut7knkP.jpg,3.4018,3,male,,,Knives Out; Django Unchained; Rebel Ridge,actor; crime; drama; comedy,,,,,,,,,,,
Tobin Bell,2144,https://image.tmdb.org/t/p/w500/y5rppj4alNn2dYXR94DGp08baAx.jpg,3.0752,3,male,,,Saw; Saw II; Saw III,actor; horror; crime; mystery,,,,,,,,,,,
Lily-Rose Depp,1459885,https://image.tmdb.org/t/p/w500/fulxfCO2UjDTVX3lhy4mup4wXqM.jpg,3.4880,3,female,,,Nosferatu; The King; Voyagers,actor; horror; fantasy; drama,,,,,,,,,,,
Adel Emam,13202,https://image.tmdb.org/t/p/w500/vPEubkxYDRfkSUDoAfJUWQgg4cD.jpg,3.2068,3,male,,,The Yacoubian Building; The Danish Experience; A Groom from a Security Agency,actor; drama; comedy,,,,,,,,,,,
Octavia Spencer,6944,https://image.tmdb.org/t/p/w500/zDGydyM1fmvNWzQlTAns9IZjNxT.jpg,3.1796,3,female,,,Hidden Figures; The Shape of Water; Ma,actor; drama; history; fantasy,,,,,,,,,,,
Marina Foïs,76820,https://image.tmdb.org/t/p/w500/dLPo5cyKoH4Y8TNRkl2GIrd4Oae.jpg,3.3794,3,female,,,Daddy or Mommy; The Beasts; RRRrrrr!!!,actor; comedy; thriller; drama,,,,,,,,,,,
Jean Smart,5376,https://image.tmdb.org/t/p/w500/gOvEAOtrtedfgS7oQvPgHuJV4F8.jpg,3.3775,3,female,,,The Accountant; Mare of Easttown; Babylon,actor; drama; crime; thriller,,,,,,,,,,,
Ella Bruccoleri,3250136,https://image.tmdb.org/t/p/w500/xVqbUOELKqxhEdqAz5IXhFYp7Uy.jpg,3.3731,3,female,,,The Strangers: Chapter 1; Polite Society; Paddington in Peru,actor; comedy; horror; thriller,,,,,,,,,,,
Tim Kang,52947,https://image.tmdb.org/t/p/w500/Ae7qMN6fJTut145qpeSn1NOu8yx.jpg,3.3730,3,male,,,The Mentalist; Rambo; A Wrinkle in Time,actor; crime; drama; mystery,,,,,,,,,,,
Sayaka Senbongi,1407597,https://image.tmdb.org/t/p/w500/yLRKX9DPDGgTRKBQRFTUh3pvbU0.jpg,3.3725,3,female,,,BEASTARS; Kabaneri of the Iron Fortress; Demon Slayer -Kimetsu no Yaiba- The Movie: Mugen Train,actor; animation; drama; mystery,,,,,,,,,,,
So Ra,2630058,https://image.tmdb.org/t/p/w500/tr5UU6HbQIutcLAliitxQKFFq7R.jpg,3.3714,3,female,,,Sister Raising: What Happened at Camping; Occasionally Swapping; Meeting Conditions of a Virgin,actor; romance,,,,,,,,,,,
Graham Greene,6804,https://image.tmdb.org/t/p/w500/ubX9pwrzQqnR41gAGyY1GoSZr1G.jpg,3.3712,3,male,,,The Green Mile; Dances with Wolves; Wind River,actor; drama; crime; fantasy,,,,,,,,,,,
Julia Cheng Yim-Lai,1615873,https://image.tmdb.org/t/p/w500/5x3tJ6DJUenQvlsckIY1aLYfMgB.jpg,3.3709,3,female,,,Daughter of Darkness 2; Lover of the Last Empress; The Woman Behind,actor; thriller; drama; comedy,,,,,,,,,,,
Napatsakorn Pingmuang,4194613,https://image.tmdb.org/t/p/w500/n2hnTAKwB9A9Qu73FLbgFvlPTxY.jpg,3.3707,3,male,,,Khemjira; After Sundown; Night Dream,actor; drama; mystery; horror,,,,,,,,,,,
Kent Cheng Jak-Si,65966,https://image.tmdb.org/t/p/w500/a1ebM3aLwYkPckPzc9FgfW2xTsZ.jpg,3.3702,3,male,,,Ip Man 2; Ip Man 4: The Finale; Ip Man 3,actor; action; history; drama,,,,,,,,,,,
Taylor Kinney,210271,https://image.tmdb.org/t/p/w500/lOYVNwhlvah02OnrGIZkFpyr4Wf.jpg,3.3690,3,male,,,Chicago Fire; The Other Woman; Zero Dark Thirty,actor; drama; comedy; romance,,,,,,,,,,,
Nirosha,584261,https://image.tmdb.org/t/p/w500/kIgzfmU3Q5QhSrvvmVLzgByEegF.jpg,3.3684,3,female,,,100; Agni Natchathiram; Enakku Innoru Per Irukku,actor; action; drama; crime,,,,,,,,,,,
Sarah Chalke,49001,https://image.tmdb.org/t/p/w500/ycwiu89cpjqCtSNC5FjbJggjj5R.jpg,3.3677,3,female,,,Rick and Morty; Mother's Day; Playdate,actor; comedy; animation; drama,,,,,,,,,,,
Carrie Coon,1308445,https://image.tmdb.org/t/p/w500/vWChiHhXFjZVKC6HbACyyRFmdW4.jpg,3.3675,3,female,,,Gone Girl; Ghostbusters: Afterlife; Avengers: Infinity War,actor; adventure; mystery; thriller,,,,,,,,,,,
Yeon Hee,1203493,https://image.tmdb.org/t/p/w500/A6Dvif7sG8Ghpl4VHWS871WidjA.jpg,3.3671,3,female,,,Young Mother; Actress Sex Scandal 2; Secret Tutor,actor; romance; drama; comedy,,,,,,,,,,,
Takuya Kimura,12670,https://image.tmdb.org/t/p/w500/sswCg8kvFsgSaVJwcIKKe4K7jOe.jpg,3.3664,3,male,,,Howl's Moving Castle; Blade of the Immortal; Redline,actor; fantasy; animation; adventure,,,,,,,,,,,
Jim Cummings,12077,https://image.tmdb.org/t/p/w500/c0sQPRCM5Ri3F4gVyxPr4AcPmIq.jpg,3.3657,3,male,,,Shrek; The Princess and the Frog; The Lion King,actor; animation; family; fantasy,,,,,,,,,,,
Jessica Lange,4431,https://image.tmdb.org/t/p/w500/8pJ1eCqVwGJQjt5HYkzR0ZJpxEb.jpg,3.3655,3,female,,,Big Fish; Cape Fear; Tootsie,actor; drama; adventure; fantasy,,,,,,,,,,,
Ving Rhames,10182,https://image.tmdb.org/t/p/w500/rqPdVVIdt45wNDsXuREu2M6PApU.jpg,3.3641,3,male,,,Pulp Fiction; Mission: Impossible - Fallout; Mission: Impossible III,actor; thriller; action; adventure,,,,,,,,,,,
Han Seol-hwa,1908005,https://image.tmdb.org/t/p/w500/zVKxCGk5RYxBa5lN39wt0VixlON.jpg,3.0205,3,female,,,My Student's Mom; Reunion Goals: The Beginning; Stepmom,actor; romance; drama; comedy,,,,,,,,,,,
Lana Parrilla,177231,https://image.tmdb.org/t/p/w500/jw0H1hMEW9xJ4atAzGMMRUFiys.jpg,3.1660,3,female,,,Once Upon a Time; Atlas; Spiders,actor; sci-fi; drama; action,,,,,,,,,,,
Atsushi Tsuda,1371789,,2.9104,3,male,,,Rape Zombie: Lust of the Dead; Rape Zombie: Lust of the Dead 2; Rape Zombie: Lust of the Dead 3,actor; comedy; horror,,,,,,,,,,,
Ted Charette,2668863,https://image.tmdb.org/t/p/w500/g2YUK466cRBCHjP2UkSXJhxYiG0.jpg,3.3412,3,male,,,Black Mirror; The Strain; Jackie Boy,actor; drama; mystery,,,,,,,,,,,
Anna Savva,1345953,https://image.tmdb.org/t/p/w500/f9Op1bboRgItroX8GaVZmlZrTe9.jpg,1.9546,3,female,,,Correspondence; The Durrells; The Cut,actor; drama; romance; comedy,,,,,,,,,,,
Marques Houston,77801,https://image.tmdb.org/t/p/w500/bjGs5VCjnTU8wPK87nTqMJatOcr.jpg,2.5579,3,male,,,You Got Served; Fat Albert; Good Burger,actor; comedy; family; music,,,,,,,,,,,
Nandhu,1391945,https://image.tmdb.org/t/p/w500/db5fTGCBP9hlUjqz2sPldT3jNZL.jpg,3.0721,3,male,,,Driving Licence; Ranam; Hungama,actor; comedy; drama; thriller,,,,,,,,,,,
Nana Mizuki,24651,https://image.tmdb.org/t/p/w500/rQBo7HyjTIqeB7hIofb7uJFhiVs.jpg,3.3512,3,female,,,The Last: Naruto the Movie; Naruto Shippūden; Naruto,actor; animation; action; romance,,,,,,,,,,,
Brad Dourif,1370,https://image.tmdb.org/t/p/w500/ex7AmuHM3owhUetYZAyOmN1ehWS.jpg,3.3366,3,male,,,One Flew Over the Cuckoo's Nest; Bride of Chucky; Seed of Chucky,actor; horror; comedy; drama,,,,,,,,,,,
Anjelica Huston,5657,https://image.tmdb.org/t/p/w500/6hnYeHa7Rc1w1MmQ3JsLSIb7yCX.jpg,3.3365,3,female,,,Addams Family Values; The Addams Family; The Royal Tenenbaums,actor; comedy; fantasy; family,,,,,,,,,,,
Joe Cole,1081875,https://image.tmdb.org/t/p/w500/tJ4g1Zit0IqAhKiImTwAQrHHKuA.jpg,3.9681,3,male,,,Peaky Blinders; A Prayer Before Dawn; Green Room,actor; crime; drama; action,,,,,,,,,,,
Louis Partridge,1558986,https://image.tmdb.org/t/p/w500/s6AW7VreXxAjhaHgjg9HV3tRM2T.jpg,3.2753,3,male,,,Enola Holmes; Enola Holmes 2; Paddington 2,actor; adventure; mystery; crime,,,,,,,,,,,
Sienna Miller,23459,https://image.tmdb.org/t/p/w500/ygv1xVsgLlfCG1DJD0cuRmZqM1V.jpg,3.3354,3,female,,,American Sniper; Burnt; Layer Cake,actor; drama; war; action,,,,,,,,,,,
Wang Xingyue,3157355,https://image.tmdb.org/t/p/w500/mi4dqtBt53fRpRWFTgCf9GHgOA7.jpg,3.2651,3,male,,,Perfect Match; The Double; Delicacies Destiny,actor; drama; mystery; comedy,,,,,,,,,,,
Lupita Nyong'o,1267329,https://image.tmdb.org/t/p/w500/y40Wu1T742kynOqtwXASc5Qgm49.jpg,3.3015,3,female,,,Us; Black Panther; The Wild Robot,actor; adventure; sci-fi; horror,,,,,,,,,,,
Veronica Yip Yuk-Hing,1377675,https://image.tmdb.org/t/p/w500/zzLN0nVBTFlO4gokEtLVXQEzc76.jpg,3.2254,3,female,,,Hidden Desire; 3 Days of a Blind Girl; Pretty Woman,actor; romance; drama; thriller,,,,,,,,,,,
Seo In-guk,1255411,https://image.tmdb.org/t/p/w500/qXsdm6uDD3Je6JW9VfgCdg4FqYq.jpg,4.3057,3,male,,,Death's Game; Project Wolf Hunting; Doom at Your Service,actor; drama; action; thriller,,,,,,,,,,,
Raquel Monteza,575790,https://image.tmdb.org/t/p/w500/vMeVwW5LYXisn8PIZrfhghslrt.jpg,2.8730,3,female,,,"Bona; House Tour; Kinsenas, Katapusan",actor; thriller; drama,,,,,,,,,,,
Maggie Cheung,1338,https://image.tmdb.org/t/p/w500/thHNJCHSmNwhRI5EQXWwg7RzPd7.jpg,3.1742,3,female,,,In the Mood for Love; Hero; Police Story,actor; drama; action; romance,,,,,,,,,,,
Michael Clarke Duncan,61981,https://image.tmdb.org/t/p/w500/3RX8OBqt3gbvFwKYZqiom4O3Ta6.jpg,2.8076,3,male,,,The Green Mile; Daredevil; The Scorpion King,actor; fantasy; action; drama,,,,,,,,,,,
Zach Braff,5367,https://image.tmdb.org/t/p/w500/koIHwqE6hWIXuOIDHNADwSuGq6N.jpg,3.4088,3,male,,,Chicken Little; Garden State; Oz the Great and Powerful,actor; family; comedy; animation,,,,,,,,,,,
Nick Offerman,17039,https://image.tmdb.org/t/p/w500/f6z3mPVtaF40ewfdmZydprAjmYd.jpg,3.3194,3,male,,,The Founder; We're the Millers; The Lego Movie,actor; comedy; drama; history,,,,,,,,,,,
Tina Fey,56323,https://image.tmdb.org/t/p/w500/yPTAi1iucXf85UpiFPtyiTSM6do.jpg,3.0805,3,female,,,Soul; Megamind; Date Night,actor; comedy; animation; family,,,,,,,,,,,
Cary Grant,2638,https://image.tmdb.org/t/p/w500/rUaQTKw7hNcEvZyFaahIpqiiiWv.jpg,2.8757,3,male,,,North by Northwest; Notorious; To Catch a Thief,actor; thriller; romance; mystery,,,,,,,,,,,
Mädchen Amick,6714,https://image.tmdb.org/t/p/w500/Af47IaCUF9BYzmGBycZiKjqIwYf.jpg,3.3117,3,female,,,Riverdale; Twin Peaks: Fire Walk with Me; Twin Peaks,actor; drama; mystery; crime,,,,,,,,,,,
Masamichi Satonaka,3109608,https://image.tmdb.org/t/p/w500/jv3hVGWTTjiuOWgqHql30Occd4d.jpg,3.3315,3,male,,,Hypnosis Mic: Division Rap Battle - Rule the Stage [Dotsuitare Hompo vs Buster Bros!!!]; Hypnosis Mic: Division Rap Battle - Rule the Stage [Rep LIVE side D.H]; MANKAI STAGE A3! ~AUTUMN 2020~,actor; music,,,,,,,,,,,
Jay Chou,17380,https://image.tmdb.org/t/p/w500/7kQYk466uzk58BrzPBHFyniRt7Q.jpg,3.3314,3,male,,,The Green Hornet; Now You See Me 2; Initial D,actor; crime; action; comedy,,,,,,,,,,,
Deborah Ann Woll,212154,https://image.tmdb.org/t/p/w500/btTnyvRLXOH0pz2SLBwyKbmnFhX.jpg,3.3307,3,female,,,Marvel's Daredevil; Escape Room; Ruby Sparks,actor; drama; crime; horror,,,,,,,,,,,
Topher Grace,17052,https://image.tmdb.org/t/p/w500/oJQxl4DG0KSCtOGrpWNhYz9gUZA.jpg,3.3299,3,male,,,Interstellar; Spider-Man 3; BlacKkKlansman,actor; adventure; drama; sci-fi,,,,,,,,,,,
Dan Stevens,221018,https://image.tmdb.org/t/p/w500/fFsgginZKH527o38ZfdDxuzx7Ew.jpg,3.3297,3,male,,,Beauty and the Beast; The Guest; The Call of the Wild,actor; family; fantasy; romance,,,,,,,,,,,
Jing Tian,1151657,https://image.tmdb.org/t/p/w500/nNlM15XOEJU8A1dKuGEnN7NgxEy.jpg,3.3291,3,female,,,The Great Wall; Kong: Skull Island; Pacific Rim: Uprising,actor; action; adventure; fantasy,,,,,,,,,,,
Atsuko Takahata,90570,https://image.tmdb.org/t/p/w500/xfVilFePWPW5qkJMa8GWQmvc5Fp.jpg,3.3284,3,female,,,The Tale of The Princess Kaguya; Ring 0; X: The Movie,actor; animation; drama; fantasy,,,,,,,,,,,
Tilda Swinton,3063,https://image.tmdb.org/t/p/w500/dzjT4LKgs7eOma84GsPy78DsGNH.jpg,3.3280,3,female,,,Doctor Strange; We Need to Talk About Kevin; Only Lovers Left Alive,actor; fantasy; drama; adventure,,,,,,,,,,,
He Congrui,3086996,https://image.tmdb.org/t/p/w500/z4LDsNnkszZr8DCOQpjTLrBvNPn.jpg,3.3273,3,male,,,Please Come into My Heart; How Dare You!?; 穿书七零，冷面机长夜夜洗床单,actor; drama; comedy,,,,,,,,,,,
Amy Smart,20189,https://image.tmdb.org/t/p/w500/pkLFedmz2uMEb6EahyTazuelqKU.jpg,3.3250,3,female,,,The Butterfly Effect; Crank; Crank: High Voltage,actor; thriller; action; crime,,,,,,,,,,,
Jennifer Titus,1294440,https://image.tmdb.org/t/p/w500/8aOMCJsri8zeOqtu1DCpJ54MBhZ.jpg,3.3246,3,female,,,Zoombies; Reprisal; Supergator,actor; action; horror; sci-fi,,,,,,,,,,,
Aya Endo,223687,https://image.tmdb.org/t/p/w500/s59Lip4dPC7rI3cz1pHs9vSmuvf.jpg,3.3237,3,female,,,Violet Evergarden; The Ancient Magus' Bride; Jujutsu Kaisen 0,actor; animation; drama; action,,,,,,,,,,,
Chrystee Pharris,87363,https://image.tmdb.org/t/p/w500/yErRb0uD1drn7F9huItF0WpVPUF.jpg,3.3235,3,female,,,Spider-Man: Into the Spider-Verse; Chronicle; Spider-Man: Across the Spider-Verse,actor; sci-fi; animation; action,,,,,,,,,,,
Julianne Nicholson,86034,https://image.tmdb.org/t/p/w500/AqlEWaBfrqwb6St5qrL1yJ9d6VS.jpg,3.3222,3,female,,,"I, Tonya; Black Mass; Togo",actor; drama; comedy; crime,,,,,,,,,,,
Anri Suzuki,933183,https://image.tmdb.org/t/p/w500/kfsT0nS1fcyRDdpEcyUeHxziHLf.jpg,3.3219,3,female,,,MAID-DROID; Secrets of a Desperate Housewife; Chain Gang Girls,actor; drama; sci-fi; thriller,,,,,,,,,,,
Ah Reum,2510954,https://image.tmdb.org/t/p/w500/3i9ws5ejEU2eZOyoRyiGhMzt6bT.jpg,3.2896,3,female,,,Aunt's Temptation 3; Undryable Daughter-in-Law; Young Aunt 3,actor; romance; drama,,,,,,,,,,,
Pankaj Jha,963128,https://image.tmdb.org/t/p/w500/jMCbxWYE93ngGvvx2M4ysbcPRkE.jpg,3.3209,3,male,,,Black Friday; Atrangi Re; Monsoon Wedding,actor; drama; romance; comedy,,,,,,,,,,,
Fahad Mustafa,1489660,https://image.tmdb.org/t/p/w500/oc4ciFnVrUMnZbm4hfTGSlI3Or2.jpg,3.3205,3,male,,,Actor in Law; Na Maloom Afraad; Na Maloom Afraad 2,actor; comedy; thriller; drama,,,,,,,,,,,
Veronika Zhuravleva,5037367,https://image.tmdb.org/t/p/w500/bvlry6DeiYkm0onAZhonlpl4J7.jpg,3.3203,3,female,,,Your Heart Will Be Broken; Curious Varvara; Жига. На полной скорости,actor; drama; romance; family,,,,,,,,,,,
Christos Dimopoulos,2041913,https://image.tmdb.org/t/p/w500/awjyruY48ABt3XEDBvKrggnVGsf.jpg,3.1132,3,male,,,Crazy of all Greece,actor; comedy,,,,,,,,,,,
Noomi Rapace,87722,https://image.tmdb.org/t/p/w500/zkg9wfbXZi9OqvwW2ku38zNC1Hk.jpg,3.5390,3,female,,,Prometheus; What Happened to Monday; Sherlock Holmes: A Game of Shadows,actor; mystery; sci-fi; thriller,,,,,,,,,,,
Roberta Weiss,243939,https://image.tmdb.org/t/p/w500/6pOkexRijvftQ603WpQ0xBqRM0D.jpg,1.6940,3,female,,,The Dead Zone; Abducted; Perry Mason Returns,actor; thriller; horror; crime,,,,,,,,,,,
Hui Pui,1407502,https://image.tmdb.org/t/p/w500/7491APoiCGJy3dGWiz3MqGOSyei.jpg,3.3891,3,female,,,The Underground Banker; Emotional Girl: Doubt of Distress; Screwball '94,actor; comedy; crime; thriller,,,,,,,,,,,
Gord Rand,557311,https://image.tmdb.org/t/p/w500/tv4RPO2Ga5z2sWWvCQoLW5wCFxo.jpg,1.7759,3,male,,,Frankenstein; Maps to the Stars; The Cry of the Owl,actor; drama; fantasy; horror,,,,,,,,,,,
Koichi Yamadera,20664,https://image.tmdb.org/t/p/w500/biov5jENp2XYfehkcdnRvi796Wi.jpg,3.8266,3,male,,,Cowboy Bebop; Dragon Ball Super; Batman Ninja,actor; animation; western; action,,,,,,,,,,,
Shimba Tsuchiya,117527,https://image.tmdb.org/t/p/w500/qyPAAsmnc3ugr4fYq2Jy2VbuXU9.jpg,1.7636,3,male,,,The Grudge 3; Welcome to the Ballroom; O Maidens in Your Savage Season,actor; animation; drama; comedy,,,,,,,,,,,
Jung So-min,1252017,https://image.tmdb.org/t/p/w500/cv8i4ALEabYkwnu68p5AdRTrMG9.jpg,2.9194,3,female,,,Mischievous Kiss; Alchemy of Souls; Love Next Door,actor; comedy; drama; mystery,,,,,,,,,,,
Isela Vega,70984,https://image.tmdb.org/t/p/w500/h9LIprljvxTTPL0pgLWYkCKi1Lc.jpg,2.6236,3,female,,,Bring Me the Head of Alfredo Garcia; El Chema; Herod's Law,actor; crime; drama; action,,,,,,,,,,,
Christian Serratos,84224,https://image.tmdb.org/t/p/w500/jP07Elhu2eZdmjIB4fJiag5CfaD.jpg,3.0460,3,female,,,Selena: The Series; The Walking Dead; Twilight,actor; drama; fantasy; romance,,,,,,,,,,,
Josh O'Connor,1206334,https://image.tmdb.org/t/p/w500/tn5vFB9DLwdVkrRw6ktFfnyqiT9.jpg,3.2428,3,male,,,Wake Up Dead Man: A Knives Out Mystery; God's Own Country; Challengers,actor; romance; drama; thriller,,,,,,,,,,,
Chadwick Boseman,172069,https://image.tmdb.org/t/p/w500/1lz1wLOuPFSRIratMz0SxD3tkJ.jpg,3.2538,3,male,,,Black Panther; Avengers: Infinity War; Captain America: Civil War,actor; action; adventure; sci-fi,,,,,,,,,,,
Sissy Spacek,5606,https://image.tmdb.org/t/p/w500/xAxenjxjLNQFq4v1ccS2to3Mnoq.jpg,3.4034,3,female,,,Carrie; The Straight Story; Badlands,actor; drama; horror; thriller,,,,,,,,,,,
Woo Do-hwan,1845057,https://image.tmdb.org/t/p/w500/z3VNppg2yQMusheWweVeKEUN4lO.jpg,3.3116,3,male,,,Bloodhounds; The King: Eternal Monarch; Mr. Plankton,actor; drama; crime; comedy,,,,,,,,,,,
Richard Griffiths,10983,https://image.tmdb.org/t/p/w500/4H4uQfMzvgs11RCLaoSMQsyElw8.jpg,3.3108,3,male,,,Harry Potter and the Philosopher's Stone; Harry Potter and the Chamber of Secrets; Harry Potter and the Order of the Phoenix,actor; adventure; fantasy,,,,,,,,,,,
William Fichtner,886,https://image.tmdb.org/t/p/w500/wWtJOoaNAwPparpzMNuRBjvxwEf.jpg,3.3105,3,male,,,The Lone Ranger; Elysium; The Dark Knight,actor; action; thriller; adventure,,,,,,,,,,,
Chikara Honda,124964,https://image.tmdb.org/t/p/w500/nwNAFZjBYv15HrV66vwUL60hBkv.jpg,3.3101,3,male,,,"Night Is Short, Walk On Girl; Beyond the Infinite Two Minutes; Inu-Oh",actor; comedy; animation; fantasy,,,,,,,,,,,
Lee Majors,18589,https://image.tmdb.org/t/p/w500/ylu6EnPkQM2Q9xzBzjUCPrfeh1M.jpg,3.3092,3,male,,,The Six Million Dollar Man; Ash vs Evil Dead; The Fall Guy,actor; drama; comedy; crime,,,,,,,,,,,
Shaan Shahid,131847,https://image.tmdb.org/t/p/w500/xzxlmVfiUeuTyo0mNodlZqyjBU6.jpg,3.3089,3,male,,,Waar; Khuda Kay Liye; Yalghaar,actor; drama; action; thriller,,,,,,,,,,,
George López,41798,https://image.tmdb.org/t/p/w500/jeUUeE3ipY9edqdOSNI9v5maAbi.jpg,3.3087,3,male,,,Rio; Rio 2; Blue Beetle,actor; adventure; animation; comedy,,,,,,,,,,,
Matt Dillon,2876,https://image.tmdb.org/t/p/w500/wVoSUexYH79igPgxIXKWRlV2uBk.jpg,3.3085,3,male,,,The House That Jack Built; There's Something About Mary; Takers,actor; drama; crime; thriller,,,,,,,,,,,
Toni Collette,3051,https://image.tmdb.org/t/p/w500/lzXRh16qe4HHeBN6tMyw0DHvaMn.jpg,3.3077,3,female,,,Hereditary; The Sixth Sense; Little Miss Sunshine,actor; mystery; thriller; drama,,,,,,,,,,,
Song Yuqi,2381639,https://image.tmdb.org/t/p/w500/yKpZ3bGueo69Ijff8KK2UpTNyxI.jpg,3.3074,3,female,,,2020 (G)I-DLE Online Concert 'I-Land : Who Am I'; Keep Running; Learn Way,actor; music; comedy,,,,,,,,,,,
Jin Chen,1541648,https://image.tmdb.org/t/p/w500/wVsQG1eNFFmCI3HTaje4Rox8SFA.jpg,3.3071,3,female,,,S.W.A.T.; Honey Money Phony; No More Bets,actor; crime; drama; action,,,,,,,,,,,
Richard Schiff,31028,https://image.tmdb.org/t/p/w500/1kg1X6OWRuMdBBYqZLQ6UqMlEPC.jpg,3.3071,3,male,,,Man of Steel; The Good Doctor; The Lost World: Jurassic Park,actor; action; adventure; sci-fi,,,,,,,,,,,
David Zayas,22821,https://image.tmdb.org/t/p/w500/w1E8n9gl2HcZEhfBOXdVzMvIlzg.jpg,3.3059,3,male,,,The Expendables; Dexter; Skyline,actor; thriller; action; adventure,,,,,,,,,,,
Urmila Matondkar,86075,https://image.tmdb.org/t/p/w500/1jRBxCEwCXqITxbjn5ppXWRTJ29.jpg,3.3058,3,female,,,Rangeela; Ek Hasina Thi; Maine Gandhi Ko Nahin Mara,actor; drama; romance; crime,,,,,,,,,,,
Nimrat Kaur,1077932,https://image.tmdb.org/t/p/w500/4cEWXSY4v4ItRQaFmPZStEyxa9D.jpg,3.3049,3,female,,,The Lunchbox; Wayward Pines; Homeland,actor; drama; romance; mystery,,,,,,,,,,,
Koki Uchiyama,1254052,https://image.tmdb.org/t/p/w500/sllSm3iZZWVLTBrDZQRtWrZUfEj.jpg,3.3047,3,male,,,Devilman Crybaby; Charlotte; Horimiya,actor; animation; drama; comedy,,,,,,,,,,,
Nick Robinson,1108907,https://image.tmdb.org/t/p/w500/mzYszYVPvTdirjkUueziWUHvye7.jpg,3.3046,3,male,,,"Love, Simon; Jurassic World; The 5th Wave",actor; action; adventure; sci-fi,,,,,,,,,,,
Donal Logue,10825,https://image.tmdb.org/t/p/w500/5Rj850yVkIqsgCihtZLbkNSHbFb.jpg,3.3043,3,male,,,Gotham; Blade; Just Like Heaven,actor; drama; crime; horror,,,,,,,,,,,
Kim Ji-yeon,1995527,https://image.tmdb.org/t/p/w500/pTHMIbgqBMjHG4kTkWUnKprQah4.jpg,3.3042,3,female,,,Adultery Alumni Association; An Affair: My Friend's Mom; Beauty Salon: Special Service 2,actor; romance; drama,,,,,,,,,,,
Morgan Fairchild,14990,https://image.tmdb.org/t/p/w500/k0tQuMliATnRyrbuWyl7jPZqOPE.jpg,3.3036,3,female,,,The Seduction; My Perfect Romance; Holy Man,actor; thriller; romance; drama,,,,,,,,,,,
BD Wong,14592,https://image.tmdb.org/t/p/w500/w7Hs9m6ocS2qlibvrLOvmyCKbAN.jpg,3.3035,3,male,,,Mulan; Jurassic Park; Jurassic World,actor; adventure; sci-fi; animation,,,,,,,,,,,
Sonny Chiba,2537,https://image.tmdb.org/t/p/w500/k3kHcYUBj8RskpAEDaJ0FR6ynSx.jpg,3.3030,3,male,,,Kill Bill: Vol. 1; The Fast and the Furious: Tokyo Drift; Kill Bill: Vol. 2,actor; action; crime; thriller,,,,,,,,,,,
Armani Hector,4095699,https://image.tmdb.org/t/p/w500/fDrhynQZe8VJk62CCXLKMu6HWxN.jpg,3.3026,3,male,,,Top 1; Daddysitter; TL,actor; drama,,,,,,,,,,,
Ashley Judd,15852,https://image.tmdb.org/t/p/w500/5771ZxVIs5rQbI1SV8TOlAFcF15.jpg,3.3024,3,female,,,Divergent; Double Jeopardy; Heat,actor; action; crime; adventure,,,,,,,,,,,
Naomi Scott,240724,https://image.tmdb.org/t/p/w500/knSGMaEaH6CZaYw7GQpvxyJcsz7.jpg,3.3017,3,female,,,Aladdin; Smile 2; Charlie's Angels,actor; adventure; fantasy; romance,,,,,,,,,,,
Romi Park,81243,https://image.tmdb.org/t/p/w500/fl9vyA3HEkOyTiZBJBhAR3OSmrO.jpg,3.3014,3,female,,,Fullmetal Alchemist: Brotherhood; Fullmetal Alchemist; Attack on Titan,actor; animation; drama,,,,,,,,,,,
Saif Ali Khan,35747,https://image.tmdb.org/t/p/w500/85uKiFDEcIqzLh0GwqYvecXw4uA.jpg,3.3011,3,male,,,Sacred Games; Kal Ho Naa Ho; Race,actor; drama; crime; comedy,,,,,,,,,,,
Junko Takeuchi,82055,https://image.tmdb.org/t/p/w500/zNjrblq3xS1idpCsmSl5P5eTon7.jpg,3.2998,3,female,,,Naruto Shippūden; Naruto; The Last: Naruto the Movie,actor; animation; action; romance,,,,,,,,,,,
Rei Akasaka,1306631,https://image.tmdb.org/t/p/w500/yNk1fEMbxNpc6z4ylxsCSqfLE0o.jpg,3.2996,3,female,,,High School Teacher: Maturing; On the Beach; Beautiful Sisters: Flesh Slaves,actor; drama; romance; horror,,,,,,,,,,,
Charlie Evans,3603348,https://image.tmdb.org/t/p/w500/tNyMjCimykWYzq099EarabwYTEY.jpg,3.2988,3,male,,,Leave the World Behind; Paradise; UAP,actor; drama; mystery; thriller,,,,,,,,,,,
Misaki Kuno,151182,https://image.tmdb.org/t/p/w500/hVtE4gdKaqofYZmXXtlJs4Q9XTL.jpg,3.2986,3,female,,,The Seven Deadly Sins; The Seven Deadly Sins: Prisoners of the Sky; The Seven Deadly Sins: Cursed by Light,actor; animation; fantasy; action,,,,,,,,,,,
Danielle Brooks,1075037,https://image.tmdb.org/t/p/w500/pPSG2Vmq24cwAL5XGK1NLs3KEoZ.jpg,3.2977,3,female,,,Peacemaker; A Minecraft Movie; Orange Is the New Black,actor; drama; comedy; family,,,,,,,,,,,
Paul Wesley,83141,https://image.tmdb.org/t/p/w500/xpS6HhvVvNt7sS4UFCb8MEU6K3T.jpg,3.2974,3,male,,,The Vampire Diaries; Fallen; Peaceful Warrior,actor; drama; fantasy,,,,,,,,,,,
Meena,549602,https://image.tmdb.org/t/p/w500/vMawuuT7VCeeJuBqpkm5siuWPij.jpg,3.2958,3,female,,,Drishyam; Drishyam 2; Muthu,actor; drama; thriller; crime,,,,,,,,,,,
Lee Sul-ah,2557514,https://image.tmdb.org/t/p/w500/yLkDQ6sm2wudpjWVDTpAQAETFPF.jpg,3.2957,3,female,,,I Don't Like Younger Men 5; Japanese Woman is Cheap in the Next Room; College Girls' Massage Parlor,actor; romance; drama,,,,,,,,,,,
Paul Bates,4693,https://image.tmdb.org/t/p/w500/cvHI8cb5vKjqaigqwljpsERsv8R.jpg,3.2954,3,male,,,Coming to America; 8 Mile; Bad Teacher,actor; comedy; romance; drama,,,,,,,,,,,
Tom Wlaschiha,52639,https://image.tmdb.org/t/p/w500/3Qbdm6f7AFAImiRU1TTwQ5AtHMQ.jpg,3.2953,3,male,,,Game of Thrones; Rush; Rose Island,actor; drama; action; comedy,,,,,,,,,,,
Kate Walsh,61114,https://image.tmdb.org/t/p/w500/jRg4pmjvI2063YnQ6PJidclOc4L.jpg,3.5306,3,female,,,The Perks of Being a Wallflower; Honest Thief; Legion,actor; action; drama; thriller,,,,,,,,,,,
Josh Hartnett,2299,https://image.tmdb.org/t/p/w500/9JS3PeypxTmHVXOnLCMRzJzySxO.jpg,3.2701,3,male,,,Black Hawk Down; Lucky Number Slevin; 30 Days of Night,actor; thriller; action; war,,,,,,,,,,,
Colin Morgan,228866,https://image.tmdb.org/t/p/w500/jeSLhhfUIZR3UQGGhtYTk0J2I5.jpg,2.9589,3,male,,,Merlin; Legend; The Huntsman: Winter's War,actor; drama; crime; thriller,,,,,,,,,,,
Wes Bentley,8210,https://image.tmdb.org/t/p/w500/voD93lzFZrr9xfAggwFcPRBi84i.jpg,3.2646,3,male,,,Interstellar; American Beauty; The Hunger Games,actor; adventure; drama; sci-fi,,,,,,,,,,,
Javier Solís,974633,https://image.tmdb.org/t/p/w500/7gz0hlEm5f661CBQ5i4iQcAB60B.jpg,2.5766,3,male,,,Los Cuatro Juanes; Escuela para solteras; Amor a ritmo de go go,actor; comedy; drama; western,,,,,,,,,,,
IZAM,1441696,https://image.tmdb.org/t/p/w500/46leS5sG5t78X8I0v6GnAYXA2oW.jpg,3.2163,3,male,,,g@me.; Detective Story; Eko Eko Azarak: R-Page,actor; horror; thriller,,,,,,,,,,,
Frank Grillo,81685,https://image.tmdb.org/t/p/w500/kuEco4vo1xrsM8DyrNSZUEi593P.jpg,4.7012,3,male,,,The Purge: Anarchy; The Purge: Election Year; Captain America: The Winter Soldier,actor; horror; thriller; action,,,,,,,,,,,
Yukari Tamura,203268,https://image.tmdb.org/t/p/w500/7PsqeJHLDj3UxHxWtP3KYuPEkAc.jpg,3.0165,3,female,,,Naruto; Akame ga Kill!; Naruto Shippūden,actor; animation; drama,,,,,,,,,,,
Fabrice Luchini,28255,https://image.tmdb.org/t/p/w500/krR5EUfM13UJwsB07ffzPU7FXYR.jpg,3.2634,3,male,,,In the House; The Mystery of Henri Pick; The Women on the 6th Floor,actor; comedy; drama; mystery,,,,,,,,,,,
Franco Moscon,1461714,https://image.tmdb.org/t/p/w500/qRRG50ucEzFkQF8bMGXF3LvF3Yd.jpg,3.2621,3,male,,,A Boss in the Living Room; Sophie Scholl: The Final Days; World Trade Center,actor; drama; history; comedy,,,,,,,,,,,
Philomina,1099268,https://image.tmdb.org/t/p/w500/xH4aeCy3h0achdQEShmeV0EWkbj.jpg,3.2542,3,female,,,Godfather; In Harihar Nagar; Thalayana Manthram,actor; comedy; drama; romance,,,,,,,,,,,
Nia Long,9781,https://image.tmdb.org/t/p/w500/yPLmhF9kKbCtsDhUnaV6g2GHWIc.jpg,3.2602,3,female,,,Big Momma's House; Friday; Are We There Yet?,actor; comedy; crime; drama,,,,,,,,,,,
Irina Griga,2683783,https://image.tmdb.org/t/p/w500/2SJXKsUo1hLDI2S9gD651uDIJzl.jpg,2.6255,3,female,,,Russian Mom; Mulberry; Stormy Affair,actor; drama; romance; thriller,,,,,,,,,,,
Myū Asō,1106116,,1.6025,3,female,,,I.K.U.; Whore Hospital; Entrails of a Ripe Woman: Scarlet Crevice,actor; sci-fi; romance; comedy,,,,,,,,,,,
Sushmita Sen,88138,https://image.tmdb.org/t/p/w500/arteijssIoHzs8wFLjs6pvqRnlJ.jpg,3.1954,3,female,,,Main Hoon Na; Maine Pyaar Kyun Kiya?; Dulha Mil Gaya,actor; drama; comedy; romance,,,,,,,,,,,
Charlie Cho Cha-Lee,26755,https://image.tmdb.org/t/p/w500/vcgPboANwKUp3wVdDcimcXwLpo1.jpg,3.2579,3,male,,,Police Story; The Golden Lotus: Love and Desire; Police Story 2,actor; action; crime; comedy,,,,,,,,,,,
Avan Jogia,212934,https://image.tmdb.org/t/p/w500/7BX0Lg39bHlgtvWZpszTr1YjTAW.jpg,3.2850,3,male,,,Zombieland: Double Tap; Resident Evil: Welcome to Raccoon City; Victorious,actor; horror; comedy; action,,,,,,,,,,,
Haley Joel Osment,9640,https://image.tmdb.org/t/p/w500/2rnMTQB9Q3vLtmRyyUaenVwSgfY.jpg,3.2842,3,male,,,A.I. Artificial Intelligence; The Sixth Sense; Forrest Gump,actor; drama; sci-fi; adventure,,,,,,,,,,,
Hiroki Touchi,89832,https://image.tmdb.org/t/p/w500/bU2vogWmnTWiQEwUADWlnBqAPhJ.jpg,3.2818,3,male,,,Solo Leveling; Supernatural: The Anime Series; Frieren: Beyond Journey's End,actor; animation; drama; mystery,,,,,,,,,,,
Atsuko Asano,240148,https://image.tmdb.org/t/p/w500/dSvzH6w6SpAuQz45xoeNGHvId3n.jpg,3.2813,3,female,,,The 101st Proposal; Tamami: The Baby's Curse; Heaven and Earth,actor; drama; horror; history,,,,,,,,,,,
Stephen Fry,11275,https://image.tmdb.org/t/p/w500/lv2nwyciDv1P5FPsjD6DmFzV7Nt.jpg,3.2809,3,male,,,V for Vendetta; Alice in Wonderland; The Hobbit: The Desolation of Smaug,actor; action; fantasy; adventure,,,,,,,,,,,
Justin Timberlake,12111,https://image.tmdb.org/t/p/w500/6Yk5t9RwkdkAT8Qv45934Eez2CA.jpg,3.2790,3,male,,,Friends with Benefits; In Time; The Social Network,actor; romance; comedy; action,,,,,,,,,,,
Debra Messing,23959,https://image.tmdb.org/t/p/w500/7YmWcP0VmO1AIoviqXoREMbjQ2V.jpg,3.2780,3,female,,,Searching; The Wedding Date; Along Came Polly,actor; romance; comedy; drama,,,,,,,,,,,
Kyle MacLachlan,6677,https://image.tmdb.org/t/p/w500/7gNyx8fYAUdOp2jpCEH3dyFbeV.jpg,3.2763,3,male,,,Dune; Inside Out; Twin Peaks,actor; adventure; drama; action,,,,,,,,,,,
Liv Tyler,882,https://image.tmdb.org/t/p/w500/hXFKqlOPVjtfBSPlmQwFnJvhvmU.jpg,3.2738,3,female,,,The Incredible Hulk; The Lord of the Rings: The Fellowship of the Ring; The Strangers,actor; action; adventure; sci-fi,,,,,,,,,,,
Mercè Montalà,1013013,https://image.tmdb.org/t/p/w500/5EOZvbsUofBu3rJqV5mhLvUlspi.jpg,3.2735,3,female,,,Framed; The Most Important Thing in Life is Not Being Dead; Psychophony,actor; thriller; horror; comedy,,,,,,,,,,,
Rodrigo Santoro,17289,https://image.tmdb.org/t/p/w500/d3MaF9SPHDn2PMYHuqdnO0Csik6.jpg,3.2720,3,male,,,Focus; 300; 300: Rise of an Empire,actor; action; war; romance,,,,,,,,,,,
Logan Lerman,33235,https://image.tmdb.org/t/p/w500/uDKYlpk6RUtMPFja3oDGDgSwP28.jpg,3.2709,3,male,,,The Perks of Being a Wallflower; Percy Jackson & the Olympians: The Lightning Thief; Percy Jackson: Sea of Monsters,actor; adventure; fantasy; family,,,,,,,,,,,
Molly Ringwald,21625,https://image.tmdb.org/t/p/w500/eXRphPiX18t8C3nCoOuxQFNegqP.jpg,3.2698,3,female,,,The Breakfast Club; Sixteen Candles; The Kissing Booth,actor; comedy; romance; drama,,,,,,,,,,,
Vincent Cassel,1925,https://image.tmdb.org/t/p/w500/ivUQfhn5olOmR5hthN8C8GThBV4.jpg,3.2675,3,male,,,Black Swan; La Haine; Shrek,actor; drama; thriller; horror,,,,,,,,,,,
Jerry Lewis,3663,https://image.tmdb.org/t/p/w500/3TpijSL83yJYvEurLjCnIU44Fr9.jpg,3.2655,3,male,,,The King of Comedy; The Nutty Professor; Arizona Dream,actor; comedy; drama; romance,,,,,,,,,,,
Elliott Gould,827,https://image.tmdb.org/t/p/w500/vqjRBbuqXOvalAx5JZEaWx6kQOw.jpg,3.2644,3,male,,,American History X; Ocean's Eleven; The Long Goodbye,actor; drama; crime; thriller,,,,,,,,,,,
Ellen Burstyn,9560,https://image.tmdb.org/t/p/w500/uEHZoAtCnGCXvQDHe3s3DWW2G1c.jpg,3.2627,3,female,,,Requiem for a Dream; The Exorcist; Interstellar,actor; drama; crime; horror,,,,,,,,,,,
Vera Miles,7303,https://image.tmdb.org/t/p/w500/9PDTsJnBfrAlvVPOBBFS3ehN8lD.jpg,3.2611,3,female,,,Psycho; The Searchers; The Man Who Shot Liberty Valance,actor; western; horror; thriller,,,,,,,,,,,
Alanna Ubach,10402,https://image.tmdb.org/t/p/w500/ffyBAEoW3bDgVJQV3GaHsZ9x29W.jpg,3.2592,3,female,,,Coco; Meet the Fockers; Venom: The Last Dance,actor; adventure; family; animation,,,,,,,,,,,
Anya Chalotra,2146944,https://image.tmdb.org/t/p/w500/gq0RpJ2Y5kHOFMbUWHIc60xCZrd.jpg,3.2575,3,female,,,The Witcher; Sherwood; The Witcher: Sirens of the Deep,actor; animation; drama; fantasy,,,,,,,,,,,
Adam Brody,11702,https://image.tmdb.org/t/p/w500/qKBWrohBYegm6AAaLrtxEqqouIK.jpg,3.2562,3,male,,,Mr. & Mrs. Smith; Shazam!; Ready or Not,actor; comedy; action; drama,,,,,,,,,,,
Hinnerk Schönemann,8206,https://image.tmdb.org/t/p/w500/n0I8jSc5oHKFjWWz5tPTShzJIRO.jpg,3.2556,3,male,,,The Lives of Others; War Horse; Never Look Away,actor; drama; history; thriller,,,,,,,,,,,
Sarah Paulson,34490,https://image.tmdb.org/t/p/w500/tJnhBV516yrekR3hTDUw15UMbxS.jpg,3.2551,3,female,,,Run; Bird Box; Glass,actor; thriller; drama; horror,,,,,,,,,,,
Chiwetel Ejiofor,5294,https://image.tmdb.org/t/p/w500/pbnWjBsze67Fbr3gZAP1ZP407ZU.jpg,3.0185,3,male,,,12 Years a Slave; Doctor Strange; The Lion King,actor; drama; adventure; history,,,,,,,,,,,
Jessica Hynes,47730,https://image.tmdb.org/t/p/w500/eyJ9aC1FXyPAI5xose0HqA26bnm.jpg,3.7431,3,female,,,Shaun of the Dead; Harry Potter and the Order of the Phoenix; Spaced,actor; comedy; horror; adventure,,,,,,,,,,,
Frank Senger,138401,https://image.tmdb.org/t/p/w500/x9BmH7tqATglaoDgxTed0Nwg4G.jpg,3.0595,3,male,,,Léon: The Professional; The Fifth Element; Maximum Risk,actor; action; crime; drama,,,,,,,,,,,
George Wang,976293,https://image.tmdb.org/t/p/w500/bNP7g7Fgw0PgO4OfGOJcLF1YV8U.jpg,2.9087,3,male,,,The Grandmaster; The 10th Victim; Eat Drink Man Woman,actor; drama; comedy; action,,,,,,,,,,,
Kurtwood Smith,2115,https://image.tmdb.org/t/p/w500/7dqsk4NYbNZNnmppv2zPuf1hKBn.jpg,3.2519,3,male,,,Dead Poets Society; RoboCop; Rambo III,actor; action; thriller; drama,,,,,,,,,,,
Cliff Curtis,7248,https://image.tmdb.org/t/p/w500/3D6qz8vL6DWHAO3HeXeaSuwxq3s.jpg,2.9143,3,male,,,Fear the Walking Dead; Avatar: The Way of Water; The Meg,actor; action; sci-fi; drama,,,,,,,,,,,
Sarah Woodward,1229033,https://image.tmdb.org/t/p/w500/fgT8sn3NnXbs33eQCBm6VIuPSGh.jpg,2.0796,3,female,,,Supernova; Professor T; House of the Dragon,actor; drama; romance; crime,,,,,,,,,,,
Kevin Alejandro,116474,https://image.tmdb.org/t/p/w500/bh4aQqP7kJzL2Ls9tj5OmhsBlqi.jpg,3.2505,3,male,,,Lucifer; Arcane; Constantine,actor; crime; animation; fantasy,,,,,,,,,,,
Jyotirmoyee Kundu,5831503,https://image.tmdb.org/t/p/w500/s9sjqWUY0JFIoQKMoRACCM5nS8U.jpg,3.1850,3,female,,,Projapati 2; Prince: Once Upon a Time in Dhaka,actor; drama; family; crime,,,,,,,,,,,
Clément Moreau,1407182,https://image.tmdb.org/t/p/w500/r363ak2j8lez6X0BDYccZrHGkt7.jpg,1.4569,3,male,,,La Belle Époque; Fastlife; The Storyteller,actor; comedy; drama,,,,,,,,,,,
Wang Anyu,2482605,https://image.tmdb.org/t/p/w500/7ai55C0CoOdzOlkAOpfatW5xuh.jpg,3.2103,3,male,,,The Return of the Lame Hero; Forever Love; The Last Immortal,actor; drama; crime; comedy,,,,,,,,,,,
Chloe Avakian,2607400,https://image.tmdb.org/t/p/w500/kHHLdCWHTsNWCMrxX3zT8prIk1T.jpg,2.9353,3,female,,,Secret Society of Second-Born Royals; This Is Not a Test; My Fatal Social Following,actor; thriller; action; adventure,,,,,,,,,,,
Lucas Till,429,https://image.tmdb.org/t/p/w500/5m8xgsOgT3FgCBo2AsMn7dewe57.jpg,3.0730,3,male,,,X-Men: First Class; X-Men: Apocalypse; MacGyver,actor; action; sci-fi; adventure,,,,,,,,,,,
Dai Gaozheng,3693678,https://image.tmdb.org/t/p/w500/yku8OmgfaJDVkEKH8laynjU54um.jpg,3.2533,3,male,,,Forever Love; Maid's Revenge; Rainforest Passions,actor; drama; mystery,,,,,,,,,,,
Hugo Weaving,1331,https://image.tmdb.org/t/p/w500/lSC8Et0PYi5zeQb3IpPkFje7hgR.jpg,3.2469,3,male,,,V for Vendetta; The Matrix; Captain America: The First Avenger,actor; action; sci-fi; thriller,,,,,,,,,,,
Anamaria Vartolomei,1021689,https://image.tmdb.org/t/p/w500/u2LZZgiXkUnB1zdauW6qidWLVuP.jpg,3.4034,3,female,,,Mickey 17; Happening; The Count of Monte Cristo,actor; adventure; drama; sci-fi,,,,,,,,,,,
James Garner,16896,https://image.tmdb.org/t/p/w500/8186fvIAGrIGqnvb49CgULo34G4.jpg,3.2453,3,male,,,The Notebook; Atlantis: The Lost Empire; The Great Escape,actor; drama; adventure; romance,,,,,,,,,,,
Claudia Black,26054,https://image.tmdb.org/t/p/w500/xDXr8E1DM1ibfR8K9E9ccjysM7P.jpg,3.2450,3,female,,,Pitch Black; Rango; Farscape,actor; thriller; sci-fi; action,,,,,,,,,,,
Steve Howey,81388,https://image.tmdb.org/t/p/w500/sbAG1WZHlUdky7ABi1054ExRC1w.jpg,3.2444,3,male,,,Bride Wars; Stan Helsing; Shameless,actor; comedy; romance; horror,,,,,,,,,,,
Rashida Jones,80591,https://image.tmdb.org/t/p/w500/cgWGm9eYCretBWeljPVtpRV7n6V.jpg,3.2431,3,female,,,The Grinch; The Social Network; Klaus,actor; family; comedy; animation,,,,,,,,,,,
Jan Nowicki,72373,https://image.tmdb.org/t/p/w500/x1ZIkhGNqxMGHxFmybk4hD9zaVD.jpg,3.2430,3,male,,,The Hourglass Sanatorium; The Third Part of the Night; Sztos,actor; drama; horror; fantasy,,,,,,,,,,,
Maria Kalamiotou,2247640,https://image.tmdb.org/t/p/w500/9uJbDsAwymmlwjGyDoDCKcUhONW.jpg,3.2429,3,female,,,The Counterfeit Coin,actor; comedy; romance; drama,,,,,,,,,,,
Hina Youmiya,2956795,https://image.tmdb.org/t/p/w500/tOy21NTNnKuZG48JCL673tTP16z.jpg,3.2422,3,female,,,The Dangers in My Heart; BanG Dream! It's MyGO!!!!!; Giant Beasts of ARS,actor; animation; drama; comedy,,,,,,,,,,,
Danny Deng,150166,https://image.tmdb.org/t/p/w500/zFcxz9W0ub3UUTerz7rlTeEfJ75.jpg,3.2420,3,male,,,Yi Yi; Dust in the Wind; A Confucian Confusion,actor; drama; romance; comedy,,,,,,,,,,,
Liana Rosales,5630056,https://image.tmdb.org/t/p/w500/3nloNwJjQuV6dI0yt5c9Not2Ymq.jpg,3.2404,3,female,,,Whisper of the Flesh; Madulas,actor; drama; fantasy,,,,,,,,,,,
Maria Bello,49,https://image.tmdb.org/t/p/w500/it1f5mxiGIWO0DzTBfwtLTjphZb.jpg,3.2398,3,female,,,Prisoners; The Mummy: Tomb of the Dragon Emperor; Lights Out,actor; drama; thriller; crime,,,,,,,,,,,
Shek Sau,146297,https://image.tmdb.org/t/p/w500/fdi8KdH4U90GA3EqJS2UNlHoRHG.jpg,3.2388,3,male,,,So Close; Shock Wave; Pavilion of Women,actor; action; thriller; crime,,,,,,,,,,,
Mei Nagano,1115068,https://image.tmdb.org/t/p/w500/vexy1AF1wedrDifb9pbguiry4vU.jpg,3.2378,3,female,,,NiNoKuni; Daytime Shooting Star; Rurouni Kenshin Part I: Origins,actor; action; adventure; fantasy,,,,,,,,,,,
Calum Grant,204445,https://image.tmdb.org/t/p/w500/5bjbGZsygfVhy7N2fnp0RoiO4k0.jpg,3.2372,3,male,,,Soul; The Good Dinosaur; San Andreas,actor; animation; family; drama,,,,,,,,,,,
Leelee Sobieski,22290,https://image.tmdb.org/t/p/w500/gec4o10UZZFCtTGAtebcNR4g0PF.jpg,3.2367,3,female,,,The Glass House; Eyes Wide Shut; Joy Ride,actor; drama; thriller; mystery,,,,,,,,,,,
Justin Theroux,15009,https://image.tmdb.org/t/p/w500/vnI9L0rXBAw1HeC0Q8hJGeJMGAW.jpg,3.2365,3,male,,,American Psycho; Mulholland Drive; The Girl on the Train,actor; thriller; drama; crime,,,,,,,,,,,
Géza Röhrig,1454942,https://image.tmdb.org/t/p/w500/3XrYcL5wC1wQnmqJautgZK3XuiM.jpg,3.2362,3,male,,,Son of Saul; Marty Supreme; Resistance,actor; drama; war; thriller,,,,,,,,,,,
Elizabeth Perkins,20,https://image.tmdb.org/t/p/w500/vTWYllD9V76rgv9XAbtkkjjeunG.jpg,3.2354,3,female,,,Big; Finding Nemo; The Flintstones,actor; fantasy; comedy; family,,,,,,,,,,,
Laura Surrich,1949148,https://image.tmdb.org/t/p/w500/fbXZxpfIYjN0uexfAELkOVPx1bi.jpg,3.2332,3,female,,,King Kong; Spartacus; The Cure,actor; drama; action; adventure,,,,,,,,,,,
Candy Veloso,4676098,,3.6477,3,female,,,Init; Pin/Ya; Dirty Ice Cream,actor; drama,,,,,,,,,,,
Anna Camp,221098,https://image.tmdb.org/t/p/w500/32H0SJbTK3tvLVgf3X1aiaUdcxe.jpg,3.2108,3,female,,,Pitch Perfect; The Help; You,actor; drama; comedy; music,,,,,,,,,,,
Tito Goya,90441,,3.2103,3,male,,,"Marathon Man; Fort Apache, the Bronx; All That Jazz",actor; drama; crime; thriller,,,,,,,,,,,
Juliette Binoche,1137,https://image.tmdb.org/t/p/w500/htdZZIroEyJaeHQAUTqokNfkPgl.jpg,3.2078,3,female,,,Chocolat; Godzilla; Three Colors: Blue,actor; drama; comedy; romance,,,,,,,,,,,
Lee Hye-ri,1413827,https://image.tmdb.org/t/p/w500/5F5tjTAvpBcdVdhI9kGjlJY00fY.jpg,2.7107,3,female,,,Reply 1988; Friendly Rivalry; Monstrum,actor; drama; comedy; mystery,,,,,,,,,,,
Shioli Kutsuna,230660,https://image.tmdb.org/t/p/w500/5EdMbcRIemzLszjEr36Ic0Obmdb.jpg,3.2061,3,female,,,Deadpool 2; Invasion; Deadpool & Wolverine,actor; action; comedy; adventure,,,,,,,,,,,
Hochu Otsuka,552683,https://image.tmdb.org/t/p/w500/3RHQcrsWnAFK6AifSis1lMq08cR.jpg,3.2059,3,male,,,Naruto Shippūden; Castle in the Sky; Naruto,actor; animation; adventure; fantasy,,,,,,,,,,,
Spencer House,1732426,https://image.tmdb.org/t/p/w500/h7MvmWQgQsaYicZ0gdTzbgnvblO.jpg,1.5325,3,male,,,The Big Sick; The Society; Tell Me Lies,actor; drama; comedy; romance,,,,,,,,,,,
Hunter Schafer,2340180,https://image.tmdb.org/t/p/w500/4sbV2ClkEGI3jTWlRhMXhUezhCb.jpg,3.3443,3,female,,,Euphoria; The Hunger Games: The Ballad of Songbirds & Snakes; Cuckoo,actor; drama; sci-fi; action,,,,,,,,,,,
Giovanna Romo,2327551,https://image.tmdb.org/t/p/w500/6GzWJpSeXBl4A9ulqP13BsBtK3u.jpg,3.9147,3,female,,,Winner Takes the Cake; Me vuelves loca; Divine Intervention,actor; comedy,,,,,,,,,,,
Angela White,1465528,https://image.tmdb.org/t/p/w500/sWI6etyiCVOToC3WLG5XELmeLvM.jpg,3.2010,3,female,,,Knockaround Guys; The Northlander; Project: Shadowchaser,actor; thriller; sci-fi; crime,,,,,,,,,,,
Yang Chaoyue,2396870,https://image.tmdb.org/t/p/w500/fIqlPh8S13ttFRTnHC2XZnmGc4C.jpg,2.9837,3,female,,,Love You Seven Times; Fireworks of My Heart; Midsummer is Full of Love,actor; drama,,,,,,,,,,,
Sandra Taylor,32291,https://image.tmdb.org/t/p/w500/8NHNTDoOEkL0JaTrN9uq6T6J3Fk.jpg,3.2217,3,female,,,L.A. Confidential; Batman & Robin; Runaway Bride,actor; crime; mystery; thriller,,,,,,,,,,,
Li Wei,146096,https://image.tmdb.org/t/p/w500/4Fy8ARRAzXq0Fatfr3bgoaPw9jW.jpg,3.2204,3,male,,,Ju Dou; Spring in a Small Town; The True Story of Ah Q,actor; drama; romance,,,,,,,,,,,
Britt Robertson,52018,https://image.tmdb.org/t/p/w500/2dvBB0F4NiS2Clxmv5mo9TvQLty.jpg,3.2197,3,female,,,Tomorrowland; The Longest Ride; The Space Between Us,actor; adventure; sci-fi; drama,,,,,,,,,,,
Ellise Chappell,1727934,https://image.tmdb.org/t/p/w500/aiEIDSUMLY8fZDxI3ODPJ75p9Ns.jpg,3.2187,3,female,,,Yesterday; The Last Dragonslayer; Young Wallander,actor; fantasy; comedy; music,,,,,,,,,,,
Jeremy Hoop,1070523,https://image.tmdb.org/t/p/w500/qkgZKm7SH3VoUhn7d06gg60O5gy.jpg,3.2176,3,male,,,Love Everlasting; Charly; The Testaments of One Fold and One Shepherd,actor; drama; romance; comedy,,,,,,,,,,,
Olivia Cooke,1173984,https://image.tmdb.org/t/p/w500/7LYm4jGDq8IxAe4D6TTPkWwU0Ft.jpg,3.2170,3,female,,,Ready Player One; Me and Earl and the Dying Girl; Sound of Metal,actor; drama; adventure; action,,,,,,,,,,,
Cristin Milioti,204392,https://image.tmdb.org/t/p/w500/54vq2oKWfVR7YZZeoY5j47hTZxW.jpg,3.2165,3,female,,,The Wolf of Wall Street; Palm Springs; How I Met Your Mother,actor; comedy; crime; drama,,,,,,,,,,,
Jun Kunimura,2541,https://image.tmdb.org/t/p/w500/zC0GbuXQGPur7i8AkdPUWedmDKz.jpg,3.2163,3,male,,,Kill Bill: Vol. 1; Kill Bill: Vol. 2; Audition,actor; action; crime; thriller,,,,,,,,,,,
Nick Frost,11109,https://image.tmdb.org/t/p/w500/2CHS4t6miNGLgMQAjhFqb4fFuKS.jpg,3.2159,3,male,,,Shaun of the Dead; Hot Fuzz; Paul,actor; comedy; horror; crime,,,,,,,,,,,
Kasumi Arimura,1039305,https://image.tmdb.org/t/p/w500/wgRmACLMYhZWmMOaGUmUUMYPDTG.jpg,3.2158,3,female,,,When Marnie Was There; Rurouni Kenshin: The Beginning; I Am a Hero,actor; drama; action; animation,,,,,,,,,,,
Richard Harris,194,https://image.tmdb.org/t/p/w500/lCvcVMuxrg1f5A8OMqY9AqkkcZR.jpg,3.2147,3,male,,,Harry Potter and the Philosopher's Stone; Gladiator; Harry Potter and the Chamber of Secrets,actor; adventure; fantasy; action,,,,,,,,,,,
Cui Yuxin,2730675,https://image.tmdb.org/t/p/w500/hy88IB9C0TFZH16m2aoplKEfFwx.jpg,3.2144,3,male,,,Lighter and Princess; Affinity; Liars in Love,actor; drama,,,,,,,,,,,
Ed Skrein,1047649,https://image.tmdb.org/t/p/w500/btJvbQbWf3ciYM4SM5tMWSJEkXX.jpg,3.2143,3,male,,,Deadpool; Midway; Alita: Battle Angel,actor; action; adventure; comedy,,,,,,,,,,,
Katie Cassidy,55775,https://image.tmdb.org/t/p/w500/v7cs7RFcfoiL8W1YRkZK5lBc57H.jpg,3.2132,3,female,,,Arrow; Monte Carlo; Taken,actor; crime; drama; adventure,,,,,,,,,,,
Sayaka Ohara,148447,https://image.tmdb.org/t/p/w500/4WQXLzj0gjYqkYFcTTxAkIwedvr.jpg,3.2119,3,female,,,Your Name.; xxxHOLiC; Fairy Tail,actor; animation; romance; drama,,,,,,,,,,,
Jeffrey Wright,2954,https://image.tmdb.org/t/p/w500/yGcuHGW4glqRpOPxgiCvjcren7F.jpg,3.2119,3,male,,,What If...?; The Batman; Casino Royale,actor; thriller; animation; crime,,,,,,,,,,,
Carolin Kebekus,220754,https://image.tmdb.org/t/p/w500/82z2QGHvY8t4Koej2PtYaDxMRnr.jpg,2.9872,3,female,,,"It’s Your Turn, Honey!; Coconut The Little Dragon: Into The Jungle; Carolin Kebekus: The Last Christmas Special",actor; comedy; animation; family,,,,,,,,,,,
Adrianne Palicki,88995,https://image.tmdb.org/t/p/w500/qjONLp73Z5tvbuMe9g18Mb9hI0J.jpg,3.1498,3,female,,,Supernatural; John Wick; G.I. Joe: Retaliation,actor; action; thriller; drama,,,,,,,,,,,
Philip Seymour Hoffman,1233,https://image.tmdb.org/t/p/w500/50rqDkmvXwjwVhFH7q6ph2Rkw7S.jpg,3.2134,3,male,,,Mission: Impossible III; The Hunger Games: Mockingjay - Part 1; The Hunger Games: Catching Fire,actor; adventure; action; thriller,,,,,,,,,,,
Patricia Arquette,4687,https://image.tmdb.org/t/p/w500/jeThSouMatiuRiLkjDvSBLHpmq0.jpg,3.0284,3,female,,,The Act; Lost Highway; Boyhood,actor; drama; crime; thriller,,,,,,,,,,,
Manon Azem,1588454,https://image.tmdb.org/t/p/w500/81ZofzaZlQ4XKOR9PklmJKEdhcA.jpg,3.2721,3,female,,,Burn Out; Gangsterdam; Friendzone,actor; action; comedy; thriller,,,,,,,,,,,
Melissa Benoist,129104,https://image.tmdb.org/t/p/w500/fUPIkDDVmyZPejPu67HyfdDar9W.jpg,2.8096,3,female,,,Supergirl; Whiplash; The Longest Ride,actor; drama; music; thriller,,,,,,,,,,,
Reza Rahadian,121996,https://image.tmdb.org/t/p/w500/vqGy75o35RBQHGmWAQtGtS3bR8E.jpg,2.8798,3,male,,,24 Hours with Gaspar; Sri Asih; The Most Beautiful Girl in the World,actor; action; drama; sci-fi,,,,,,,,,,,
Melissa Roxburgh,1006731,https://image.tmdb.org/t/p/w500/8RE7Wtgi8tiNU7oJLlLadKmMkwq.jpg,3.3024,3,female,,,Manifest; Star Trek Beyond; Mindcage,actor; mystery; drama; action,,,,,,,,,,,
David Strathairn,11064,https://image.tmdb.org/t/p/w500/w5YM2cGefPnkoyIXCi2UrCQW53r.jpg,3.0507,3,male,,,The Bourne Ultimatum; Nomadland; Fracture,actor; drama; thriller; action,,,,,,,,,,,
Albert Hague,32390,https://image.tmdb.org/t/p/w500/6SN8D2nJAcx9QUPauxA7ODgYekV.jpg,1.9741,3,male,,,Space Jam; Fame; The Story of Us,actor; comedy; drama; animation,,,,,,,,,,,
Nenad Heraković,1050849,https://image.tmdb.org/t/p/w500/fAwM9pDqY90ixiB3iPwKOglwxVv.jpg,3.2667,3,male,,,A Serbian Film; Papillon; Black Sun,actor; crime; drama; horror,,,,,,,,,,,
Gala Caldirola,3136435,https://image.tmdb.org/t/p/w500/hBQNsnYGPdg0RWIuafvohvFrChG.jpg,2.3169,3,female,,,¿Ganar o servir?; Supervivientes; ¡Qué dice Chile!,actor,,,,,,,,,,,
Aimee-Ffion Edwards,1224269,https://image.tmdb.org/t/p/w500/iwk8yjyWd46R5BFAYQLImFUvlHh.jpg,3.0656,3,female,,,Luther; Slow Horses; Skins,actor; drama; crime; comedy,,,,,,,,,,,
Kim Director,4889,https://image.tmdb.org/t/p/w500/va3lHRPsyhA2jwb7sUIu0Kxngmy.jpg,3.1695,3,female,,,Book of Shadows: Blair Witch 2; Inside Man; Split,actor; horror; thriller; mystery,,,,,,,,,,,
Jojo Regina,3052590,https://image.tmdb.org/t/p/w500/l0GnCofXRUqBXsS4TfkWbpCAHkj.jpg,1.5575,3,female,,,Where the Crawdads Sing; What We Hide; The Chosen,actor; drama; mystery; romance,,,,,,,,,,,
Thea Sofie Loch Næss,1384976,https://image.tmdb.org/t/p/w500/fzd0RI8Vnsw1LoG81YthvdnaeJD.jpg,3.1288,3,female,,,The Ugly Stepsister; The Last Kingdom; La Palma,actor; drama; horror; comedy,,,,,,,,,,,
Sreekanth Vettiyar,3291116,,3.1674,3,male,,,Super Sharanya; Odum Kuthira Chadum Kuthira; Four Thieves,actor; comedy; romance; drama,,,,,,,,,,,
Mélanie Bernier,132431,https://image.tmdb.org/t/p/w500/83BOjMLKFv7ygHmtyVNuNJ1oUA6.jpg,3.1672,3,female,,,Blind Date; Love Addict; Delicacy,actor; comedy; romance; drama,,,,,,,,,,,
Magi Avila,554633,https://image.tmdb.org/t/p/w500/8fR1S23E6L10M1WRVJEG1V88Ey7.jpg,3.1659,3,female,,,First Kill; Dog Eat Dog; I Do...Knot,actor; thriller; crime; drama,,,,,,,,,,,
Annie Wersching,159431,https://image.tmdb.org/t/p/w500/xOTYKQp0pn7Q1XBgtbzo2yj6uWd.jpg,3.1625,3,female,,,Bruce Almighty; Marvel's Runaways; Bosch,actor; drama; fantasy; comedy,,,,,,,,,,,
Jean Dujardin,56024,https://image.tmdb.org/t/p/w500/iPtSWWoO8vajj6fIUQLQeuGOCsk.jpg,3.2416,3,male,,,"The Artist; The Wolf of Wall Street; OSS 117: Cairo, Nest of Spies",actor; comedy; drama; crime,,,,,,,,,,,
Billie Eilish,2413513,https://image.tmdb.org/t/p/w500/4K69OtW6PVQ8gDozNB9Ja4j5iQS.jpg,3.0981,3,female,,,Billie Eilish: The World's a Little Blurry; Happier Than Ever: A Love Letter to Los Angeles; When Billie Met Lisa,actor; music; documentary; animation,,,,,,,,,,,
Tom Rodriguez,1357102,https://image.tmdb.org/t/p/w500/6Wo3bKcZMRDqJzjTSHlDb1bYYfO.jpg,1.7613,3,,,,My Husband's Lover; Bekikang: Ang Nanay Kong Beki; The Significant Other,actor; drama; comedy; romance,,,,,,,,,,,
Tina Cote,94648,,3.3182,3,female,,,Bram Stoker's Dracula; Barb Wire; Mean Guns,actor; action; romance; horror,,,,,,,,,,,
Aleksey Serebryakov,113332,https://image.tmdb.org/t/p/w500/ch67oszo5D7lK64xnDp9JFcmGLp.jpg,3.1832,3,male,,,Nobody; Leviathan; Anora,actor; drama; action; thriller,,,,,,,,,,,
Tan Songyun,1614218,https://image.tmdb.org/t/p/w500/yYMnfaIix23U51z21EJhznq3DHN.jpg,3.3199,3,female,,,Go Ahead; Love O2O; With You,actor; drama; comedy; family,,,,,,,,,,,
Heitor Martinez,1264364,https://image.tmdb.org/t/p/w500/dwXBwOv4uUl0aAakk0zvHyXtUHd.jpg,3.7467,3,male,,,Minha Vida em Marte; The Ten Commandments: The Movie; Federal Bank Heist,actor; drama; comedy; romance,,,,,,,,,,,
Sreelatha Namboothiri,591076,https://image.tmdb.org/t/p/w500/yjouVpWgk5Agc3N2t6ZIo81FdPL.jpg,3.2274,3,male,,,Ambili; Puthiya Niyamam; Nizhal,actor; thriller; comedy; drama,,,,,,,,,,,
Kikuko Inoue,101913,https://image.tmdb.org/t/p/w500/pPxGWy53FgYSC79zmxblmHe0gI3.jpg,2.6703,3,female,,,Kiki's Delivery Service; The Rising of the Shield Hero; Please Teacher!,actor; animation; drama; family,,,,,,,,,,,
David Hasselhoff,28238,https://image.tmdb.org/t/p/w500/d2tUPhLNlS6xZcPLEIvcnpGOUpe.jpg,2.9445,3,male,,,Click; Knight Rider; Baywatch,actor; comedy; drama; crime,,,,,,,,,,,
Valerie Kaplanová,103144,https://image.tmdb.org/t/p/w500/znpC9CkMj1S3mhCrbMPTv1KrM5p.jpg,3.2222,3,female,,,"Jára Cimrman Lying, Sleeping; Howling II: Stirba - Werewolf Bitch; Sun, Hay and a Couple of Slaps",actor; comedy; thriller; horror,,,,,,,,,,,
Chung Su-bin,2400820,https://image.tmdb.org/t/p/w500/tUZ3nSbdHxOTTx8GGkOmaTzMUyB.jpg,2.9596,3,female,,,Revenge of Others; Friendly Rivalry; Island,actor; drama; mystery,,,,,,,,,,,
Lance Reddick,129101,https://image.tmdb.org/t/p/w500/22mVtEXZbpt0J7S0LhIhdkfRrZV.jpg,2.7199,3,male,,,John Wick: Chapter 2; John Wick: Chapter 3 - Parabellum; John Wick,actor; action; thriller; crime,,,,,,,,,,,
Jason Schwartzman,17881,https://image.tmdb.org/t/p/w500/gCjMdmW1DiPAClHVl4zHEIffIsE.jpg,3.0433,3,male,,,Klaus; Rushmore; Asteroid City,actor; comedy; drama; animation,,,,,,,,,,,
Josephine Langford,1753914,https://image.tmdb.org/t/p/w500/p0vn5FK4JZpfIC0DrtFCqDsV7nB.jpg,3.3215,3,female,,,After; After We Collided; After We Fell,actor; romance; drama,,,,,,,,,,,
Amy Yip Chi-Mei,231909,,2.6965,3,female,,,Erotic Ghost Story; Robotrix; Sex and Zen,actor; drama; comedy; romance,,,,,,,,,,,
Charles Bonet,150654,https://image.tmdb.org/t/p/w500/bIlaSndu9sm3uvrHZiK1tDTBVh4.jpg,3.0100,3,male,,,Don't Go in the House; Death Promise; Fists of Bruce Lee,actor; action; horror; crime,,,,,,,,,,,